ISO-10303-21;
HEADER;
/* Generated by software containing ST-Developer
 * from STEP Tools, Inc. (www.steptools.com) 
 */
/* OPTION: using custom renumber hook */

FILE_DESCRIPTION(
/* description */ ('STEP AP242 Edition 2',
'CAx-IF Rec.Pracs.---Representation and Presentation of Product Manufa
cturing Information (PMI)---4.0---2014-10-13',
'CAx-IF Rec.Pracs.---3D Tessellated Geometry---0.4---2014-09-14','2;1',
'CAx-IF Rec.Pracs.---User Defined Attributes---1.5---2016-08-15'),
/* implementation_level */ '2;1');

FILE_NAME(
/* name */ '69265e35760dd2aae41b3893',
/* time_stamp */ '2025-11-26T01:56:06Z',
/* author */ (''),
/* organization */ (''),
/* preprocessor_version */ 'ST-DEVELOPER v20',
/* originating_system */ 'ONSHAPE BY PTC INC, 1.207',
/* authorisation */ '  ');

FILE_SCHEMA (('AP242_MANAGED_MODEL_BASED_3D_ENGINEERING_MIM_LF { 1 0 10303 442 3 1 4 }'));
ENDSEC;

DATA;
#10=CONTEXT_DEPENDENT_SHAPE_REPRESENTATION(#12,#4437);
#11=NEXT_ASSEMBLY_USAGE_OCCURRENCE('NAUO1','earthing','earthing',#4438,
#4439,'');
#12=(
REPRESENTATION_RELATIONSHIP(' ',' ',#1582,#1581)
REPRESENTATION_RELATIONSHIP_WITH_TRANSFORMATION(#13)
SHAPE_REPRESENTATION_RELATIONSHIP()
);
#13=ITEM_DEFINED_TRANSFORMATION(' ',' ',#1583,#1659);
#14=SHAPE_REPRESENTATION_RELATIONSHIP('','',#1582,#15);
#15=ADVANCED_BREP_SHAPE_REPRESENTATION('',(#1578),#4426);
#16=ORIENTED_CLOSED_SHELL('',*,#1569,.F.);
#17=(
BOUNDED_SURFACE()
B_SPLINE_SURFACE(3,2,((#3769,#3770,#3771),(#3772,#3773,#3774),(#3775,#3776,
#3777),(#3778,#3779,#3780),(#3781,#3782,#3783),(#3784,#3785,#3786),(#3787,
#3788,#3789),(#3790,#3791,#3792),(#3793,#3794,#3795),(#3796,#3797,#3798),
(#3799,#3800,#3801),(#3802,#3803,#3804),(#3805,#3806,#3807),(#3808,#3809,
#3810),(#3811,#3812,#3813),(#3814,#3815,#3816),(#3817,#3818,#3819),(#3820,
#3821,#3822),(#3823,#3824,#3825),(#3826,#3827,#3828),(#3829,#3830,#3831),
(#3832,#3833,#3834),(#3835,#3836,#3837),(#3838,#3839,#3840),(#3841,#3842,
#3843),(#3844,#3845,#3846),(#3847,#3848,#3849),(#3850,#3851,#3852),(#3853,
#3854,#3855),(#3856,#3857,#3858),(#3859,#3860,#3861),(#3862,#3863,#3864),
(#3865,#3866,#3867),(#3868,#3869,#3870),(#3871,#3872,#3873),(#3874,#3875,
#3876),(#3877,#3878,#3879),(#3880,#3881,#3882),(#3883,#3884,#3885)),
 .UNSPECIFIED.,.F.,.F.,.F.)
B_SPLINE_SURFACE_WITH_KNOTS((4,1,1,1,1,1,1,1,1,1,1,1,1,1,1,1,1,1,1,1,1,
1,1,1,1,1,1,1,1,1,1,1,1,1,1,1,4),(3,3),(0.073120742259651,0.0823726985251388,
0.0916246547906267,0.0962506329233706,0.100876611056115,0.103189600122487,
0.105502589188858,0.10781557825523,0.110128567321602,0.114754545454346,
0.11938052358709,0.124006501719834,0.128632479852578,0.13094546891895,0.133258457985322,
0.135571447051694,0.137884436118066,0.140197425184438,0.141353919717624,
0.14251041425081,0.143666908783996,0.144245156050589,0.144823403317182,
0.145401650583775,0.145690774217071,0.145979897850368,0.146269021483664,
0.146413583300313,0.146558145116961,0.146630426025285,0.146666566479447,
0.146702706933609,0.146738847387771,0.146774987841933,0.146847268750257,
0.146991830566906,0.147136392383554),(0.,1.),.UNSPECIFIED.)
GEOMETRIC_REPRESENTATION_ITEM()
RATIONAL_B_SPLINE_SURFACE(((1.,0.707110211692697,1.),(1.,0.707049065983837,
1.),(1.,0.706871420730576,1.),(1.,0.707986179522689,1.),(1.,0.711869083648829,
1.),(1.,0.717711916768431,1.),(1.,0.725513632206382,1.),(1.,0.732549599691864,
1.),(1.,0.73670692237531,1.),(1.,0.74318006837173,1.),(1.,0.748100465723551,
1.),(1.,0.770112434201224,1.),(1.,0.773045453700099,1.),(1.,0.764274781225455,
1.),(1.,0.753589885102774,1.),(1.,0.741368779943376,1.),(1.,0.723805903305671,
1.),(1.,0.688351002439127,1.),(1.,0.659147032497002,1.),(1.,0.64386552901363,
1.),(1.,0.640166194189717,1.),(1.,0.646937247556324,1.),(1.,0.667779770667907,
1.),(1.,0.686468890668494,1.),(1.,0.700037393877755,1.),(1.,0.709567921158431,
1.),(1.,0.715805928739035,1.),(1.,0.720178960745892,1.),(1.,0.723086033378228,
1.),(1.,0.724851093566943,1.),(1.,0.726166774912942,1.),(1.,0.727493644541708,
1.),(1.,0.728316289918805,1.),(1.,0.733378174153816,1.),(1.,0.73418375035035,
1.),(1.,0.736948572591949,1.),(1.,0.738482337086271,1.),(1.,0.738944487393141,
1.),(1.,0.738996285175554,1.)))
REPRESENTATION_ITEM('')
SURFACE()
);
#18=(
BOUNDED_SURFACE()
B_SPLINE_SURFACE(3,2,((#3896,#3897,#3898),(#3899,#3900,#3901),(#3902,#3903,
#3904),(#3905,#3906,#3907),(#3908,#3909,#3910),(#3911,#3912,#3913),(#3914,
#3915,#3916),(#3917,#3918,#3919),(#3920,#3921,#3922),(#3923,#3924,#3925),
(#3926,#3927,#3928),(#3929,#3930,#3931),(#3932,#3933,#3934),(#3935,#3936,
#3937),(#3938,#3939,#3940),(#3941,#3942,#3943),(#3944,#3945,#3946),(#3947,
#3948,#3949),(#3950,#3951,#3952),(#3953,#3954,#3955),(#3956,#3957,#3958),
(#3959,#3960,#3961),(#3962,#3963,#3964),(#3965,#3966,#3967),(#3968,#3969,
#3970),(#3971,#3972,#3973),(#3974,#3975,#3976),(#3977,#3978,#3979),(#3980,
#3981,#3982),(#3983,#3984,#3985),(#3986,#3987,#3988),(#3989,#3990,#3991),
(#3992,#3993,#3994),(#3995,#3996,#3997),(#3998,#3999,#4000),(#4001,#4002,
#4003),(#4004,#4005,#4006),(#4007,#4008,#4009),(#4010,#4011,#4012),(#4013,
#4014,#4015)),.UNSPECIFIED.,.F.,.F.,.F.)
B_SPLINE_SURFACE_WITH_KNOTS((4,1,1,1,1,1,1,1,1,1,1,1,1,1,1,1,1,1,1,1,1,
1,1,1,1,1,1,1,1,1,1,1,1,1,1,1,1,4),(3,3),(0.0763967177049817,0.0786304886150099,
0.0808642595250381,0.0830980304350663,0.0853318013450945,0.0875655722551227,
0.089799343165151,0.0942668849852074,0.0965006558952356,0.0987344268052638,
0.100968197715292,0.10320196862532,0.105435739535348,0.107669510445377,
0.112137052265433,0.11660459408549,0.121072135905546,0.125539677725602,
0.130007219545659,0.132240990455687,0.134474761365715,0.136708532275743,
0.138942303185772,0.140059188640786,0.1411760740958,0.142292959550814,0.143409845005828,
0.143968287733335,0.144526730460842,0.145085173188349,0.145643615915856,
0.14592283727961,0.146202058643363,0.146481280007117,0.14676050137087,0.147039722734624,
0.147318944098377,0.147877386825885),(0.,1.),.UNSPECIFIED.)
GEOMETRIC_REPRESENTATION_ITEM()
RATIONAL_B_SPLINE_SURFACE(((1.,0.706923162223842,1.),(1.,0.70685147010708,
1.),(1.,0.706629581821288,1.),(1.,0.706979687865696,1.),(1.,0.708300658042208,
1.),(1.,0.707929309639523,1.),(1.,0.706628988730674,1.),(1.,0.706476470303492,
1.),(1.,0.705000025742677,1.),(1.,0.698842508038555,1.),(1.,0.695209977119737,
1.),(1.,0.68896377087757,1.),(1.,0.683431750166381,1.),(1.,0.681566072109229,
1.),(1.,0.670931381353517,1.),(1.,0.661581803765402,1.),(1.,0.653130140584584,
1.),(1.,0.62733453333187,1.),(1.,0.636392169748589,1.),(1.,0.646984481288017,
1.),(1.,0.661753249367698,1.),(1.,0.677187920825609,1.),(1.,0.700635393431278,
1.),(1.,0.730557119406822,1.),(1.,0.749472040242316,1.),(1.,0.761158345679606,
1.),(1.,0.769044412252057,1.),(1.,0.769934973439261,1.),(1.,0.757987213641858,
1.),(1.,0.733258619473236,1.),(1.,0.709965687440919,1.),(1.,0.703113231161374,
1.),(1.,0.707488512802685,1.),(1.,0.714963622328638,1.),(1.,0.723451951460713,
1.),(1.,0.728331110656197,1.),(1.,0.73196824472705,1.),(1.,0.7381060950633,
1.),(1.,0.738840783950065,1.),(1.,0.738997160039029,1.)))
REPRESENTATION_ITEM('')
SURFACE()
);
#19=(
BOUNDED_SURFACE()
B_SPLINE_SURFACE(3,2,((#4021,#4022,#4023),(#4024,#4025,#4026),(#4027,#4028,
#4029),(#4030,#4031,#4032),(#4033,#4034,#4035),(#4036,#4037,#4038),(#4039,
#4040,#4041),(#4042,#4043,#4044),(#4045,#4046,#4047),(#4048,#4049,#4050),
(#4051,#4052,#4053),(#4054,#4055,#4056),(#4057,#4058,#4059),(#4060,#4061,
#4062),(#4063,#4064,#4065),(#4066,#4067,#4068),(#4069,#4070,#4071),(#4072,
#4073,#4074),(#4075,#4076,#4077),(#4078,#4079,#4080),(#4081,#4082,#4083),
(#4084,#4085,#4086),(#4087,#4088,#4089),(#4090,#4091,#4092),(#4093,#4094,
#4095),(#4096,#4097,#4098),(#4099,#4100,#4101),(#4102,#4103,#4104),(#4105,
#4106,#4107),(#4108,#4109,#4110),(#4111,#4112,#4113),(#4114,#4115,#4116),
(#4117,#4118,#4119),(#4120,#4121,#4122),(#4123,#4124,#4125),(#4126,#4127,
#4128),(#4129,#4130,#4131),(#4132,#4133,#4134),(#4135,#4136,#4137),(#4138,
#4139,#4140),(#4141,#4142,#4143),(#4144,#4145,#4146),(#4147,#4148,#4149),
(#4150,#4151,#4152),(#4153,#4154,#4155),(#4156,#4157,#4158),(#4159,#4160,
#4161),(#4162,#4163,#4164),(#4165,#4166,#4167),(#4168,#4169,#4170),(#4171,
#4172,#4173),(#4174,#4175,#4176),(#4177,#4178,#4179),(#4180,#4181,#4182),
(#4183,#4184,#4185),(#4186,#4187,#4188),(#4189,#4190,#4191),(#4192,#4193,
#4194),(#4195,#4196,#4197),(#4198,#4199,#4200),(#4201,#4202,#4203),(#4204,
#4205,#4206),(#4207,#4208,#4209),(#4210,#4211,#4212),(#4213,#4214,#4215),
(#4216,#4217,#4218),(#4219,#4220,#4221),(#4222,#4223,#4224),(#4225,#4226,
#4227),(#4228,#4229,#4230),(#4231,#4232,#4233),(#4234,#4235,#4236),(#4237,
#4238,#4239),(#4240,#4241,#4242),(#4243,#4244,#4245),(#4246,#4247,#4248),
(#4249,#4250,#4251),(#4252,#4253,#4254),(#4255,#4256,#4257),(#4258,#4259,
#4260),(#4261,#4262,#4263),(#4264,#4265,#4266),(#4267,#4268,#4269),(#4270,
#4271,#4272),(#4273,#4274,#4275),(#4276,#4277,#4278),(#4279,#4280,#4281),
(#4282,#4283,#4284),(#4285,#4286,#4287)),.UNSPECIFIED.,.F.,.F.,.F.)
B_SPLINE_SURFACE_WITH_KNOTS((4,1,1,1,1,1,1,1,1,1,1,1,1,1,1,1,1,1,1,1,1,
1,1,1,1,1,1,1,1,1,1,1,1,1,1,1,1,1,1,1,1,1,1,1,1,1,1,1,1,1,1,1,1,1,1,1,1,
1,1,1,1,1,1,1,1,1,1,1,1,1,1,1,1,1,1,1,1,1,1,1,1,1,1,1,1,1,4),(3,3),(0.0304451780465503,
0.0443870595704748,0.0513580003324371,0.0583289410943993,0.0618144114753805,
0.0652998818563616,0.0687853522373427,0.0722708226183238,0.0740135578088144,
0.075756292999305,0.0774990281897955,0.0792417633802861,0.0827272337612672,
0.0862127041422484,0.0896981745232295,0.0931836449042106,0.0949263800947012,
0.0966691152851917,0.0984118504756823,0.100154585666173,0.101897320856663,
0.103640056047154,0.107125526428135,0.110610996809116,0.114096467190097,
0.117581937571078,0.12106740795206,0.124552878333041,0.128038348714022,
0.129781083904512,0.131523819095003,0.133266554285494,0.135009289475984,
0.136752024666475,0.13762339226172,0.138494759856965,0.139366127452211,
0.139801811249833,0.140237495047456,0.140673178845078,0.14089102074389,
0.141108862642701,0.141544546440324,0.141762388339135,0.141980230237946,
0.142198072136758,0.142415914035569,0.14263375593438,0.142851597833192,
0.142960518782597,0.143069439732003,0.143123900206706,0.143178360681409,
0.14320559091876,0.143232821156111,0.143287281630814,0.14339620258022,0.143505123529626,
0.143722965428437,0.14415864922606,0.144594333023682,0.145030016821305,
0.145465700618927,0.146337068214173,0.147208435809418,0.148951170999909,
0.150693906190399,0.15243664138089,0.155922111761871,0.159407582142852,
0.162893052523833,0.166378522904814,0.169863993285795,0.173349463666777,
0.176834934047758,0.180320404428739,0.18380587480972,0.187291345190701,
0.190776815571682,0.194262285952663,0.197747756333644,0.204718697095607,
0.211689637857569,0.218660578619531,0.225631519381493,0.239573400905418,
0.253515282429342),(0.,1.),.UNSPECIFIED.)
GEOMETRIC_REPRESENTATION_ITEM()
RATIONAL_B_SPLINE_SURFACE(((1.,0.707203054812327,1.),(1.,0.707196330819451,
1.),(1.,0.707185670210145,1.),(1.,0.707136968515494,1.),(1.,0.707084641413395,
1.),(1.,0.70704514546261,1.),(1.,0.707014295328866,1.),(1.,0.707075745029802,
1.),(1.,0.707236056788633,1.),(1.,0.707084679151401,1.),(1.,0.706239563372388,
1.),(1.,0.70548843550315,1.),(1.,0.70555708914273,1.),(1.,0.707932918749867,
1.),(1.,0.707616763544065,1.),(1.,0.710800709798292,1.),(1.,0.717390648984626,
1.),(1.,0.722233819384199,1.),(1.,0.729497496818535,1.),(1.,0.732391746059832,
1.),(1.,0.73452506514126,1.),(1.,0.740287187099429,1.),(1.,0.748025068431461,
1.),(1.,0.754109276538376,1.),(1.,0.75877185655963,1.),(1.,0.757372723298351,
1.),(1.,0.751882271574435,1.),(1.,0.748366906694103,1.),(1.,0.743225801715099,
1.),(1.,0.737588001554581,1.),(1.,0.731132934151338,1.),(1.,0.724956710276756,
1.),(1.,0.71593335906882,1.),(1.,0.706467764745755,1.),(1.,0.698314859363282,
1.),(1.,0.692452287781718,1.),(1.,0.688001438526149,1.),(1.,0.692959277131244,
1.),(1.,0.700683613273367,1.),(1.,0.70952772726432,1.),(1.,0.719551669517191,
1.),(1.,0.728407383929644,1.),(1.,0.739897379950954,1.),(1.,0.743104006689533,
1.),(1.,0.743946915620668,1.),(1.,0.746543542910469,1.),(1.,0.748836744082723,
1.),(1.,0.749650143647411,1.),(1.,0.750112012280795,1.),(1.,0.750315908035417,
1.),(1.,0.749400256865178,1.),(1.,0.747985448252981,1.),(1.,0.746593762996402,
1.),(1.,0.744858842341504,1.),(1.,0.744423483389645,1.),(1.,0.738077540702787,
1.),(1.,0.736557946790436,1.),(1.,0.735432188437499,1.),(1.,0.735019370946924,
1.),(1.,0.73466853863229,1.),(1.,0.73405510762186,1.),(1.,0.733138032684752,
1.),(1.,0.732034480436453,1.),(1.,0.730326558043321,1.),(1.,0.727771044835173,
1.),(1.,0.722920767028611,1.),(1.,0.715712218834218,1.),(1.,0.706281253027146,
1.),(1.,0.693182910103258,1.),(1.,0.680632394862539,1.),(1.,0.672474335760505,
1.),(1.,0.666361919206119,1.),(1.,0.662095088474648,1.),(1.,0.657647093517838,
1.),(1.,0.653997366466331,1.),(1.,0.659861284867679,1.),(1.,0.667693692180104,
1.),(1.,0.674743121360841,1.),(1.,0.688435251217948,1.),(1.,0.697947768448435,
1.),(1.,0.702690925661012,1.),(1.,0.705778167198784,1.),(1.,0.706821674769917,
1.),(1.,0.707194541720409,1.),(1.,0.707197083200852,1.),(1.,0.707076131421504,
1.),(1.,0.707078301556387,1.),(1.,0.707071551181572,1.),(1.,0.70707159001156,
1.)))
REPRESENTATION_ITEM('')
SURFACE()
);
#20=CYLINDRICAL_SURFACE('',#1605,0.046875);
#21=CYLINDRICAL_SURFACE('',#1606,0.046875);
#22=CYLINDRICAL_SURFACE('',#1609,0.0625);
#23=CYLINDRICAL_SURFACE('',#1610,0.0625);
#24=CYLINDRICAL_SURFACE('',#1611,0.0625);
#25=CYLINDRICAL_SURFACE('',#1612,0.0625);
#26=CYLINDRICAL_SURFACE('',#1613,0.0625);
#27=CYLINDRICAL_SURFACE('',#1614,0.0625);
#28=CYLINDRICAL_SURFACE('',#1656,0.02);
#29=CIRCLE('',#1593,0.046875);
#30=CIRCLE('',#1594,0.0625);
#31=CIRCLE('',#1595,0.0625);
#32=CIRCLE('',#1596,0.0625);
#33=CIRCLE('',#1599,0.046875);
#34=CIRCLE('',#1600,0.0625);
#35=CIRCLE('',#1601,0.0625);
#36=CIRCLE('',#1602,0.0625);
#37=CIRCLE('',#1607,0.046875);
#38=B_SPLINE_SURFACE_WITH_KNOTS('',3,1,((#2043,#2044),(#2045,#2046),(#2047,
#2048),(#2049,#2050),(#2051,#2052),(#2053,#2054),(#2055,#2056),(#2057,#2058),
(#2059,#2060),(#2061,#2062),(#2063,#2064),(#2065,#2066),(#2067,#2068),(#2069,
#2070),(#2071,#2072),(#2073,#2074),(#2075,#2076),(#2077,#2078),(#2079,#2080),
(#2081,#2082),(#2083,#2084),(#2085,#2086)),.SURF_OF_LINEAR_EXTRUSION.,.F.,
 .F.,.F.,(4,1,1,1,1,1,1,1,1,1,1,1,1,1,1,1,1,1,1,4),(2,2),(0.0624824563653619,
0.120614615858119,0.178746775350877,0.236878934843634,0.295011094336392,
0.353143253829149,0.411275413321907,0.469407572814664,0.527539732307422,
0.5566058120538,0.585671891800179,0.643804051292936,0.672870131039315,0.701936210785694,
0.731002290532073,0.760068370278451,0.818200529771209,0.876332689263966,
0.934464848756724,0.992597008249481),(0.,1.),.UNSPECIFIED.);
#39=B_SPLINE_SURFACE_WITH_KNOTS('',3,1,((#2183,#2184),(#2185,#2186),(#2187,
#2188),(#2189,#2190),(#2191,#2192),(#2193,#2194),(#2195,#2196),(#2197,#2198),
(#2199,#2200),(#2201,#2202),(#2203,#2204),(#2205,#2206),(#2207,#2208),(#2209,
#2210),(#2211,#2212),(#2213,#2214),(#2215,#2216),(#2217,#2218),(#2219,#2220),
(#2221,#2222),(#2223,#2224),(#2225,#2226),(#2227,#2228),(#2229,#2230),(#2231,
#2232),(#2233,#2234),(#2235,#2236),(#2237,#2238),(#2239,#2240),(#2241,#2242),
(#2243,#2244),(#2245,#2246),(#2247,#2248),(#2249,#2250)),
 .SURF_OF_LINEAR_EXTRUSION.,.F.,.F.,.F.,(4,1,1,1,1,1,1,1,1,1,1,1,1,1,1,
1,1,1,1,1,1,1,1,1,1,1,1,1,1,1,1,4),(2,2),(0.029770416024724,0.0542636848217337,
0.0787569536187434,0.0910035880172483,0.103250222415753,0.115496856814258,
0.12162017401351,0.127743491212763,0.139990125611268,0.152236760009773,
0.164483394408277,0.176730028806782,0.188976663205287,0.201223297603792,
0.225716566400802,0.237963200799306,0.250209835197811,0.274703103994821,
0.299196372791831,0.311443007190336,0.32368964158884,0.335936275987345,
0.34818291038585,0.360429544784355,0.37267617918286,0.384922813581365,0.391046130780617,
0.39716944797987,0.403292765179122,0.409416082378374,0.415539399577627,
0.421662716776879),(0.,1.),.UNSPECIFIED.);
#40=B_SPLINE_SURFACE_WITH_KNOTS('',3,1,((#2490,#2491),(#2492,#2493),(#2494,
#2495),(#2496,#2497),(#2498,#2499),(#2500,#2501),(#2502,#2503),(#2504,#2505),
(#2506,#2507),(#2508,#2509),(#2510,#2511),(#2512,#2513),(#2514,#2515),(#2516,
#2517),(#2518,#2519),(#2520,#2521),(#2522,#2523),(#2524,#2525),(#2526,#2527)),
 .SURF_OF_LINEAR_EXTRUSION.,.F.,.F.,.F.,(4,1,1,1,1,1,1,1,1,1,1,1,1,1,1,
1,4),(2,2),(0.,0.124682174506209,0.187023261759314,0.249364349012419,0.311705436265524,
0.374046523518628,0.436387610771733,0.498728698024838,0.561069785277942,
0.592240328904495,0.623410872531047,0.685751959784152,0.748093047037257,
0.810434134290361,0.872775221543466,0.935116308796571,0.997457396049676),
(0.,1.),.UNSPECIFIED.);
#41=B_SPLINE_SURFACE_WITH_KNOTS('',3,1,((#2753,#2754),(#2755,#2756),(#2757,
#2758),(#2759,#2760),(#2761,#2762),(#2763,#2764),(#2765,#2766),(#2767,#2768),
(#2769,#2770),(#2771,#2772),(#2773,#2774),(#2775,#2776),(#2777,#2778),(#2779,
#2780),(#2781,#2782),(#2783,#2784),(#2785,#2786),(#2787,#2788),(#2789,#2790),
(#2791,#2792),(#2793,#2794),(#2795,#2796),(#2797,#2798),(#2799,#2800),(#2801,
#2802),(#2803,#2804),(#2805,#2806),(#2807,#2808),(#2809,#2810),(#2811,#2812),
(#2813,#2814),(#2815,#2816),(#2817,#2818),(#2819,#2820),(#2821,#2822),(#2823,
#2824),(#2825,#2826),(#2827,#2828),(#2829,#2830),(#2831,#2832),(#2833,#2834),
(#2835,#2836),(#2837,#2838),(#2839,#2840),(#2841,#2842)),
 .SURF_OF_LINEAR_EXTRUSION.,.F.,.F.,.F.,(4,1,1,1,1,1,1,1,1,1,1,1,1,1,1,
1,1,1,1,1,1,1,1,1,1,1,1,1,1,1,1,1,1,1,1,1,1,1,1,1,1,1,4),(2,2),(0.42308231379232,
0.431362650870989,0.439642987949658,0.447923325028327,0.456203662106996,
0.464483999185665,0.472764336264335,0.481044673343004,0.489325010421673,
0.497605347500342,0.505885684579011,0.51416602165768,0.522446358736349,
0.539007032893688,0.555567707051026,0.572128381208364,0.588689055365702,
0.605249729523041,0.621810403680379,0.630090740759048,0.638371077837717,
0.646651414916387,0.654931751995056,0.671492426152394,0.688053100309732,
0.704613774467071,0.721174448624409,0.737735122781747,0.746015459860416,
0.754295796939086,0.770856471096424,0.787417145253762,0.8039778194111,0.820538493568439,
0.837099167725777,0.853659841883115,0.861940178961784,0.870220516040453,
0.886781190197792,0.90334186435513,0.919902538512468,0.936463212669807,
0.953023886827145),(0.,1.),.UNSPECIFIED.);
#42=B_SPLINE_SURFACE_WITH_KNOTS('',3,1,((#3135,#3136),(#3137,#3138),(#3139,
#3140),(#3141,#3142),(#3143,#3144),(#3145,#3146),(#3147,#3148),(#3149,#3150),
(#3151,#3152),(#3153,#3154),(#3155,#3156),(#3157,#3158),(#3159,#3160),(#3161,
#3162),(#3163,#3164),(#3165,#3166),(#3167,#3168),(#3169,#3170),(#3171,#3172),
(#3173,#3174),(#3175,#3176),(#3177,#3178),(#3179,#3180),(#3181,#3182),(#3183,
#3184),(#3185,#3186),(#3187,#3188),(#3189,#3190),(#3191,#3192),(#3193,#3194),
(#3195,#3196),(#3197,#3198),(#3199,#3200),(#3201,#3202),(#3203,#3204)),
 .SURF_OF_LINEAR_EXTRUSION.,.F.,.F.,.F.,(4,1,1,1,1,1,1,1,1,1,1,1,1,1,1,
1,1,1,1,1,1,1,1,1,1,1,1,1,1,1,1,1,4),(2,2),(0.532776587771402,0.545754181800962,
0.558731775830523,0.571709369860083,0.584686963889644,0.597664557919204,
0.610642151948764,0.623619745978325,0.636597340007885,0.649574934037445,
0.662552528067006,0.675530122096566,0.688507716126127,0.701485310155687,
0.714462904185247,0.727440498214808,0.740418092244368,0.753395686273928,
0.766373280303489,0.772862077318269,0.779350874333049,0.785839671347829,
0.79232846836261,0.80530606239217,0.81828365642173,0.844238844480851,0.857216438510411,
0.863705235525192,0.870194032539972,0.883171626569532,0.896149220599093,
0.922104408658213,0.948059596717334),(0.,1.),.UNSPECIFIED.);
#43=B_SPLINE_SURFACE_WITH_KNOTS('',3,1,((#3289,#3290),(#3291,#3292),(#3293,
#3294),(#3295,#3296),(#3297,#3298),(#3299,#3300),(#3301,#3302),(#3303,#3304),
(#3305,#3306),(#3307,#3308),(#3309,#3310),(#3311,#3312),(#3313,#3314),(#3315,
#3316),(#3317,#3318),(#3319,#3320),(#3321,#3322),(#3323,#3324),(#3325,#3326),
(#3327,#3328),(#3329,#3330),(#3331,#3332),(#3333,#3334),(#3335,#3336)),
 .SURF_OF_LINEAR_EXTRUSION.,.F.,.F.,.F.,(4,1,1,1,1,1,1,1,1,1,1,1,1,1,1,
1,1,1,1,1,1,4),(2,2),(0.0360542413870556,0.0564683423154446,0.0768824432438337,
0.0972965441722227,0.107503594636417,0.117710645100612,0.127917695564806,
0.138124746029001,0.15853884695739,0.178952947885779,0.199367048814168,
0.219781149742557,0.229988200206751,0.240195250670946,0.260609351599335,
0.281023452527724,0.301437553456113,0.321851654384502,0.332058704848697,
0.342265755312891,0.352472805777086,0.36267985624128),(0.,1.),
 .UNSPECIFIED.);
#44=B_SPLINE_SURFACE_WITH_KNOTS('',3,1,((#3406,#3407),(#3408,#3409),(#3410,
#3411),(#3412,#3413),(#3414,#3415),(#3416,#3417),(#3418,#3419),(#3420,#3421),
(#3422,#3423),(#3424,#3425),(#3426,#3427),(#3428,#3429),(#3430,#3431),(#3432,
#3433),(#3434,#3435)),.SURF_OF_LINEAR_EXTRUSION.,.F.,.F.,.F.,(4,1,1,1,1,
1,1,1,1,1,1,1,4),(2,2),(0.0392601554578753,0.0845468199954905,0.129833484533106,
0.220406813608336,0.265693478145951,0.310980142683566,0.401553471758796,
0.492126800834027,0.537413465371642,0.582700129909257,0.627986794446872,
0.673273458984487,0.763846788059718),(0.,1.),.UNSPECIFIED.);
#45=B_SPLINE_SURFACE_WITH_KNOTS('',3,1,((#3437,#3438),(#3439,#3440),(#3441,
#3442),(#3443,#3444),(#3445,#3446),(#3447,#3448),(#3449,#3450),(#3451,#3452),
(#3453,#3454),(#3455,#3456),(#3457,#3458),(#3459,#3460),(#3461,#3462),(#3463,
#3464),(#3465,#3466)),.SURF_OF_LINEAR_EXTRUSION.,.F.,.F.,.F.,(4,1,1,1,1,
1,1,1,1,1,1,1,4),(2,2),(0.000126220802646187,0.098382566481943,0.19663891216124,
0.294895257840537,0.393151603519834,0.49140794919913,0.540536122038779,
0.565100208458603,0.589664294878427,0.638792467718076,0.687920640557724,
0.737048813397372,0.786176986237021),(0.,1.),.UNSPECIFIED.);
#46=B_SPLINE_SURFACE_WITH_KNOTS('',3,1,((#3716,#3717),(#3718,#3719),(#3720,
#3721),(#3722,#3723),(#3724,#3725)),.SURF_OF_LINEAR_EXTRUSION.,.F.,.F.,
 .F.,(4,1,4),(2,2),(5.26528023313171E-5,0.500014729943996,0.999976807085661),
(0.,1.),.UNSPECIFIED.);
#47=B_SPLINE_SURFACE_WITH_KNOTS('',1,3,((#3726,#3727,#3728,#3729,#3730,
#3731,#3732,#3733,#3734,#3735,#3736,#3737),(#3738,#3739,#3740,#3741,#3742,
#3743,#3744,#3745,#3746,#3747,#3748,#3749)),.RULED_SURF.,.F.,.F.,.F.,(2,
2),(4,2,2,2,2,4),(0.,1.),(0.0781933127418605,0.0988240591698474,0.156126589475906,
0.270731650088024,0.499941771312259,0.92168853791212),.UNSPECIFIED.);
#48=B_SPLINE_SURFACE_WITH_KNOTS('',3,1,((#3757,#3758),(#3759,#3760),(#3761,
#3762),(#3763,#3764),(#3765,#3766),(#3767,#3768)),
 .SURF_OF_LINEAR_EXTRUSION.,.F.,.F.,.F.,(4,1,1,4),(2,2),(0.0412037663142753,
0.517417224566887,0.755523953693193,0.993630682819499),(0.,1.),
 .UNSPECIFIED.);
#49=B_SPLINE_SURFACE_WITH_KNOTS('',1,3,((#4288,#4289,#4290,#4291),(#4292,
#4293,#4294,#4295)),.RULED_SURF.,.F.,.F.,.F.,(2,2),(4,4),(0.,1.),(0.0614302056406771,
0.997738704119209),.PIECEWISE_BEZIER_KNOTS.);
#50=B_SPLINE_SURFACE_WITH_KNOTS('',3,1,((#4306,#4307),(#4308,#4309),(#4310,
#4311),(#4312,#4313),(#4314,#4315)),.SURF_OF_LINEAR_EXTRUSION.,.F.,.F.,
 .F.,(4,1,4),(2,2),(0.373980431934111,0.38860207441397,0.403223716893828),
(0.,1.),.UNSPECIFIED.);
#51=B_SPLINE_SURFACE_WITH_KNOTS('',3,1,((#4328,#4329),(#4330,#4331),(#4332,
#4333),(#4334,#4335),(#4336,#4337),(#4338,#4339),(#4340,#4341),(#4342,#4343),
(#4344,#4345),(#4346,#4347),(#4348,#4349),(#4350,#4351),(#4352,#4353),(#4354,
#4355),(#4356,#4357),(#4358,#4359),(#4360,#4361),(#4362,#4363)),
 .SURF_OF_LINEAR_EXTRUSION.,.F.,.F.,.F.,(4,1,1,1,1,1,1,1,1,1,1,1,1,1,1,
4),(2,2),(0.423434789727738,0.429319147745601,0.435203505763463,0.441087863781326,
0.444030042790258,0.446972221799189,0.452856579817052,0.458740937834915,
0.464625295852777,0.47050965387064,0.476394011888503,0.482278369906366,
0.488162727924228,0.494047085942091,0.505815801977817,0.517584518013542),
(0.,1.),.UNSPECIFIED.);
#52=B_SPLINE_SURFACE_WITH_KNOTS('',3,1,((#4398,#4399),(#4400,#4401),(#4402,
#4403),(#4404,#4405)),.SURF_OF_LINEAR_EXTRUSION.,.F.,.F.,.F.,(4,4),(2,2),
(0.859310648173287,0.978471444070539),(0.,1.),.PIECEWISE_BEZIER_KNOTS.);
#53=B_SPLINE_SURFACE_WITH_KNOTS('',3,1,((#4407,#4408),(#4409,#4410),(#4411,
#4412),(#4413,#4414),(#4415,#4416),(#4417,#4418),(#4419,#4420),(#4421,#4422)),
 .SURF_OF_LINEAR_EXTRUSION.,.F.,.F.,.F.,(4,1,1,1,1,4),(2,2),(0.827490495162048,
0.862084949560923,0.896679403959798,0.913976631159236,0.931273858358673,
0.965868312757548),(0.,1.),.UNSPECIFIED.);
#54=B_SPLINE_CURVE_WITH_KNOTS('',3,(#1976,#1977,#1978,#1979),
 .UNSPECIFIED.,.F.,.F.,(4,4),(0.,0.000793654291142667),.UNSPECIFIED.);
#55=B_SPLINE_CURVE_WITH_KNOTS('',3,(#1991,#1992,#1993,#1994),
 .UNSPECIFIED.,.F.,.F.,(4,4),(0.,0.00132822164320486),.UNSPECIFIED.);
#56=B_SPLINE_CURVE_WITH_KNOTS('',3,(#2009,#2010,#2011,#2012),
 .UNSPECIFIED.,.F.,.F.,(4,4),(0.,0.00107701351915528),.UNSPECIFIED.);
#57=B_SPLINE_CURVE_WITH_KNOTS('',3,(#2020,#2021,#2022,#2023),
 .UNSPECIFIED.,.F.,.F.,(4,4),(0.,0.00107768915416011),.UNSPECIFIED.);
#58=B_SPLINE_CURVE_WITH_KNOTS('',3,(#2087,#2088,#2089,#2090,#2091,#2092,
#2093,#2094,#2095,#2096,#2097,#2098,#2099,#2100),.UNSPECIFIED.,.F.,.F.,
(4,1,1,1,1,1,1,1,1,1,1,4),(0.,0.25,0.375,0.4375,0.46875,0.5,0.53125,0.5625,
0.625,0.75,0.875,1.),.UNSPECIFIED.);
#59=B_SPLINE_CURVE_WITH_KNOTS('',3,(#2102,#2103,#2104,#2105,#2106,#2107,
#2108,#2109,#2110,#2111,#2112,#2113,#2114,#2115,#2116,#2117,#2118,#2119,
#2120,#2121,#2122,#2123,#2124,#2125,#2126,#2127,#2128,#2129,#2130,#2131,
#2132,#2133,#2134,#2135,#2136,#2137,#2138),.UNSPECIFIED.,.F.,.F.,(4,1,1,
1,1,1,1,1,1,1,1,1,1,1,1,1,1,1,1,1,1,1,1,1,1,1,1,1,1,1,1,1,1,1,4),(-0.000785385310464397,
0.00143399927803695,0.0036533838665383,0.00587276845503965,0.008092153043541,
0.0103115376320424,0.0125309222205437,0.0147503068090451,0.0169696913975464,
0.0191890759860478,0.0214084605745491,0.0236278451630504,0.0258472297515518,
0.0280666143400531,0.0302859989285545,0.0347247681055572,0.0391635372825599,
0.0436023064595626,0.0480410756365653,0.052479844813568,0.0546992294020694,
0.0569186139905707,0.0591379985790721,0.0613573831675734,0.0624670754618241,
0.0635767677560748,0.0646864600503254,0.0657961523445761,0.0669058446388268,
0.0674606907859521,0.0680155369330775,0.0685703830802028,0.0691252292273281,
0.0696800753744535,0.0702349215215788),.UNSPECIFIED.);
#60=B_SPLINE_CURVE_WITH_KNOTS('',3,(#2142,#2143,#2144,#2145,#2146,#2147,
#2148,#2149,#2150,#2151,#2152,#2153,#2154,#2155,#2156,#2157,#2158,#2159,
#2160,#2161,#2162,#2163,#2164,#2165,#2166,#2167,#2168,#2169,#2170,#2171),
 .UNSPECIFIED.,.F.,.F.,(4,1,1,1,1,1,1,1,1,1,1,1,1,1,1,1,1,1,1,1,1,1,1,1,
1,1,1,4),(0.0760187107777115,0.0763343460708299,0.0766499813639483,0.0769656166570667,
0.0772812519501851,0.0779125225364219,0.0785437931226587,0.0798063342951322,
0.0810688754676058,0.0823314166400794,0.0835939578125529,0.0861190401575001,
0.0886441225024472,0.0911692048473944,0.0936942871923415,0.0962193695372886,
0.101269534227183,0.106319698917077,0.111369863606971,0.116420028296866,
0.118945110641813,0.12147019298676,0.123995275331707,0.126520357676654,
0.131570522366549,0.136620687056443,0.146721016436231,0.15682134581602),
 .UNSPECIFIED.);
#61=B_SPLINE_CURVE_WITH_KNOTS('',3,(#2172,#2173,#2174,#2175),
 .UNSPECIFIED.,.F.,.F.,(4,4),(0.,0.000106162664522344),.UNSPECIFIED.);
#62=B_SPLINE_CURVE_WITH_KNOTS('',3,(#2179,#2180,#2181,#2182),
 .UNSPECIFIED.,.F.,.F.,(4,4),(9.63399060132145E-15,0.000106162664531991),
 .UNSPECIFIED.);
#63=B_SPLINE_CURVE_WITH_KNOTS('',3,(#2251,#2252,#2253,#2254,#2255,#2256,
#2257,#2258,#2259,#2260,#2261,#2262,#2263,#2264,#2265,#2266,#2267,#2268,
#2269,#2270,#2271,#2272,#2273,#2274,#2275,#2276,#2277),.UNSPECIFIED.,.F.,
 .F.,(4,1,1,1,1,1,1,1,1,1,1,1,1,1,1,1,1,1,1,1,1,1,1,1,4),(0.,0.0092932363424707,
0.0185864726849414,0.0232330908561767,0.0278797090274121,0.0302030181130298,
0.0325263271986474,0.0348496362842651,0.0371729453698828,0.0418195635411181,
0.0464661817123535,0.0511127998835888,0.0557594180548242,0.0580827271404419,
0.0604060362260595,0.0627293453116772,0.0650526543972949,0.0673759634829126,
0.0696992725685302,0.0708609271113391,0.0720225816541479,0.0726034089255523,
0.0731842361969568,0.0737650634683612,0.0743458907397656),.UNSPECIFIED.);
#64=B_SPLINE_CURVE_WITH_KNOTS('',3,(#2281,#2282,#2283,#2284,#2285,#2286,
#2287,#2288,#2289,#2290,#2291,#2292,#2293,#2294,#2295,#2296,#2297,#2298,
#2299,#2300,#2301,#2302,#2303,#2304,#2305,#2306,#2307,#2308,#2309,#2310,
#2311,#2312,#2313,#2314,#2315,#2316,#2317,#2318,#2319,#2320,#2321,#2322,
#2323),.UNSPECIFIED.,.F.,.F.,(4,1,1,1,1,1,1,1,1,1,1,1,1,1,1,1,1,1,1,1,1,
1,1,1,1,1,1,1,1,1,1,1,1,1,1,1,1,1,1,1,4),(0.,0.001953125,0.0029296875,0.00341796875,
0.003662109375,0.00390625,0.004150390625,0.00439453125,0.0048828125,0.005859375,
0.0068359375,0.0078125,0.009765625,0.01171875,0.015625,0.01953125,0.0234375,
0.03125,0.0390625,0.046875,0.0625,0.078125,0.09375,0.125,0.15625,0.1875,
0.21875,0.25,0.3125,0.34375,0.375,0.40625,0.4375,0.46875,0.5,0.5625,0.625,
0.6875,0.75,0.875,1.),.UNSPECIFIED.);
#65=B_SPLINE_CURVE_WITH_KNOTS('',3,(#2325,#2326,#2327,#2328,#2329,#2330,
#2331,#2332,#2333,#2334,#2335,#2336,#2337,#2338,#2339,#2340,#2341,#2342,
#2343,#2344,#2345,#2346,#2347,#2348,#2349,#2350,#2351,#2352,#2353,#2354,
#2355,#2356,#2357,#2358,#2359,#2360,#2361),.UNSPECIFIED.,.T.,.F.,(1,3,1,
1,1,1,1,1,1,1,1,1,1,1,1,1,1,1,1,1,1,1,1,1,1,1,1,1,1,1,1,1,1,1,1,3,1),(-0.0266380232810041,
0.,0.0101683482727555,0.0184771971295847,0.0304010484600583,0.12124253372784,
0.178360883830759,0.231814191671589,0.267128656478751,0.294413978931132,
0.336948327512405,0.401051966915679,0.410600879648993,0.41946178616364,
0.431466666002356,0.44164825402742,0.452671441581305,0.465377815210556,
0.479507364582604,0.498823574832999,0.551433455479196,0.598888302932227,
0.62619426617471,0.646670859862505,0.673244969492743,0.698368208650915,
0.721647406521604,0.745605587108732,0.770260668555296,0.788507562830788,
0.811424522902732,0.865756091835179,0.95881488197697,0.964728455170619,
0.973361976718996,1.,1.01016834827276),.UNSPECIFIED.);
#66=B_SPLINE_CURVE_WITH_KNOTS('',3,(#2363,#2364,#2365,#2366,#2367),
 .UNSPECIFIED.,.F.,.F.,(4,1,4),(6.93889390390723E-18,0.0012399646805456,
0.0024799293610912),.UNSPECIFIED.);
#67=B_SPLINE_CURVE_WITH_KNOTS('',3,(#2371,#2372,#2373,#2374,#2375),
 .UNSPECIFIED.,.F.,.F.,(4,1,4),(1.04150462933561E-15,0.00123996401483912,
0.0024799280296772),.UNSPECIFIED.);
#68=B_SPLINE_CURVE_WITH_KNOTS('',3,(#2377,#2378,#2379,#2380,#2381,#2382,
#2383,#2384,#2385,#2386,#2387,#2388,#2389,#2390,#2391,#2392,#2393,#2394,
#2395,#2396,#2397,#2398,#2399,#2400,#2401,#2402,#2403,#2404,#2405,#2406,
#2407,#2408,#2409,#2410,#2411,#2412,#2413),.UNSPECIFIED.,.T.,.F.,(1,3,1,
1,1,1,1,1,1,1,1,1,1,1,1,1,1,1,1,1,1,1,1,1,1,1,1,1,1,1,1,1,1,1,1,3,1),(-0.0266380232810041,
0.,0.0101683482727555,0.0184771971295847,0.0304010484600583,0.12124253372784,
0.178360883830759,0.231814191671589,0.267128656478751,0.294413978931132,
0.336948327512405,0.401051966915679,0.410600879648993,0.41946178616364,
0.431466666002356,0.44164825402742,0.452671441581305,0.465377815210556,
0.479507364582604,0.498823574832999,0.551433455479196,0.598888302932227,
0.62619426617471,0.646670859862505,0.673244969492743,0.698368208650915,
0.721647406521604,0.745605587108732,0.770260668555296,0.788507562830788,
0.811424522902732,0.865756091835179,0.95881488197697,0.964728455170619,
0.973361976718996,1.,1.01016834827276),.UNSPECIFIED.);
#69=B_SPLINE_CURVE_WITH_KNOTS('',3,(#2415,#2416,#2417,#2418,#2419),
 .UNSPECIFIED.,.F.,.F.,(4,1,4),(1.26694950409827E-16,0.00124004085728029,
0.00248008171456044),.UNSPECIFIED.);
#70=B_SPLINE_CURVE_WITH_KNOTS('',3,(#2423,#2424,#2425,#2426),
 .UNSPECIFIED.,.F.,.F.,(4,4),(4.07175139774846E-8,1.),.UNSPECIFIED.);
#71=B_SPLINE_CURVE_WITH_KNOTS('',3,(#2430,#2431,#2432,#2433,#2434,#2435,
#2436,#2437,#2438,#2439,#2440,#2441,#2442,#2443,#2444,#2445,#2446,#2447,
#2448,#2449,#2450,#2451,#2452,#2453,#2454,#2455,#2456,#2457,#2458,#2459,
#2460,#2461,#2462,#2463,#2464,#2465,#2466),.UNSPECIFIED.,.T.,.F.,(1,3,1,
1,1,1,1,1,1,1,1,1,1,1,1,1,1,1,1,1,1,1,1,1,1,1,1,1,1,1,1,1,1,1,1,3,1),(-0.0266380232810041,
0.,0.0101683482727555,0.0184771971295847,0.0304010484600583,0.12124253372784,
0.178360883830759,0.231814191671589,0.267128656478751,0.294413978931132,
0.336948327512405,0.401051966915679,0.410600879648993,0.41946178616364,
0.431466666002356,0.44164825402742,0.452671441581305,0.465377815210556,
0.479507364582604,0.498823574832999,0.551433455479196,0.598888302932227,
0.62619426617471,0.646670859862505,0.673244969492743,0.698368208650915,
0.721647406521604,0.745605587108732,0.770260668555296,0.788507562830788,
0.811424522902732,0.865756091835179,0.95881488197697,0.964728455170619,
0.973361976718996,1.,1.01016834827276),.UNSPECIFIED.);
#72=B_SPLINE_CURVE_WITH_KNOTS('',3,(#2467,#2468,#2469,#2470,#2471,#2472,
#2473,#2474,#2475,#2476,#2477),.UNSPECIFIED.,.T.,.F.,(1,1,1,1,1,1,1,1,1,
1,1,1,1,1,1),(-0.00279152490745484,-0.00186101660496989,-0.000930508302484948,
0.,0.000930508302484947,0.00186101660496989,0.00279152490745484,0.00372203320993979,
0.00465254151242474,0.00558304981490968,0.00651355811739463,0.00744406641987958,
0.00837457472236453,0.00930508302484947,0.0102355913273344),
 .UNSPECIFIED.);
#73=B_SPLINE_CURVE_WITH_KNOTS('',3,(#2486,#2487,#2488,#2489),
 .UNSPECIFIED.,.F.,.F.,(4,4),(4.84869951806108E-18,0.000135187691624686),
 .UNSPECIFIED.);
#74=B_SPLINE_CURVE_WITH_KNOTS('',3,(#2531,#2532,#2533,#2534,#2535,#2536,
#2537,#2538,#2539,#2540,#2541,#2542,#2543,#2544,#2545,#2546,#2547,#2548,
#2549,#2550,#2551,#2552,#2553,#2554,#2555,#2556,#2557,#2558,#2559,#2560,
#2561,#2562,#2563,#2564,#2565,#2566,#2567,#2568,#2569,#2570,#2571,#2572,
#2573,#2574,#2575,#2576,#2577,#2578,#2579,#2580,#2581,#2582,#2583,#2584,
#2585,#2586,#2587,#2588,#2589,#2590),.UNSPECIFIED.,.F.,.F.,(4,1,1,1,1,1,
1,1,1,1,1,1,1,1,1,1,1,1,1,1,1,1,1,1,1,1,1,1,1,1,1,1,1,1,1,1,1,1,1,1,1,1,
1,1,1,1,1,1,1,1,1,1,1,1,1,1,1,4),(1.73472347597681E-18,0.00970323634786158,
0.0145548545217924,0.0194064726957232,0.024258090869654,0.0291097090435847,
0.0315355181305501,0.0339613272175155,0.0363871363044809,0.0388129453914463,
0.0436645635653771,0.0485161817393079,0.0533677999132387,0.0582194180871695,
0.0630710362611003,0.0654968453480657,0.0679226544350311,0.0703484635219965,
0.0715613680654792,0.0727742726089619,0.0739871771524446,0.0745936294241859,
0.0752000816959273,0.0758065339676686,0.0761097601035393,0.07641298623941,
0.0767162123752806,0.0770194385111513,0.0776258907828927,0.078232343054634,
0.0788387953263754,0.0794452475981167,0.0800516998698581,0.0812646044133408,
0.0824775089568235,0.0836904135003061,0.0849033180437889,0.0873291271307542,
0.0897549362177196,0.092180745304685,0.0946065543916504,0.0970323634786158,
0.101883981652547,0.106735599826477,0.111587218000408,0.116438836174339,
0.118864645261304,0.12129045434827,0.123716263435235,0.126142072522201,
0.128567881609166,0.130993690696131,0.135845308870062,0.140696927043993,
0.145548545217924,0.147974354304889,0.150400163391855,0.155251781565785),
 .UNSPECIFIED.);
#75=B_SPLINE_CURVE_WITH_KNOTS('',3,(#2592,#2593,#2594,#2595,#2596,#2597,
#2598,#2599,#2600,#2601,#2602,#2603,#2604,#2605,#2606,#2607,#2608,#2609,
#2610,#2611,#2612,#2613,#2614,#2615,#2616,#2617),.UNSPECIFIED.,.F.,.F.,
(4,1,1,1,1,1,1,1,1,1,1,1,1,1,1,1,1,1,1,1,1,1,1,4),(4.93406102549106E-17,
6.48097811134402E-5,0.000129619562226831,0.000259239124453613,0.000388858686680395,
0.000518478248907176,0.00077771737336074,0.0010369564978143,0.00155543474672143,
0.00207391299562856,0.00259239124453568,0.00311086949344281,0.00414782599125707,
0.00518478248907132,0.00622173898688557,0.00829565198251408,0.0103695649781426,
0.0124434779737711,0.0145173909693996,0.0165913039650281,0.0207391299562851,
0.0248869559475421,0.0290347819387992,0.0331826079300562),.UNSPECIFIED.);
#76=B_SPLINE_CURVE_WITH_KNOTS('',3,(#2619,#2620,#2621,#2622,#2623,#2624,
#2625,#2626,#2627,#2628,#2629,#2630,#2631,#2632,#2633,#2634,#2635,#2636,
#2637,#2638,#2639,#2640,#2641,#2642,#2643,#2644,#2645,#2646,#2647,#2648,
#2649,#2650,#2651,#2652,#2653,#2654,#2655),.UNSPECIFIED.,.T.,.F.,(1,3,1,
1,1,1,1,1,1,1,1,1,1,1,1,1,1,1,1,1,1,1,1,1,1,1,1,1,1,1,1,1,1,1,1,3,1),(-0.0266380232810041,
0.,0.0101683482727555,0.0184771971295847,0.0304010484600583,0.12124253372784,
0.178360883830759,0.231814191671589,0.267128656478751,0.294413978931132,
0.336948327512405,0.401051966915679,0.410600879648993,0.41946178616364,
0.431466666002356,0.44164825402742,0.452671441581305,0.465377815210556,
0.479507364582604,0.498823574832999,0.551433455479196,0.598888302932227,
0.62619426617471,0.646670859862505,0.673244969492743,0.698368208650915,
0.721647406521604,0.745605587108732,0.770260668555296,0.788507562830788,
0.811424522902732,0.865756091835179,0.95881488197697,0.964728455170619,
0.973361976718996,1.,1.01016834827276),.UNSPECIFIED.);
#77=B_SPLINE_CURVE_WITH_KNOTS('',3,(#2666,#2667,#2668,#2669,#2670,#2671,
#2672,#2673,#2674,#2675,#2676,#2677,#2678,#2679,#2680,#2681,#2682,#2683,
#2684,#2685,#2686,#2687,#2688,#2689,#2690,#2691),.UNSPECIFIED.,.F.,.F.,
(4,1,1,1,1,1,1,1,1,1,1,1,1,1,1,1,1,1,1,1,1,1,1,4),(4.85722573273506E-17,
0.00409435557116043,0.00818871114232082,0.0122830667134812,0.0163774222846416,
0.0184246000702218,0.020471777855802,0.0225189556413822,0.0245661334269624,
0.0266133112125426,0.0276369001053326,0.0286604889981227,0.0296840778909128,
0.0301958723373079,0.0307076667837029,0.031219461230098,0.031731255676493,
0.0319871528996905,0.0322430501228881,0.0323709987344868,0.0324989473460856,
0.0326268959576844,0.0326908702634837,0.0327548445692831),.UNSPECIFIED.);
#78=B_SPLINE_CURVE_WITH_KNOTS('',3,(#2707,#2708,#2709,#2710),
 .UNSPECIFIED.,.F.,.F.,(4,4),(0.,1.),.UNSPECIFIED.);
#79=B_SPLINE_CURVE_WITH_KNOTS('',3,(#2714,#2715,#2716,#2717,#2718,#2719,
#2720,#2721,#2722,#2723,#2724,#2725,#2726,#2727,#2728,#2729,#2730,#2731,
#2732,#2733,#2734,#2735,#2736,#2737,#2738,#2739,#2740,#2741,#2742,#2743,
#2744,#2745,#2746,#2747,#2748,#2749,#2750),.UNSPECIFIED.,.T.,.F.,(1,3,1,
1,1,1,1,1,1,1,1,1,1,1,1,1,1,1,1,1,1,1,1,1,1,1,1,1,1,1,1,1,1,1,1,3,1),(-0.0266380232810041,
0.,0.0101683482727555,0.0184771971295847,0.0304010484600583,0.12124253372784,
0.178360883830759,0.231814191671589,0.267128656478751,0.294413978931132,
0.336948327512405,0.401051966915679,0.410600879648993,0.41946178616364,
0.431466666002356,0.44164825402742,0.452671441581305,0.465377815210556,
0.479507364582604,0.498823574832999,0.551433455479196,0.598888302932227,
0.62619426617471,0.646670859862505,0.673244969492743,0.698368208650915,
0.721647406521604,0.745605587108732,0.770260668555296,0.788507562830788,
0.811424522902732,0.865756091835179,0.95881488197697,0.964728455170619,
0.973361976718996,1.,1.01016834827276),.UNSPECIFIED.);
#80=B_SPLINE_CURVE_WITH_KNOTS('',3,(#2843,#2844,#2845,#2846,#2847,#2848,
#2849,#2850,#2851,#2852,#2853,#2854,#2855,#2856,#2857,#2858,#2859,#2860,
#2861,#2862,#2863,#2864,#2865,#2866,#2867,#2868,#2869,#2870,#2871,#2872,
#2873,#2874,#2875,#2876,#2877,#2878),.UNSPECIFIED.,.F.,.F.,(4,1,1,1,1,1,
1,1,1,1,1,1,1,1,1,1,1,1,1,1,1,1,1,1,1,1,1,1,1,1,1,1,1,4),(0.,0.00113940284369904,
0.00170910426554856,0.00227880568739807,0.00341820853109711,0.00455761137479615,
0.00569701421849519,0.00683641706219422,0.00797581990589326,0.0091152227495923,
0.0113940284369904,0.0136728341243884,0.0159516398117865,0.0182304454991846,
0.0227880568739807,0.0273456682487769,0.031903279623573,0.0364608909983692,
0.0387396966857673,0.0410185023731653,0.0432973080605634,0.0455761137479615,
0.0478549194353596,0.0501337251227576,0.0524125308101557,0.0546913364975538,
0.0569701421849519,0.0592489478723499,0.061527753559748,0.0638065592471461,
0.0660853649345442,0.0683641706219422,0.0706429763093403,0.0729217819967384),
 .UNSPECIFIED.);
#81=B_SPLINE_CURVE_WITH_KNOTS('',3,(#2880,#2881,#2882,#2883),
 .UNSPECIFIED.,.F.,.F.,(4,4),(0.,0.000362776815281191),.UNSPECIFIED.);
#82=B_SPLINE_CURVE_WITH_KNOTS('',3,(#2887,#2888,#2889,#2890),
 .UNSPECIFIED.,.F.,.F.,(4,4),(0.,0.00109594176430345),.UNSPECIFIED.);
#83=B_SPLINE_CURVE_WITH_KNOTS('',3,(#2892,#2893,#2894,#2895,#2896,#2897,
#2898,#2899,#2900,#2901,#2902,#2903,#2904,#2905,#2906,#2907,#2908,#2909,
#2910,#2911,#2912,#2913,#2914,#2915,#2916,#2917,#2918,#2919,#2920,#2921,
#2922,#2923,#2924,#2925,#2926,#2927,#2928),.UNSPECIFIED.,.T.,.F.,(1,3,1,
1,1,1,1,1,1,1,1,1,1,1,1,1,1,1,1,1,1,1,1,1,1,1,1,1,1,1,1,1,1,1,1,3,1),(-0.0266380232810041,
0.,0.0101683482727555,0.0184771971295847,0.0304010484600583,0.12124253372784,
0.178360883830759,0.231814191671589,0.267128656478751,0.294413978931132,
0.336948327512405,0.401051966915679,0.410600879648993,0.41946178616364,
0.431466666002356,0.44164825402742,0.452671441581305,0.465377815210556,
0.479507364582604,0.498823574832999,0.551433455479196,0.598888302932227,
0.62619426617471,0.646670859862505,0.673244969492743,0.698368208650915,
0.721647406521604,0.745605587108732,0.770260668555296,0.788507562830788,
0.811424522902732,0.865756091835179,0.95881488197697,0.964728455170619,
0.973361976718996,1.,1.01016834827276),.UNSPECIFIED.);
#84=B_SPLINE_CURVE_WITH_KNOTS('',3,(#2930,#2931,#2932,#2933),
 .UNSPECIFIED.,.F.,.F.,(4,4),(8.55120144132251E-16,0.00108627834823566),
 .UNSPECIFIED.);
#85=B_SPLINE_CURVE_WITH_KNOTS('',3,(#2937,#2938,#2939,#2940),
 .UNSPECIFIED.,.F.,.F.,(4,4),(0.,0.00108627834801546),.UNSPECIFIED.);
#86=B_SPLINE_CURVE_WITH_KNOTS('',3,(#2941,#2942,#2943,#2944),
 .UNSPECIFIED.,.F.,.F.,(4,4),(1.73472347597681E-18,0.00107767685474332),
 .UNSPECIFIED.);
#87=B_SPLINE_CURVE_WITH_KNOTS('',3,(#2945,#2946,#2947,#2948,#2949),
 .UNSPECIFIED.,.F.,.F.,(4,1,4),(1.04083408558608E-17,0.00124513338734843,
0.00249026677469684),.UNSPECIFIED.);
#88=B_SPLINE_CURVE_WITH_KNOTS('',3,(#2951,#2952,#2953,#2954,#2955,#2956,
#2957,#2958,#2959,#2960,#2961,#2962,#2963,#2964,#2965,#2966,#2967,#2968,
#2969,#2970,#2971,#2972,#2973,#2974,#2975,#2976,#2977,#2978,#2979,#2980,
#2981,#2982,#2983,#2984,#2985,#2986,#2987),.UNSPECIFIED.,.T.,.F.,(1,3,1,
1,1,1,1,1,1,1,1,1,1,1,1,1,1,1,1,1,1,1,1,1,1,1,1,1,1,1,1,1,1,1,1,3,1),(-0.0266380232810041,
0.,0.0101683482727555,0.0184771971295847,0.0304010484600583,0.12124253372784,
0.178360883830759,0.231814191671589,0.267128656478751,0.294413978931132,
0.336948327512405,0.401051966915679,0.410600879648993,0.41946178616364,
0.431466666002356,0.44164825402742,0.452671441581305,0.465377815210556,
0.479507364582604,0.498823574832999,0.551433455479196,0.598888302932227,
0.62619426617471,0.646670859862505,0.673244969492743,0.698368208650915,
0.721647406521604,0.745605587108732,0.770260668555296,0.788507562830788,
0.811424522902732,0.865756091835179,0.95881488197697,0.964728455170619,
0.973361976718996,1.,1.01016834827276),.UNSPECIFIED.);
#89=B_SPLINE_CURVE_WITH_KNOTS('',3,(#2989,#2990,#2991,#2992,#2993),
 .UNSPECIFIED.,.F.,.F.,(4,1,4),(1.07721753510329E-15,0.00124008475674241,
0.00248016951348374),.UNSPECIFIED.);
#90=B_SPLINE_CURVE_WITH_KNOTS('',3,(#2997,#2998,#2999,#3000,#3001),
 .UNSPECIFIED.,.F.,.F.,(4,1,4),(0.,0.00124009049318376,0.00248018098636751),
 .UNSPECIFIED.);
#91=B_SPLINE_CURVE_WITH_KNOTS('',3,(#3002,#3003,#3004,#3005,#3006,#3007,
#3008,#3009,#3010,#3011,#3012,#3013,#3014,#3015,#3016,#3017,#3018,#3019,
#3020,#3021,#3022,#3023,#3024,#3025,#3026,#3027,#3028,#3029,#3030,#3031,
#3032,#3033,#3034,#3035,#3036,#3037,#3038,#3039,#3040,#3041,#3042,#3043,
#3044,#3045,#3046),.UNSPECIFIED.,.F.,.F.,(4,1,1,1,1,1,1,1,1,1,1,1,1,1,1,
1,1,1,1,1,1,1,1,1,1,1,1,1,1,1,1,1,1,1,1,1,1,1,1,1,1,1,4),(3.50469958011859E-16,
0.0139625750774565,0.0209438626161846,0.0279251501549127,0.0349064376936408,
0.0383970814630048,0.0401424033476869,0.0418877252323689,0.0436330471170509,
0.0453783690017329,0.0471236908864149,0.048869012771097,0.050614334655779,
0.052359656540461,0.055850300309825,0.0593409440791891,0.0610862659638711,
0.0628315878485531,0.0645769097332352,0.0663222316179172,0.0698128753872812,
0.0733035191566453,0.0767941629260093,0.0802848066953733,0.0837754504647374,
0.0872660942341014,0.0907567380034655,0.0942473817728295,0.0977380255421936,
0.0994833474268756,0.101228669311558,0.10297399119624,0.104719313080922,
0.105591974023263,0.106464634965604,0.107337295907945,0.108209956850286,
0.109082617792627,0.109518948263797,0.109955278734968,0.110391609206138,
0.110827939677309,0.11170060061965),.UNSPECIFIED.);
#92=B_SPLINE_CURVE_WITH_KNOTS('',3,(#3108,#3109,#3110,#3111),
 .UNSPECIFIED.,.F.,.F.,(4,4),(0.,0.00107763612029525),.UNSPECIFIED.);
#93=B_SPLINE_CURVE_WITH_KNOTS('',3,(#3208,#3209,#3210,#3211,#3212,#3213),
 .UNSPECIFIED.,.F.,.F.,(4,1,1,4),(0.,0.25,0.5,1.),.UNSPECIFIED.);
#94=B_SPLINE_CURVE_WITH_KNOTS('',3,(#3214,#3215,#3216,#3217,#3218,#3219,
#3220,#3221,#3222,#3223,#3224,#3225,#3226,#3227,#3228,#3229,#3230,#3231,
#3232,#3233,#3234,#3235,#3236,#3237),.UNSPECIFIED.,.F.,.F.,(4,1,1,1,1,1,
1,1,1,1,1,1,1,1,1,1,1,1,1,1,1,4),(0.016335620141596,0.023997061739574,0.027827782538563,
0.031658503337552,0.035489224136541,0.03931994493553,0.0412353053350245,
0.043150665734519,0.0450660261340134,0.0469813865335079,0.0508121073324969,
0.0546428281314859,0.0584735489304749,0.0603889093299694,0.0623042697294639,
0.0642196301289584,0.0661349905284529,0.0680503509279474,0.0699657113274419,
0.0718810717269364,0.0737964321264309,0.0776271529254199),.UNSPECIFIED.);
#95=B_SPLINE_CURVE_WITH_KNOTS('',3,(#3239,#3240,#3241,#3242,#3243,#3244,
#3245,#3246,#3247,#3248,#3249,#3250,#3251,#3252,#3253,#3254,#3255,#3256,
#3257,#3258,#3259,#3260),.UNSPECIFIED.,.F.,.F.,(4,1,1,1,1,1,1,1,1,1,1,1,
1,1,1,1,1,1,1,4),(0.0161812817802007,0.0240650867084142,0.028006989172521,
0.0319488916366277,0.0358907941007345,0.0398326965648412,0.043774599028948,
0.0457455502610014,0.0477165014930548,0.0496874527251082,0.0516584039571615,
0.0556003064212683,0.0595422088853751,0.0634841113494818,0.0654550625815352,
0.0674260138135886,0.069396965045642,0.0713679162776953,0.0753098187418021,
0.0792517212059089),.UNSPECIFIED.);
#96=B_SPLINE_CURVE_WITH_KNOTS('',3,(#3262,#3263,#3264,#3265,#3266,#3267,
#3268),.UNSPECIFIED.,.F.,.F.,(4,1,1,1,4),(-1.08149166705429E-17,0.0171438472865909,
0.0342876945731818,0.0514315418597727,0.0685753891463636),.UNSPECIFIED.);
#97=B_SPLINE_CURVE_WITH_KNOTS('',3,(#3272,#3273,#3274,#3275),
 .UNSPECIFIED.,.F.,.F.,(4,4),(0.,0.0142903137593881),.UNSPECIFIED.);
#98=B_SPLINE_CURVE_WITH_KNOTS('',3,(#3279,#3280,#3281,#3282,#3283,#3284,
#3285,#3286),.UNSPECIFIED.,.F.,.F.,(4,1,1,1,1,4),(-0.00666752719457103,
0.00190384112780064,0.0104752094501723,0.0276179460949157,0.044760682739659,
0.0619034193844023),.UNSPECIFIED.);
#99=B_SPLINE_CURVE_WITH_KNOTS('',3,(#3337,#3338,#3339,#3340,#3341,#3342,
#3343,#3344,#3345,#3346,#3347,#3348,#3349,#3350,#3351,#3352,#3353,#3354,
#3355,#3356,#3357,#3358,#3359,#3360,#3361,#3362,#3363,#3364,#3365),
 .UNSPECIFIED.,.F.,.F.,(4,1,1,1,1,1,1,1,1,1,1,1,1,1,1,1,1,1,1,1,1,1,1,1,
1,1,4),(0.,0.124999998099518,0.187499997149276,0.249999996199035,0.312499995248794,
0.374999994298553,0.406249993823432,0.437499993348311,0.453124993110751,
0.468749992873191,0.48437499263563,0.49218749251685,0.49609374245746,0.49999999239807,
0.50390624233868,0.50781249227929,0.51562499216051,0.531249991922949,0.546874991685389,
0.562499991447829,0.593749990972708,0.624999990497588,0.687499989547346,
0.749999988597105,0.812499987646864,0.874999986696622,0.99999998479614),
 .UNSPECIFIED.);
#100=B_SPLINE_CURVE_WITH_KNOTS('',3,(#3369,#3370,#3371,#3372),
 .UNSPECIFIED.,.F.,.F.,(4,4),(0.,0.0142874985233626),.UNSPECIFIED.);
#101=B_SPLINE_CURVE_WITH_KNOTS('',3,(#3375,#3376,#3377,#3378,#3379,#3380,
#3381,#3382,#3383,#3384,#3385,#3386,#3387,#3388,#3389),.UNSPECIFIED.,.F.,
 .F.,(4,1,1,1,1,1,1,1,1,1,1,1,4),(0.,0.00754004625108241,0.0150800925021648,
0.0226201387532472,0.0263901618787885,0.0301601850043297,0.0339302081298709,
0.0377002312554121,0.0414702543809533,0.0452402775064945,0.0490103006320357,
0.0527803237575769,0.0603203700086593),.UNSPECIFIED.);
#102=B_SPLINE_CURVE_WITH_KNOTS('',3,(#3391,#3392,#3393,#3394,#3395,#3396,
#3397,#3398,#3399,#3400,#3401,#3402,#3403,#3404,#3405),.UNSPECIFIED.,.F.,
 .F.,(4,1,1,1,1,1,1,1,1,1,1,1,4),(0.,0.00732535592644045,0.0146507118528809,
0.0219760677793214,0.0256387457425416,0.0293014237057618,0.032964101668982,
0.0366267796322023,0.0402894575954225,0.0439521355586427,0.0476148135218629,
0.0512774914850832,0.0586028474115236),.UNSPECIFIED.);
#103=B_SPLINE_CURVE_WITH_KNOTS('',3,(#3475,#3476,#3477,#3478,#3479,#3480,
#3481,#3482,#3483,#3484,#3485,#3486,#3487,#3488,#3489,#3490,#3491,#3492,
#3493,#3494,#3495,#3496,#3497,#3498,#3499,#3500,#3501,#3502,#3503,#3504,
#3505,#3506,#3507,#3508,#3509,#3510,#3511,#3512,#3513,#3514,#3515,#3516,
#3517,#3518,#3519,#3520,#3521,#3522,#3523,#3524,#3525,#3526,#3527,#3528,
#3529,#3530,#3531,#3532,#3533,#3534,#3535,#3536,#3537,#3538,#3539,#3540,
#3541,#3542,#3543),.UNSPECIFIED.,.F.,.F.,(4,1,1,1,1,1,1,1,1,1,1,1,1,1,1,
1,1,1,1,1,1,1,1,1,1,1,1,1,1,1,1,1,1,1,1,1,1,1,1,1,1,1,1,1,1,1,1,1,1,1,1,
1,1,1,1,1,1,1,1,1,1,1,1,1,1,1,4),(0.,0.0625,0.125,0.15625,0.1875,0.21875,
0.234375,0.25,0.265625,0.2734375,0.28125,0.283203125,0.28515625,0.2890625,
0.29296875,0.296875,0.3125,0.328125,0.34375,0.375,0.40625,0.421875,0.4375,
0.453125,0.46875,0.4765625,0.484375,0.48828125,0.4921875,0.49609375,0.498046875,
0.4990234375,0.5,0.5009765625,0.501953125,0.50390625,0.5078125,0.51171875,
0.515625,0.5234375,0.53125,0.546875,0.5625,0.578125,0.59375,0.625,0.65625,
0.6875,0.703125,0.71875,0.7265625,0.734375,0.7421875,0.74609375,0.75,0.75390625,
0.7578125,0.765625,0.7734375,0.78125,0.796875,0.8125,0.84375,0.875,0.90625,
0.9375,1.),.UNSPECIFIED.);
#104=B_SPLINE_CURVE_WITH_KNOTS('',3,(#3556,#3557,#3558,#3559),
 .UNSPECIFIED.,.F.,.F.,(4,4),(0.,0.00107773836455091),.UNSPECIFIED.);
#105=B_SPLINE_CURVE_WITH_KNOTS('',3,(#3560,#3561,#3562,#3563),
 .UNSPECIFIED.,.F.,.F.,(4,4),(7.80191815318096E-8,0.00107763648352282),
 .UNSPECIFIED.);
#106=B_SPLINE_CURVE_WITH_KNOTS('',3,(#3568,#3569,#3570,#3571,#3572,#3573,
#3574,#3575,#3576,#3577,#3578,#3579,#3580,#3581,#3582,#3583,#3584,#3585,
#3586,#3587,#3588,#3589,#3590,#3591,#3592,#3593,#3594,#3595,#3596,#3597,
#3598,#3599,#3600,#3601,#3602,#3603,#3604,#3605,#3606,#3607,#3608,#3609,
#3610,#3611,#3612,#3613,#3614,#3615,#3616,#3617),.UNSPECIFIED.,.F.,.F.,
(4,1,1,1,1,1,1,1,1,1,1,1,1,1,1,1,1,1,1,1,1,1,1,1,1,1,1,1,1,1,1,1,1,1,1,
1,1,1,1,1,1,1,1,1,1,1,1,4),(0.,0.03125,0.0625,0.078125,0.09375,0.109375,
0.1171875,0.12109375,0.125,0.12890625,0.1328125,0.140625,0.15625,0.171875,
0.1875,0.203125,0.21875,0.234375,0.2421875,0.25,0.2578125,0.265625,0.28125,
0.3125,0.34375,0.375,0.40625,0.4375,0.453125,0.46875,0.484375,0.4921875,
0.49609375,0.5,0.50390625,0.5078125,0.515625,0.53125,0.546875,0.5625,0.59375,
0.625,0.65625,0.6875,0.75,0.8125,0.875,1.),.UNSPECIFIED.);
#107=B_SPLINE_CURVE_WITH_KNOTS('',3,(#3641,#3642,#3643,#3644),
 .UNSPECIFIED.,.F.,.F.,(4,4),(0.,1.),.UNSPECIFIED.);
#108=B_SPLINE_CURVE_WITH_KNOTS('',3,(#3703,#3704,#3705,#3706),
 .UNSPECIFIED.,.F.,.F.,(4,4),(0.,1.),.UNSPECIFIED.);
#109=B_SPLINE_CURVE_WITH_KNOTS('',3,(#3753,#3754,#3755,#3756),
 .UNSPECIFIED.,.F.,.F.,(4,4),(0.,0.999949147333862),.UNSPECIFIED.);
#110=B_SPLINE_CURVE_WITH_KNOTS('',3,(#3886,#3887,#3888,#3889,#3890),
 .UNSPECIFIED.,.F.,.F.,(4,1,4),(0.,0.5,1.),.UNSPECIFIED.);
#111=B_SPLINE_CURVE_WITH_KNOTS('',3,(#3892,#3893,#3894,#3895),
 .UNSPECIFIED.,.F.,.F.,(4,4),(2.97353629507885E-14,0.000747284681970474),
 .UNSPECIFIED.);
#112=B_SPLINE_CURVE_WITH_KNOTS('',3,(#4016,#4017,#4018,#4019,#4020),
 .UNSPECIFIED.,.F.,.F.,(4,1,4),(0.,0.000465113296776317,0.000930226593552633),
 .UNSPECIFIED.);
#113=B_SPLINE_CURVE_WITH_KNOTS('',3,(#4316,#4317,#4318,#4319,#4320,#4321),
 .UNSPECIFIED.,.F.,.F.,(4,1,1,4),(0.0653152806232139,0.0696969279974852,
0.0718877516846208,0.0740785753717564),.UNSPECIFIED.);
#114=B_SPLINE_CURVE_WITH_KNOTS('',3,(#4323,#4324,#4325,#4326,#4327),
 .UNSPECIFIED.,.F.,.F.,(4,1,4),(0.0670044129646172,0.0713420955828812,0.0756797782011452),
 .UNSPECIFIED.);
#115=B_SPLINE_CURVE_WITH_KNOTS('',3,(#4364,#4365,#4366,#4367,#4368,#4369,
#4370,#4371,#4372,#4373,#4374,#4375,#4376,#4377,#4378,#4379,#4380),
 .UNSPECIFIED.,.F.,.F.,(4,1,1,1,1,1,1,1,1,1,1,1,1,1,4),(0.,0.000291240548625153,
0.000582481097250306,0.000873721645875458,0.00101934192018803,0.00116496219450061,
0.00145620274312576,0.00174744329175092,0.00232992438900122,0.00291240548625153,
0.00349488658350183,0.00465984877800244,0.00582481097250306,0.00698977316700367,
0.00931969755600489),.UNSPECIFIED.);
#116=B_SPLINE_CURVE_WITH_KNOTS('',3,(#4382,#4383,#4384,#4385,#4386,#4387,
#4388,#4389,#4390,#4391,#4392,#4393,#4394,#4395,#4396,#4397),
 .UNSPECIFIED.,.F.,.F.,(4,1,1,1,1,1,1,1,1,1,1,1,1,4),(0.,0.000574670777586171,
0.000862006166379257,0.0010056738607758,0.00114934155517234,0.00143667694396543,
0.00172401233275851,0.00229868311034468,0.00287335388793086,0.00344802466551703,
0.00459736622068937,0.00574670777586171,0.00689604933103405,0.00919473244137874),
 .UNSPECIFIED.);
#117=ORIENTED_EDGE('',*,*,#567,.T.);
#118=ORIENTED_EDGE('',*,*,#568,.T.);
#119=ORIENTED_EDGE('',*,*,#569,.F.);
#120=ORIENTED_EDGE('',*,*,#570,.T.);
#121=ORIENTED_EDGE('',*,*,#571,.F.);
#122=ORIENTED_EDGE('',*,*,#572,.F.);
#123=ORIENTED_EDGE('',*,*,#573,.T.);
#124=ORIENTED_EDGE('',*,*,#574,.T.);
#125=ORIENTED_EDGE('',*,*,#575,.T.);
#126=ORIENTED_EDGE('',*,*,#576,.T.);
#127=ORIENTED_EDGE('',*,*,#577,.F.);
#128=ORIENTED_EDGE('',*,*,#578,.T.);
#129=ORIENTED_EDGE('',*,*,#579,.T.);
#130=ORIENTED_EDGE('',*,*,#580,.T.);
#131=ORIENTED_EDGE('',*,*,#581,.F.);
#132=ORIENTED_EDGE('',*,*,#582,.T.);
#133=ORIENTED_EDGE('',*,*,#583,.T.);
#134=ORIENTED_EDGE('',*,*,#584,.T.);
#135=ORIENTED_EDGE('',*,*,#585,.T.);
#136=ORIENTED_EDGE('',*,*,#586,.T.);
#137=ORIENTED_EDGE('',*,*,#587,.T.);
#138=ORIENTED_EDGE('',*,*,#588,.T.);
#139=ORIENTED_EDGE('',*,*,#589,.T.);
#140=ORIENTED_EDGE('',*,*,#590,.T.);
#141=ORIENTED_EDGE('',*,*,#591,.F.);
#142=ORIENTED_EDGE('',*,*,#592,.F.);
#143=ORIENTED_EDGE('',*,*,#593,.T.);
#144=ORIENTED_EDGE('',*,*,#594,.T.);
#145=ORIENTED_EDGE('',*,*,#595,.T.);
#146=ORIENTED_EDGE('',*,*,#596,.T.);
#147=ORIENTED_EDGE('',*,*,#577,.T.);
#148=ORIENTED_EDGE('',*,*,#597,.T.);
#149=ORIENTED_EDGE('',*,*,#598,.T.);
#150=ORIENTED_EDGE('',*,*,#599,.T.);
#151=ORIENTED_EDGE('',*,*,#600,.T.);
#152=ORIENTED_EDGE('',*,*,#569,.T.);
#153=ORIENTED_EDGE('',*,*,#601,.T.);
#154=ORIENTED_EDGE('',*,*,#602,.T.);
#155=ORIENTED_EDGE('',*,*,#603,.T.);
#156=ORIENTED_EDGE('',*,*,#571,.T.);
#157=ORIENTED_EDGE('',*,*,#604,.T.);
#158=ORIENTED_EDGE('',*,*,#605,.F.);
#159=ORIENTED_EDGE('',*,*,#606,.T.);
#160=ORIENTED_EDGE('',*,*,#607,.F.);
#161=ORIENTED_EDGE('',*,*,#608,.T.);
#162=ORIENTED_EDGE('',*,*,#609,.F.);
#163=ORIENTED_EDGE('',*,*,#610,.T.);
#164=ORIENTED_EDGE('',*,*,#611,.F.);
#165=ORIENTED_EDGE('',*,*,#612,.T.);
#166=ORIENTED_EDGE('',*,*,#613,.T.);
#167=ORIENTED_EDGE('',*,*,#614,.T.);
#168=ORIENTED_EDGE('',*,*,#615,.F.);
#169=ORIENTED_EDGE('',*,*,#616,.T.);
#170=ORIENTED_EDGE('',*,*,#617,.F.);
#171=ORIENTED_EDGE('',*,*,#605,.T.);
#172=ORIENTED_EDGE('',*,*,#618,.T.);
#173=ORIENTED_EDGE('',*,*,#619,.T.);
#174=ORIENTED_EDGE('',*,*,#620,.T.);
#175=ORIENTED_EDGE('',*,*,#621,.T.);
#176=ORIENTED_EDGE('',*,*,#622,.T.);
#177=ORIENTED_EDGE('',*,*,#623,.T.);
#178=ORIENTED_EDGE('',*,*,#622,.F.);
#179=ORIENTED_EDGE('',*,*,#624,.T.);
#180=ORIENTED_EDGE('',*,*,#625,.T.);
#181=ORIENTED_EDGE('',*,*,#626,.T.);
#182=ORIENTED_EDGE('',*,*,#627,.T.);
#183=ORIENTED_EDGE('',*,*,#628,.T.);
#184=ORIENTED_EDGE('',*,*,#629,.T.);
#185=ORIENTED_EDGE('',*,*,#630,.T.);
#186=ORIENTED_EDGE('',*,*,#607,.T.);
#187=ORIENTED_EDGE('',*,*,#631,.T.);
#188=ORIENTED_EDGE('',*,*,#632,.F.);
#189=ORIENTED_EDGE('',*,*,#633,.T.);
#190=ORIENTED_EDGE('',*,*,#613,.F.);
#191=ORIENTED_EDGE('',*,*,#634,.T.);
#192=ORIENTED_EDGE('',*,*,#635,.T.);
#193=ORIENTED_EDGE('',*,*,#628,.F.);
#194=ORIENTED_EDGE('',*,*,#636,.F.);
#195=ORIENTED_EDGE('',*,*,#637,.T.);
#196=ORIENTED_EDGE('',*,*,#638,.F.);
#197=ORIENTED_EDGE('',*,*,#639,.T.);
#198=ORIENTED_EDGE('',*,*,#640,.T.);
#199=ORIENTED_EDGE('',*,*,#641,.F.);
#200=ORIENTED_EDGE('',*,*,#642,.T.);
#201=ORIENTED_EDGE('',*,*,#620,.F.);
#202=ORIENTED_EDGE('',*,*,#643,.T.);
#203=ORIENTED_EDGE('',*,*,#644,.T.);
#204=ORIENTED_EDGE('',*,*,#645,.T.);
#205=ORIENTED_EDGE('',*,*,#646,.T.);
#206=ORIENTED_EDGE('',*,*,#647,.T.);
#207=ORIENTED_EDGE('',*,*,#648,.T.);
#208=ORIENTED_EDGE('',*,*,#649,.T.);
#209=ORIENTED_EDGE('',*,*,#650,.T.);
#210=ORIENTED_EDGE('',*,*,#641,.T.);
#211=ORIENTED_EDGE('',*,*,#651,.T.);
#212=ORIENTED_EDGE('',*,*,#632,.T.);
#213=ORIENTED_EDGE('',*,*,#652,.T.);
#214=ORIENTED_EDGE('',*,*,#653,.F.);
#215=ORIENTED_EDGE('',*,*,#654,.T.);
#216=ORIENTED_EDGE('',*,*,#655,.T.);
#217=ORIENTED_EDGE('',*,*,#656,.T.);
#218=ORIENTED_EDGE('',*,*,#625,.F.);
#219=ORIENTED_EDGE('',*,*,#657,.T.);
#220=ORIENTED_EDGE('',*,*,#658,.T.);
#221=ORIENTED_EDGE('',*,*,#659,.T.);
#222=ORIENTED_EDGE('',*,*,#655,.F.);
#223=ORIENTED_EDGE('',*,*,#660,.T.);
#224=ORIENTED_EDGE('',*,*,#661,.F.);
#225=ORIENTED_EDGE('',*,*,#658,.F.);
#226=ORIENTED_EDGE('',*,*,#662,.T.);
#227=ORIENTED_EDGE('',*,*,#663,.T.);
#228=ORIENTED_EDGE('',*,*,#664,.T.);
#229=ORIENTED_EDGE('',*,*,#636,.T.);
#230=ORIENTED_EDGE('',*,*,#627,.F.);
#231=ORIENTED_EDGE('',*,*,#665,.T.);
#232=ORIENTED_EDGE('',*,*,#663,.F.);
#233=ORIENTED_EDGE('',*,*,#666,.T.);
#234=ORIENTED_EDGE('',*,*,#653,.T.);
#235=ORIENTED_EDGE('',*,*,#667,.T.);
#236=ORIENTED_EDGE('',*,*,#668,.F.);
#237=ORIENTED_EDGE('',*,*,#669,.T.);
#238=ORIENTED_EDGE('',*,*,#670,.T.);
#239=ORIENTED_EDGE('',*,*,#671,.T.);
#240=ORIENTED_EDGE('',*,*,#672,.T.);
#241=ORIENTED_EDGE('',*,*,#629,.F.);
#242=ORIENTED_EDGE('',*,*,#635,.F.);
#243=ORIENTED_EDGE('',*,*,#673,.T.);
#244=ORIENTED_EDGE('',*,*,#609,.T.);
#245=ORIENTED_EDGE('',*,*,#674,.T.);
#246=ORIENTED_EDGE('',*,*,#671,.F.);
#247=ORIENTED_EDGE('',*,*,#675,.T.);
#248=ORIENTED_EDGE('',*,*,#611,.T.);
#249=ORIENTED_EDGE('',*,*,#676,.T.);
#250=ORIENTED_EDGE('',*,*,#669,.F.);
#251=ORIENTED_EDGE('',*,*,#677,.T.);
#252=ORIENTED_EDGE('',*,*,#617,.T.);
#253=ORIENTED_EDGE('',*,*,#668,.T.);
#254=ORIENTED_EDGE('',*,*,#661,.T.);
#255=ORIENTED_EDGE('',*,*,#678,.F.);
#256=ORIENTED_EDGE('',*,*,#678,.T.);
#257=ORIENTED_EDGE('',*,*,#656,.F.);
#258=ORIENTED_EDGE('',*,*,#659,.F.);
#259=ORIENTED_EDGE('',*,*,#665,.F.);
#260=ORIENTED_EDGE('',*,*,#626,.F.);
#261=ORIENTED_EDGE('',*,*,#608,.F.);
#262=ORIENTED_EDGE('',*,*,#630,.F.);
#263=ORIENTED_EDGE('',*,*,#672,.F.);
#264=ORIENTED_EDGE('',*,*,#674,.F.);
#265=ORIENTED_EDGE('',*,*,#654,.F.);
#266=ORIENTED_EDGE('',*,*,#666,.F.);
#267=ORIENTED_EDGE('',*,*,#662,.F.);
#268=ORIENTED_EDGE('',*,*,#660,.F.);
#269=ORIENTED_EDGE('',*,*,#652,.F.);
#270=ORIENTED_EDGE('',*,*,#637,.F.);
#271=ORIENTED_EDGE('',*,*,#664,.F.);
#272=ORIENTED_EDGE('',*,*,#667,.F.);
#273=ORIENTED_EDGE('',*,*,#610,.F.);
#274=ORIENTED_EDGE('',*,*,#675,.F.);
#275=ORIENTED_EDGE('',*,*,#670,.F.);
#276=ORIENTED_EDGE('',*,*,#676,.F.);
#277=ORIENTED_EDGE('',*,*,#673,.F.);
#278=ORIENTED_EDGE('',*,*,#634,.F.);
#279=ORIENTED_EDGE('',*,*,#612,.F.);
#280=ORIENTED_EDGE('',*,*,#677,.F.);
#281=ORIENTED_EDGE('',*,*,#679,.F.);
#282=ORIENTED_EDGE('',*,*,#680,.T.);
#283=ORIENTED_EDGE('',*,*,#572,.T.);
#284=ORIENTED_EDGE('',*,*,#616,.F.);
#285=ORIENTED_EDGE('',*,*,#681,.T.);
#286=ORIENTED_EDGE('',*,*,#682,.T.);
#287=ORIENTED_EDGE('',*,*,#683,.T.);
#288=ORIENTED_EDGE('',*,*,#684,.T.);
#289=ORIENTED_EDGE('',*,*,#615,.T.);
#290=ORIENTED_EDGE('',*,*,#685,.T.);
#291=ORIENTED_EDGE('',*,*,#638,.T.);
#292=ORIENTED_EDGE('',*,*,#686,.T.);
#293=ORIENTED_EDGE('',*,*,#687,.T.);
#294=ORIENTED_EDGE('',*,*,#688,.T.);
#295=ORIENTED_EDGE('',*,*,#689,.T.);
#296=ORIENTED_EDGE('',*,*,#679,.T.);
#297=ORIENTED_EDGE('',*,*,#690,.T.);
#298=ORIENTED_EDGE('',*,*,#691,.T.);
#299=ORIENTED_EDGE('',*,*,#593,.F.);
#300=ORIENTED_EDGE('',*,*,#692,.T.);
#301=ORIENTED_EDGE('',*,*,#693,.T.);
#302=ORIENTED_EDGE('',*,*,#694,.T.);
#303=ORIENTED_EDGE('',*,*,#647,.F.);
#304=ORIENTED_EDGE('',*,*,#695,.T.);
#305=ORIENTED_EDGE('',*,*,#696,.T.);
#306=ORIENTED_EDGE('',*,*,#697,.T.);
#307=ORIENTED_EDGE('',*,*,#698,.T.);
#308=ORIENTED_EDGE('',*,*,#699,.T.);
#309=ORIENTED_EDGE('',*,*,#586,.F.);
#310=ORIENTED_EDGE('',*,*,#700,.F.);
#311=ORIENTED_EDGE('',*,*,#701,.T.);
#312=ORIENTED_EDGE('',*,*,#702,.T.);
#313=ORIENTED_EDGE('',*,*,#703,.F.);
#314=ORIENTED_EDGE('',*,*,#704,.F.);
#315=ORIENTED_EDGE('',*,*,#702,.F.);
#316=ORIENTED_EDGE('',*,*,#705,.T.);
#317=ORIENTED_EDGE('',*,*,#706,.F.);
#318=ORIENTED_EDGE('',*,*,#707,.F.);
#319=ORIENTED_EDGE('',*,*,#584,.F.);
#320=ORIENTED_EDGE('',*,*,#708,.T.);
#321=ORIENTED_EDGE('',*,*,#709,.T.);
#322=ORIENTED_EDGE('',*,*,#710,.F.);
#323=ORIENTED_EDGE('',*,*,#711,.F.);
#324=ORIENTED_EDGE('',*,*,#706,.T.);
#325=ORIENTED_EDGE('',*,*,#712,.T.);
#326=ORIENTED_EDGE('',*,*,#713,.F.);
#327=ORIENTED_EDGE('',*,*,#700,.T.);
#328=ORIENTED_EDGE('',*,*,#585,.F.);
#329=ORIENTED_EDGE('',*,*,#713,.T.);
#330=ORIENTED_EDGE('',*,*,#714,.F.);
#331=ORIENTED_EDGE('',*,*,#714,.T.);
#332=ORIENTED_EDGE('',*,*,#712,.F.);
#333=ORIENTED_EDGE('',*,*,#705,.F.);
#334=ORIENTED_EDGE('',*,*,#701,.F.);
#335=ORIENTED_EDGE('',*,*,#707,.T.);
#336=ORIENTED_EDGE('',*,*,#711,.T.);
#337=ORIENTED_EDGE('',*,*,#715,.F.);
#338=ORIENTED_EDGE('',*,*,#703,.T.);
#339=ORIENTED_EDGE('',*,*,#716,.T.);
#340=ORIENTED_EDGE('',*,*,#704,.T.);
#341=ORIENTED_EDGE('',*,*,#715,.T.);
#342=ORIENTED_EDGE('',*,*,#710,.T.);
#343=ORIENTED_EDGE('',*,*,#717,.T.);
#344=ORIENTED_EDGE('',*,*,#718,.T.);
#345=ORIENTED_EDGE('',*,*,#582,.F.);
#346=ORIENTED_EDGE('',*,*,#719,.F.);
#347=ORIENTED_EDGE('',*,*,#581,.T.);
#348=ORIENTED_EDGE('',*,*,#720,.T.);
#349=ORIENTED_EDGE('',*,*,#721,.F.);
#350=ORIENTED_EDGE('',*,*,#719,.T.);
#351=ORIENTED_EDGE('',*,*,#721,.T.);
#352=ORIENTED_EDGE('',*,*,#722,.T.);
#353=ORIENTED_EDGE('',*,*,#723,.F.);
#354=ORIENTED_EDGE('',*,*,#724,.F.);
#355=ORIENTED_EDGE('',*,*,#725,.T.);
#356=ORIENTED_EDGE('',*,*,#698,.F.);
#357=ORIENTED_EDGE('',*,*,#716,.F.);
#358=ORIENTED_EDGE('',*,*,#709,.F.);
#359=ORIENTED_EDGE('',*,*,#726,.T.);
#360=ORIENTED_EDGE('',*,*,#717,.F.);
#361=ORIENTED_EDGE('',*,*,#723,.T.);
#362=ORIENTED_EDGE('',*,*,#727,.T.);
#363=ORIENTED_EDGE('',*,*,#579,.F.);
#364=ORIENTED_EDGE('',*,*,#728,.F.);
#365=ORIENTED_EDGE('',*,*,#588,.F.);
#366=ORIENTED_EDGE('',*,*,#729,.T.);
#367=ORIENTED_EDGE('',*,*,#724,.T.);
#368=ORIENTED_EDGE('',*,*,#728,.T.);
#369=ORIENTED_EDGE('',*,*,#730,.T.);
#370=ORIENTED_EDGE('',*,*,#731,.T.);
#371=ORIENTED_EDGE('',*,*,#732,.F.);
#372=ORIENTED_EDGE('',*,*,#590,.F.);
#373=ORIENTED_EDGE('',*,*,#732,.T.);
#374=ORIENTED_EDGE('',*,*,#733,.T.);
#375=ORIENTED_EDGE('',*,*,#734,.F.);
#376=ORIENTED_EDGE('',*,*,#591,.T.);
#377=ORIENTED_EDGE('',*,*,#734,.T.);
#378=ORIENTED_EDGE('',*,*,#735,.T.);
#379=ORIENTED_EDGE('',*,*,#736,.F.);
#380=ORIENTED_EDGE('',*,*,#592,.T.);
#381=ORIENTED_EDGE('',*,*,#736,.T.);
#382=ORIENTED_EDGE('',*,*,#737,.T.);
#383=ORIENTED_EDGE('',*,*,#730,.F.);
#384=ORIENTED_EDGE('',*,*,#589,.F.);
#385=ORIENTED_EDGE('',*,*,#649,.F.);
#386=ORIENTED_EDGE('',*,*,#738,.T.);
#387=ORIENTED_EDGE('',*,*,#739,.T.);
#388=ORIENTED_EDGE('',*,*,#740,.T.);
#389=ORIENTED_EDGE('',*,*,#645,.F.);
#390=ORIENTED_EDGE('',*,*,#741,.T.);
#391=ORIENTED_EDGE('',*,*,#742,.T.);
#392=ORIENTED_EDGE('',*,*,#743,.T.);
#393=ORIENTED_EDGE('',*,*,#744,.F.);
#394=ORIENTED_EDGE('',*,*,#681,.F.);
#395=ORIENTED_EDGE('',*,*,#745,.F.);
#396=ORIENTED_EDGE('',*,*,#689,.F.);
#397=ORIENTED_EDGE('',*,*,#746,.F.);
#398=ORIENTED_EDGE('',*,*,#744,.T.);
#399=ORIENTED_EDGE('',*,*,#747,.F.);
#400=ORIENTED_EDGE('',*,*,#748,.F.);
#401=ORIENTED_EDGE('',*,*,#749,.F.);
#402=ORIENTED_EDGE('',*,*,#745,.T.);
#403=ORIENTED_EDGE('',*,*,#684,.F.);
#404=ORIENTED_EDGE('',*,*,#750,.F.);
#405=ORIENTED_EDGE('',*,*,#680,.F.);
#406=ORIENTED_EDGE('',*,*,#751,.F.);
#407=ORIENTED_EDGE('',*,*,#747,.T.);
#408=ORIENTED_EDGE('',*,*,#688,.F.);
#409=ORIENTED_EDGE('',*,*,#752,.F.);
#410=ORIENTED_EDGE('',*,*,#692,.F.);
#411=ORIENTED_EDGE('',*,*,#596,.F.);
#412=ORIENTED_EDGE('',*,*,#753,.F.);
#413=ORIENTED_EDGE('',*,*,#754,.F.);
#414=ORIENTED_EDGE('',*,*,#722,.F.);
#415=ORIENTED_EDGE('',*,*,#755,.F.);
#416=ORIENTED_EDGE('',*,*,#748,.T.);
#417=ORIENTED_EDGE('',*,*,#751,.T.);
#418=ORIENTED_EDGE('',*,*,#756,.F.);
#419=ORIENTED_EDGE('',*,*,#749,.T.);
#420=ORIENTED_EDGE('',*,*,#755,.T.);
#421=ORIENTED_EDGE('',*,*,#720,.F.);
#422=ORIENTED_EDGE('',*,*,#757,.F.);
#423=ORIENTED_EDGE('',*,*,#758,.F.);
#424=ORIENTED_EDGE('',*,*,#746,.T.);
#425=ORIENTED_EDGE('',*,*,#756,.T.);
#426=ORIENTED_EDGE('',*,*,#759,.F.);
#427=ORIENTED_EDGE('',*,*,#682,.F.);
#428=ORIENTED_EDGE('',*,*,#750,.T.);
#429=ORIENTED_EDGE('',*,*,#683,.F.);
#430=ORIENTED_EDGE('',*,*,#760,.F.);
#431=ORIENTED_EDGE('',*,*,#573,.F.);
#432=ORIENTED_EDGE('',*,*,#739,.F.);
#433=ORIENTED_EDGE('',*,*,#761,.T.);
#434=ORIENTED_EDGE('',*,*,#762,.F.);
#435=ORIENTED_EDGE('',*,*,#693,.F.);
#436=ORIENTED_EDGE('',*,*,#752,.T.);
#437=ORIENTED_EDGE('',*,*,#687,.F.);
#438=ORIENTED_EDGE('',*,*,#763,.T.);
#439=ORIENTED_EDGE('',*,*,#764,.F.);
#440=ORIENTED_EDGE('',*,*,#727,.F.);
#441=ORIENTED_EDGE('',*,*,#754,.T.);
#442=ORIENTED_EDGE('',*,*,#753,.T.);
#443=ORIENTED_EDGE('',*,*,#595,.F.);
#444=ORIENTED_EDGE('',*,*,#765,.F.);
#445=ORIENTED_EDGE('',*,*,#766,.F.);
#446=ORIENTED_EDGE('',*,*,#757,.T.);
#447=ORIENTED_EDGE('',*,*,#580,.F.);
#448=ORIENTED_EDGE('',*,*,#764,.T.);
#449=ORIENTED_EDGE('',*,*,#767,.F.);
#450=ORIENTED_EDGE('',*,*,#758,.T.);
#451=ORIENTED_EDGE('',*,*,#766,.T.);
#452=ORIENTED_EDGE('',*,*,#768,.F.);
#453=ORIENTED_EDGE('',*,*,#760,.T.);
#454=ORIENTED_EDGE('',*,*,#759,.T.);
#455=ORIENTED_EDGE('',*,*,#696,.F.);
#456=ORIENTED_EDGE('',*,*,#769,.T.);
#457=ORIENTED_EDGE('',*,*,#770,.F.);
#458=ORIENTED_EDGE('',*,*,#694,.F.);
#459=ORIENTED_EDGE('',*,*,#762,.T.);
#460=ORIENTED_EDGE('',*,*,#771,.T.);
#461=ORIENTED_EDGE('',*,*,#594,.F.);
#462=ORIENTED_EDGE('',*,*,#691,.F.);
#463=ORIENTED_EDGE('',*,*,#772,.F.);
#464=ORIENTED_EDGE('',*,*,#574,.F.);
#465=ORIENTED_EDGE('',*,*,#768,.T.);
#466=ORIENTED_EDGE('',*,*,#767,.T.);
#467=ORIENTED_EDGE('',*,*,#765,.T.);
#468=ORIENTED_EDGE('',*,*,#773,.T.);
#469=ORIENTED_EDGE('',*,*,#575,.F.);
#470=ORIENTED_EDGE('',*,*,#772,.T.);
#471=ORIENTED_EDGE('',*,*,#690,.F.);
#472=ORIENTED_EDGE('',*,*,#770,.T.);
#473=ORIENTED_EDGE('',*,*,#774,.T.);
#474=ORIENTED_EDGE('',*,*,#742,.F.);
#475=ORIENTED_EDGE('',*,*,#775,.F.);
#476=ORIENTED_EDGE('',*,*,#602,.F.);
#477=ORIENTED_EDGE('',*,*,#776,.F.);
#478=ORIENTED_EDGE('',*,*,#731,.F.);
#479=ORIENTED_EDGE('',*,*,#601,.F.);
#480=ORIENTED_EDGE('',*,*,#568,.F.);
#481=ORIENTED_EDGE('',*,*,#777,.F.);
#482=ORIENTED_EDGE('',*,*,#733,.F.);
#483=ORIENTED_EDGE('',*,*,#776,.T.);
#484=ORIENTED_EDGE('',*,*,#775,.T.);
#485=ORIENTED_EDGE('',*,*,#737,.F.);
#486=ORIENTED_EDGE('',*,*,#778,.F.);
#487=ORIENTED_EDGE('',*,*,#578,.F.);
#488=ORIENTED_EDGE('',*,*,#603,.F.);
#489=ORIENTED_EDGE('',*,*,#777,.T.);
#490=ORIENTED_EDGE('',*,*,#567,.F.);
#491=ORIENTED_EDGE('',*,*,#778,.T.);
#492=ORIENTED_EDGE('',*,*,#735,.F.);
#493=ORIENTED_EDGE('',*,*,#726,.F.);
#494=ORIENTED_EDGE('',*,*,#708,.F.);
#495=ORIENTED_EDGE('',*,*,#583,.F.);
#496=ORIENTED_EDGE('',*,*,#718,.F.);
#497=ORIENTED_EDGE('',*,*,#587,.F.);
#498=ORIENTED_EDGE('',*,*,#699,.F.);
#499=ORIENTED_EDGE('',*,*,#725,.F.);
#500=ORIENTED_EDGE('',*,*,#729,.F.);
#501=ORIENTED_EDGE('',*,*,#761,.F.);
#502=ORIENTED_EDGE('',*,*,#738,.F.);
#503=ORIENTED_EDGE('',*,*,#648,.F.);
#504=ORIENTED_EDGE('',*,*,#697,.F.);
#505=ORIENTED_EDGE('',*,*,#771,.F.);
#506=ORIENTED_EDGE('',*,*,#650,.F.);
#507=ORIENTED_EDGE('',*,*,#740,.F.);
#508=ORIENTED_EDGE('',*,*,#763,.F.);
#509=ORIENTED_EDGE('',*,*,#686,.F.);
#510=ORIENTED_EDGE('',*,*,#642,.F.);
#511=ORIENTED_EDGE('',*,*,#640,.F.);
#512=ORIENTED_EDGE('',*,*,#779,.T.);
#513=ORIENTED_EDGE('',*,*,#633,.F.);
#514=ORIENTED_EDGE('',*,*,#651,.F.);
#515=ORIENTED_EDGE('',*,*,#779,.F.);
#516=ORIENTED_EDGE('',*,*,#639,.F.);
#517=ORIENTED_EDGE('',*,*,#685,.F.);
#518=ORIENTED_EDGE('',*,*,#614,.F.);
#519=ORIENTED_EDGE('',*,*,#570,.F.);
#520=ORIENTED_EDGE('',*,*,#600,.F.);
#521=ORIENTED_EDGE('',*,*,#780,.F.);
#522=ORIENTED_EDGE('',*,*,#604,.F.);
#523=ORIENTED_EDGE('',*,*,#780,.T.);
#524=ORIENTED_EDGE('',*,*,#599,.F.);
#525=ORIENTED_EDGE('',*,*,#781,.F.);
#526=ORIENTED_EDGE('',*,*,#618,.F.);
#527=ORIENTED_EDGE('',*,*,#781,.T.);
#528=ORIENTED_EDGE('',*,*,#598,.F.);
#529=ORIENTED_EDGE('',*,*,#782,.T.);
#530=ORIENTED_EDGE('',*,*,#643,.F.);
#531=ORIENTED_EDGE('',*,*,#619,.F.);
#532=ORIENTED_EDGE('',*,*,#621,.F.);
#533=ORIENTED_EDGE('',*,*,#657,.F.);
#534=ORIENTED_EDGE('',*,*,#624,.F.);
#535=ORIENTED_EDGE('',*,*,#623,.F.);
#536=ORIENTED_EDGE('',*,*,#631,.F.);
#537=ORIENTED_EDGE('',*,*,#606,.F.);
#538=ORIENTED_EDGE('',*,*,#773,.F.);
#539=ORIENTED_EDGE('',*,*,#741,.F.);
#540=ORIENTED_EDGE('',*,*,#644,.F.);
#541=ORIENTED_EDGE('',*,*,#782,.F.);
#542=ORIENTED_EDGE('',*,*,#597,.F.);
#543=ORIENTED_EDGE('',*,*,#576,.F.);
#544=ORIENTED_EDGE('',*,*,#646,.F.);
#545=ORIENTED_EDGE('',*,*,#743,.F.);
#546=ORIENTED_EDGE('',*,*,#774,.F.);
#547=ORIENTED_EDGE('',*,*,#769,.F.);
#548=ORIENTED_EDGE('',*,*,#695,.F.);
#549=ORIENTED_EDGE('',*,*,#783,.F.);
#550=ORIENTED_EDGE('',*,*,#784,.F.);
#551=ORIENTED_EDGE('',*,*,#785,.T.);
#552=ORIENTED_EDGE('',*,*,#786,.F.);
#553=ORIENTED_EDGE('',*,*,#786,.T.);
#554=ORIENTED_EDGE('',*,*,#787,.F.);
#555=ORIENTED_EDGE('',*,*,#788,.T.);
#556=ORIENTED_EDGE('',*,*,#789,.F.);
#557=ORIENTED_EDGE('',*,*,#784,.T.);
#558=ORIENTED_EDGE('',*,*,#790,.T.);
#559=ORIENTED_EDGE('',*,*,#791,.T.);
#560=ORIENTED_EDGE('',*,*,#790,.F.);
#561=ORIENTED_EDGE('',*,*,#783,.T.);
#562=ORIENTED_EDGE('',*,*,#788,.F.);
#563=ORIENTED_EDGE('',*,*,#787,.T.);
#564=ORIENTED_EDGE('',*,*,#785,.F.);
#565=ORIENTED_EDGE('',*,*,#789,.T.);
#566=ORIENTED_EDGE('',*,*,#791,.F.);
#567=EDGE_CURVE('',#792,#793,#938,.T.);
#568=EDGE_CURVE('',#793,#794,#939,.T.);
#569=EDGE_CURVE('',#795,#794,#940,.F.);
#570=EDGE_CURVE('',#795,#796,#54,.T.);
#571=EDGE_CURVE('',#797,#796,#941,.F.);
#572=EDGE_CURVE('',#798,#797,#942,.T.);
#573=EDGE_CURVE('',#798,#799,#943,.T.);
#574=EDGE_CURVE('',#799,#800,#944,.T.);
#575=EDGE_CURVE('',#800,#801,#945,.T.);
#576=EDGE_CURVE('',#801,#802,#55,.T.);
#577=EDGE_CURVE('',#803,#802,#946,.F.);
#578=EDGE_CURVE('',#803,#792,#947,.T.);
#579=EDGE_CURVE('',#804,#805,#948,.T.);
#580=EDGE_CURVE('',#805,#806,#949,.T.);
#581=EDGE_CURVE('',#807,#806,#950,.T.);
#582=EDGE_CURVE('',#807,#808,#951,.T.);
#583=EDGE_CURVE('',#808,#809,#56,.T.);
#584=EDGE_CURVE('',#809,#810,#952,.T.);
#585=EDGE_CURVE('',#810,#811,#953,.F.);
#586=EDGE_CURVE('',#811,#812,#954,.F.);
#587=EDGE_CURVE('',#812,#813,#57,.T.);
#588=EDGE_CURVE('',#813,#804,#955,.T.);
#589=EDGE_CURVE('',#814,#815,#956,.T.);
#590=EDGE_CURVE('',#815,#816,#957,.T.);
#591=EDGE_CURVE('',#817,#816,#958,.T.);
#592=EDGE_CURVE('',#814,#817,#959,.T.);
#593=EDGE_CURVE('',#818,#819,#960,.T.);
#594=EDGE_CURVE('',#819,#820,#961,.T.);
#595=EDGE_CURVE('',#820,#821,#962,.T.);
#596=EDGE_CURVE('',#821,#818,#963,.T.);
#597=EDGE_CURVE('',#802,#822,#58,.T.);
#598=EDGE_CURVE('',#822,#823,#59,.T.);
#599=EDGE_CURVE('',#823,#824,#964,.T.);
#600=EDGE_CURVE('',#824,#795,#60,.T.);
#601=EDGE_CURVE('',#794,#825,#61,.T.);
#602=EDGE_CURVE('',#825,#826,#965,.F.);
#603=EDGE_CURVE('',#826,#803,#62,.T.);
#604=EDGE_CURVE('',#796,#827,#63,.T.);
#605=EDGE_CURVE('',#828,#827,#966,.F.);
#606=EDGE_CURVE('',#828,#829,#64,.T.);
#607=EDGE_CURVE('',#830,#829,#65,.T.);
#608=EDGE_CURVE('',#830,#831,#66,.T.);
#609=EDGE_CURVE('',#832,#831,#967,.T.);
#610=EDGE_CURVE('',#832,#833,#67,.T.);
#611=EDGE_CURVE('',#834,#833,#68,.T.);
#612=EDGE_CURVE('',#834,#835,#69,.T.);
#613=EDGE_CURVE('',#835,#836,#968,.F.);
#614=EDGE_CURVE('',#836,#837,#70,.T.);
#615=EDGE_CURVE('',#838,#837,#969,.F.);
#616=EDGE_CURVE('',#838,#797,#71,.T.);
#617=EDGE_CURVE('',#839,#839,#72,.T.);
#618=EDGE_CURVE('',#827,#840,#970,.T.);
#619=EDGE_CURVE('',#840,#841,#971,.T.);
#620=EDGE_CURVE('',#841,#842,#972,.T.);
#621=EDGE_CURVE('',#842,#828,#73,.T.);
#622=EDGE_CURVE('',#843,#844,#973,.T.);
#623=EDGE_CURVE('',#844,#843,#74,.T.);
#624=EDGE_CURVE('',#843,#845,#75,.T.);
#625=EDGE_CURVE('',#845,#846,#76,.T.);
#626=EDGE_CURVE('',#846,#847,#974,.T.);
#627=EDGE_CURVE('',#847,#848,#975,.T.);
#628=EDGE_CURVE('',#848,#849,#976,.T.);
#629=EDGE_CURVE('',#849,#850,#977,.T.);
#630=EDGE_CURVE('',#850,#830,#978,.F.);
#631=EDGE_CURVE('',#829,#844,#77,.T.);
#632=EDGE_CURVE('',#851,#852,#979,.T.);
#633=EDGE_CURVE('',#851,#836,#980,.T.);
#634=EDGE_CURVE('',#835,#853,#981,.F.);
#635=EDGE_CURVE('',#853,#849,#982,.T.);
#636=EDGE_CURVE('',#854,#848,#983,.T.);
#637=EDGE_CURVE('',#854,#852,#984,.F.);
#638=EDGE_CURVE('',#855,#856,#985,.T.);
#639=EDGE_CURVE('',#855,#857,#78,.T.);
#640=EDGE_CURVE('',#857,#858,#986,.T.);
#641=EDGE_CURVE('',#859,#858,#79,.T.);
#642=EDGE_CURVE('',#859,#856,#987,.T.);
#643=EDGE_CURVE('',#841,#860,#80,.T.);
#644=EDGE_CURVE('',#860,#861,#81,.T.);
#645=EDGE_CURVE('',#861,#862,#988,.T.);
#646=EDGE_CURVE('',#862,#863,#82,.T.);
#647=EDGE_CURVE('',#863,#864,#83,.T.);
#648=EDGE_CURVE('',#864,#865,#84,.T.);
#649=EDGE_CURVE('',#865,#866,#989,.F.);
#650=EDGE_CURVE('',#866,#859,#85,.T.);
#651=EDGE_CURVE('',#858,#851,#86,.T.);
#652=EDGE_CURVE('',#852,#867,#87,.T.);
#653=EDGE_CURVE('',#868,#867,#88,.T.);
#654=EDGE_CURVE('',#868,#869,#89,.T.);
#655=EDGE_CURVE('',#869,#870,#990,.T.);
#656=EDGE_CURVE('',#870,#846,#90,.T.);
#657=EDGE_CURVE('',#845,#842,#91,.T.);
#658=EDGE_CURVE('',#871,#872,#991,.T.);
#659=EDGE_CURVE('',#872,#870,#992,.F.);
#660=EDGE_CURVE('',#869,#871,#993,.T.);
#661=EDGE_CURVE('',#873,#873,#29,.T.);
#662=EDGE_CURVE('',#871,#874,#30,.T.);
#663=EDGE_CURVE('',#874,#875,#994,.T.);
#664=EDGE_CURVE('',#875,#854,#31,.T.);
#665=EDGE_CURVE('',#847,#872,#32,.F.);
#666=EDGE_CURVE('',#874,#868,#995,.F.);
#667=EDGE_CURVE('',#867,#875,#996,.T.);
#668=EDGE_CURVE('',#876,#876,#33,.T.);
#669=EDGE_CURVE('',#877,#878,#997,.T.);
#670=EDGE_CURVE('',#878,#879,#34,.T.);
#671=EDGE_CURVE('',#879,#880,#998,.T.);
#672=EDGE_CURVE('',#880,#850,#35,.F.);
#673=EDGE_CURVE('',#853,#877,#36,.T.);
#674=EDGE_CURVE('',#831,#880,#999,.T.);
#675=EDGE_CURVE('',#879,#832,#1000,.F.);
#676=EDGE_CURVE('',#833,#878,#1001,.T.);
#677=EDGE_CURVE('',#877,#834,#1002,.T.);
#678=EDGE_CURVE('',#881,#881,#37,.T.);
#679=EDGE_CURVE('',#882,#838,#1003,.T.);
#680=EDGE_CURVE('',#882,#798,#1004,.T.);
#681=EDGE_CURVE('',#883,#884,#1005,.T.);
#682=EDGE_CURVE('',#884,#885,#1006,.T.);
#683=EDGE_CURVE('',#885,#886,#1007,.T.);
#684=EDGE_CURVE('',#886,#883,#1008,.T.);
#685=EDGE_CURVE('',#837,#855,#92,.T.);
#686=EDGE_CURVE('',#856,#887,#1009,.T.);
#687=EDGE_CURVE('',#887,#888,#1010,.T.);
#688=EDGE_CURVE('',#888,#889,#1011,.T.);
#689=EDGE_CURVE('',#889,#882,#1012,.T.);
#690=EDGE_CURVE('',#890,#891,#1013,.T.);
#691=EDGE_CURVE('',#891,#819,#1014,.T.);
#692=EDGE_CURVE('',#818,#892,#1015,.F.);
#693=EDGE_CURVE('',#892,#893,#1016,.T.);
#694=EDGE_CURVE('',#893,#890,#1017,.T.);
#695=EDGE_CURVE('',#863,#894,#1018,.T.);
#696=EDGE_CURVE('',#894,#895,#1019,.T.);
#697=EDGE_CURVE('',#895,#864,#1020,.T.);
#698=EDGE_CURVE('',#896,#897,#1021,.F.);
#699=EDGE_CURVE('',#897,#812,#93,.F.);
#700=EDGE_CURVE('',#898,#811,#94,.T.);
#701=EDGE_CURVE('',#898,#899,#95,.T.);
#702=EDGE_CURVE('',#899,#900,#96,.T.);
#703=EDGE_CURVE('',#901,#900,#1022,.T.);
#704=EDGE_CURVE('',#896,#901,#97,.T.);
#705=EDGE_CURVE('',#899,#902,#1023,.T.);
#706=EDGE_CURVE('',#903,#902,#98,.T.);
#707=EDGE_CURVE('',#900,#903,#1024,.T.);
#708=EDGE_CURVE('',#809,#904,#99,.F.);
#709=EDGE_CURVE('',#904,#905,#1025,.T.);
#710=EDGE_CURVE('',#906,#905,#100,.T.);
#711=EDGE_CURVE('',#903,#906,#1026,.F.);
#712=EDGE_CURVE('',#902,#907,#101,.T.);
#713=EDGE_CURVE('',#810,#907,#102,.T.);
#714=EDGE_CURVE('',#898,#907,#1027,.T.);
#715=EDGE_CURVE('',#901,#906,#1028,.T.);
#716=EDGE_CURVE('',#905,#896,#1029,.T.);
#717=EDGE_CURVE('',#908,#909,#1030,.T.);
#718=EDGE_CURVE('',#909,#808,#103,.T.);
#719=EDGE_CURVE('',#908,#807,#1031,.T.);
#720=EDGE_CURVE('',#806,#910,#1032,.T.);
#721=EDGE_CURVE('',#908,#910,#1033,.T.);
#722=EDGE_CURVE('',#910,#911,#1034,.T.);
#723=EDGE_CURVE('',#912,#911,#1035,.T.);
#724=EDGE_CURVE('',#913,#912,#1036,.T.);
#725=EDGE_CURVE('',#913,#897,#104,.T.);
#726=EDGE_CURVE('',#904,#909,#105,.T.);
#727=EDGE_CURVE('',#911,#805,#1037,.T.);
#728=EDGE_CURVE('',#912,#804,#1038,.T.);
#729=EDGE_CURVE('',#813,#913,#106,.T.);
#730=EDGE_CURVE('',#815,#914,#1039,.T.);
#731=EDGE_CURVE('',#914,#915,#1040,.T.);
#732=EDGE_CURVE('',#816,#915,#1041,.T.);
#733=EDGE_CURVE('',#915,#916,#1042,.T.);
#734=EDGE_CURVE('',#817,#916,#1043,.T.);
#735=EDGE_CURVE('',#916,#917,#1044,.T.);
#736=EDGE_CURVE('',#814,#917,#1045,.T.);
#737=EDGE_CURVE('',#917,#914,#1046,.T.);
#738=EDGE_CURVE('',#865,#918,#1047,.T.);
#739=EDGE_CURVE('',#918,#919,#1048,.T.);
#740=EDGE_CURVE('',#919,#866,#1049,.T.);
#741=EDGE_CURVE('',#861,#920,#107,.T.);
#742=EDGE_CURVE('',#920,#921,#1050,.T.);
#743=EDGE_CURVE('',#921,#862,#1051,.T.);
#744=EDGE_CURVE('',#884,#889,#1052,.T.);
#745=EDGE_CURVE('',#882,#883,#1053,.F.);
#746=EDGE_CURVE('',#884,#922,#1054,.F.);
#747=EDGE_CURVE('',#923,#889,#1055,.T.);
#748=EDGE_CURVE('',#924,#923,#1056,.T.);
#749=EDGE_CURVE('',#922,#924,#1057,.F.);
#750=EDGE_CURVE('',#798,#886,#1058,.T.);
#751=EDGE_CURVE('',#923,#925,#1059,.F.);
#752=EDGE_CURVE('',#892,#888,#1060,.F.);
#753=EDGE_CURVE('',#925,#821,#1061,.F.);
#754=EDGE_CURVE('',#911,#925,#1062,.T.);
#755=EDGE_CURVE('',#924,#910,#1063,.T.);
#756=EDGE_CURVE('',#922,#926,#1064,.T.);
#757=EDGE_CURVE('',#927,#806,#1065,.F.);
#758=EDGE_CURVE('',#926,#927,#1066,.T.);
#759=EDGE_CURVE('',#885,#926,#1067,.T.);
#760=EDGE_CURVE('',#799,#885,#1068,.F.);
#761=EDGE_CURVE('',#918,#928,#1069,.F.);
#762=EDGE_CURVE('',#893,#928,#1070,.F.);
#763=EDGE_CURVE('',#887,#919,#1071,.T.);
#764=EDGE_CURVE('',#805,#929,#1072,.T.);
#765=EDGE_CURVE('',#929,#820,#1073,.F.);
#766=EDGE_CURVE('',#927,#930,#1074,.T.);
#767=EDGE_CURVE('',#930,#929,#1075,.T.);
#768=EDGE_CURVE('',#799,#930,#1076,.F.);
#769=EDGE_CURVE('',#894,#931,#1077,.F.);
#770=EDGE_CURVE('',#890,#931,#1078,.F.);
#771=EDGE_CURVE('',#928,#895,#1079,.F.);
#772=EDGE_CURVE('',#800,#891,#1080,.F.);
#773=EDGE_CURVE('',#920,#801,#108,.T.);
#774=EDGE_CURVE('',#931,#921,#1081,.F.);
#775=EDGE_CURVE('',#826,#914,#1082,.F.);
#776=EDGE_CURVE('',#915,#825,#1083,.F.);
#777=EDGE_CURVE('',#916,#793,#1084,.F.);
#778=EDGE_CURVE('',#792,#917,#1085,.T.);
#779=EDGE_CURVE('',#857,#836,#109,.T.);
#780=EDGE_CURVE('',#827,#824,#110,.T.);
#781=EDGE_CURVE('',#840,#823,#111,.T.);
#782=EDGE_CURVE('',#822,#860,#112,.T.);
#783=EDGE_CURVE('',#932,#933,#1086,.T.);
#784=EDGE_CURVE('',#934,#932,#1087,.T.);
#785=EDGE_CURVE('',#934,#935,#1088,.T.);
#786=EDGE_CURVE('',#933,#935,#1089,.F.);
#787=EDGE_CURVE('',#936,#935,#113,.T.);
#788=EDGE_CURVE('',#936,#933,#114,.T.);
#789=EDGE_CURVE('',#934,#937,#115,.T.);
#790=EDGE_CURVE('',#932,#937,#116,.T.);
#791=EDGE_CURVE('',#936,#937,#1090,.F.);
#792=VERTEX_POINT('',#1970);
#793=VERTEX_POINT('',#1971);
#794=VERTEX_POINT('',#1973);
#795=VERTEX_POINT('',#1975);
#796=VERTEX_POINT('',#1980);
#797=VERTEX_POINT('',#1982);
#798=VERTEX_POINT('',#1984);
#799=VERTEX_POINT('',#1986);
#800=VERTEX_POINT('',#1988);
#801=VERTEX_POINT('',#1990);
#802=VERTEX_POINT('',#1995);
#803=VERTEX_POINT('',#1997);
#804=VERTEX_POINT('',#2001);
#805=VERTEX_POINT('',#2002);
#806=VERTEX_POINT('',#2004);
#807=VERTEX_POINT('',#2006);
#808=VERTEX_POINT('',#2008);
#809=VERTEX_POINT('',#2013);
#810=VERTEX_POINT('',#2015);
#811=VERTEX_POINT('',#2017);
#812=VERTEX_POINT('',#2019);
#813=VERTEX_POINT('',#2024);
#814=VERTEX_POINT('',#2027);
#815=VERTEX_POINT('',#2028);
#816=VERTEX_POINT('',#2030);
#817=VERTEX_POINT('',#2032);
#818=VERTEX_POINT('',#2036);
#819=VERTEX_POINT('',#2037);
#820=VERTEX_POINT('',#2039);
#821=VERTEX_POINT('',#2041);
#822=VERTEX_POINT('',#2101);
#823=VERTEX_POINT('',#2139);
#824=VERTEX_POINT('',#2141);
#825=VERTEX_POINT('',#2176);
#826=VERTEX_POINT('',#2178);
#827=VERTEX_POINT('',#2278);
#828=VERTEX_POINT('',#2280);
#829=VERTEX_POINT('',#2324);
#830=VERTEX_POINT('',#2362);
#831=VERTEX_POINT('',#2368);
#832=VERTEX_POINT('',#2370);
#833=VERTEX_POINT('',#2376);
#834=VERTEX_POINT('',#2414);
#835=VERTEX_POINT('',#2420);
#836=VERTEX_POINT('',#2422);
#837=VERTEX_POINT('',#2427);
#838=VERTEX_POINT('',#2429);
#839=VERTEX_POINT('',#2478);
#840=VERTEX_POINT('',#2481);
#841=VERTEX_POINT('',#2483);
#842=VERTEX_POINT('',#2485);
#843=VERTEX_POINT('',#2529);
#844=VERTEX_POINT('',#2530);
#845=VERTEX_POINT('',#2618);
#846=VERTEX_POINT('',#2656);
#847=VERTEX_POINT('',#2658);
#848=VERTEX_POINT('',#2660);
#849=VERTEX_POINT('',#2662);
#850=VERTEX_POINT('',#2664);
#851=VERTEX_POINT('',#2694);
#852=VERTEX_POINT('',#2695);
#853=VERTEX_POINT('',#2698);
#854=VERTEX_POINT('',#2701);
#855=VERTEX_POINT('',#2705);
#856=VERTEX_POINT('',#2706);
#857=VERTEX_POINT('',#2711);
#858=VERTEX_POINT('',#2713);
#859=VERTEX_POINT('',#2751);
#860=VERTEX_POINT('',#2879);
#861=VERTEX_POINT('',#2884);
#862=VERTEX_POINT('',#2886);
#863=VERTEX_POINT('',#2891);
#864=VERTEX_POINT('',#2929);
#865=VERTEX_POINT('',#2934);
#866=VERTEX_POINT('',#2936);
#867=VERTEX_POINT('',#2950);
#868=VERTEX_POINT('',#2988);
#869=VERTEX_POINT('',#2994);
#870=VERTEX_POINT('',#2996);
#871=VERTEX_POINT('',#3049);
#872=VERTEX_POINT('',#3050);
#873=VERTEX_POINT('',#3055);
#874=VERTEX_POINT('',#3057);
#875=VERTEX_POINT('',#3059);
#876=VERTEX_POINT('',#3067);
#877=VERTEX_POINT('',#3069);
#878=VERTEX_POINT('',#3070);
#879=VERTEX_POINT('',#3072);
#880=VERTEX_POINT('',#3074);
#881=VERTEX_POINT('',#3086);
#882=VERTEX_POINT('',#3096);
#883=VERTEX_POINT('',#3100);
#884=VERTEX_POINT('',#3101);
#885=VERTEX_POINT('',#3103);
#886=VERTEX_POINT('',#3105);
#887=VERTEX_POINT('',#3113);
#888=VERTEX_POINT('',#3115);
#889=VERTEX_POINT('',#3117);
#890=VERTEX_POINT('',#3121);
#891=VERTEX_POINT('',#3122);
#892=VERTEX_POINT('',#3125);
#893=VERTEX_POINT('',#3127);
#894=VERTEX_POINT('',#3131);
#895=VERTEX_POINT('',#3133);
#896=VERTEX_POINT('',#3206);
#897=VERTEX_POINT('',#3207);
#898=VERTEX_POINT('',#3238);
#899=VERTEX_POINT('',#3261);
#900=VERTEX_POINT('',#3269);
#901=VERTEX_POINT('',#3271);
#902=VERTEX_POINT('',#3278);
#903=VERTEX_POINT('',#3287);
#904=VERTEX_POINT('',#3366);
#905=VERTEX_POINT('',#3368);
#906=VERTEX_POINT('',#3373);
#907=VERTEX_POINT('',#3390);
#908=VERTEX_POINT('',#3473);
#909=VERTEX_POINT('',#3474);
#910=VERTEX_POINT('',#3547);
#911=VERTEX_POINT('',#3551);
#912=VERTEX_POINT('',#3553);
#913=VERTEX_POINT('',#3555);
#914=VERTEX_POINT('',#3620);
#915=VERTEX_POINT('',#3622);
#916=VERTEX_POINT('',#3626);
#917=VERTEX_POINT('',#3630);
#918=VERTEX_POINT('',#3636);
#919=VERTEX_POINT('',#3638);
#920=VERTEX_POINT('',#3645);
#921=VERTEX_POINT('',#3647);
#922=VERTEX_POINT('',#3654);
#923=VERTEX_POINT('',#3656);
#924=VERTEX_POINT('',#3658);
#925=VERTEX_POINT('',#3664);
#926=VERTEX_POINT('',#3672);
#927=VERTEX_POINT('',#3674);
#928=VERTEX_POINT('',#3682);
#929=VERTEX_POINT('',#3687);
#930=VERTEX_POINT('',#3691);
#931=VERTEX_POINT('',#3697);
#932=VERTEX_POINT('',#4299);
#933=VERTEX_POINT('',#4300);
#934=VERTEX_POINT('',#4302);
#935=VERTEX_POINT('',#4304);
#936=VERTEX_POINT('',#4322);
#937=VERTEX_POINT('',#4381);
#938=LINE('',#1969,#1091);
#939=LINE('',#1972,#1092);
#940=LINE('',#1974,#1093);
#941=LINE('',#1981,#1094);
#942=LINE('',#1983,#1095);
#943=LINE('',#1985,#1096);
#944=LINE('',#1987,#1097);
#945=LINE('',#1989,#1098);
#946=LINE('',#1996,#1099);
#947=LINE('',#1998,#1100);
#948=LINE('',#2000,#1101);
#949=LINE('',#2003,#1102);
#950=LINE('',#2005,#1103);
#951=LINE('',#2007,#1104);
#952=LINE('',#2014,#1105);
#953=LINE('',#2016,#1106);
#954=LINE('',#2018,#1107);
#955=LINE('',#2025,#1108);
#956=LINE('',#2026,#1109);
#957=LINE('',#2029,#1110);
#958=LINE('',#2031,#1111);
#959=LINE('',#2033,#1112);
#960=LINE('',#2035,#1113);
#961=LINE('',#2038,#1114);
#962=LINE('',#2040,#1115);
#963=LINE('',#2042,#1116);
#964=LINE('',#2140,#1117);
#965=LINE('',#2177,#1118);
#966=LINE('',#2279,#1119);
#967=LINE('',#2369,#1120);
#968=LINE('',#2421,#1121);
#969=LINE('',#2428,#1122);
#970=LINE('',#2480,#1123);
#971=LINE('',#2482,#1124);
#972=LINE('',#2484,#1125);
#973=LINE('',#2528,#1126);
#974=LINE('',#2657,#1127);
#975=LINE('',#2659,#1128);
#976=LINE('',#2661,#1129);
#977=LINE('',#2663,#1130);
#978=LINE('',#2665,#1131);
#979=LINE('',#2693,#1132);
#980=LINE('',#2696,#1133);
#981=LINE('',#2697,#1134);
#982=LINE('',#2699,#1135);
#983=LINE('',#2700,#1136);
#984=LINE('',#2702,#1137);
#985=LINE('',#2704,#1138);
#986=LINE('',#2712,#1139);
#987=LINE('',#2752,#1140);
#988=LINE('',#2885,#1141);
#989=LINE('',#2935,#1142);
#990=LINE('',#2995,#1143);
#991=LINE('',#3048,#1144);
#992=LINE('',#3051,#1145);
#993=LINE('',#3052,#1146);
#994=LINE('',#3058,#1147);
#995=LINE('',#3063,#1148);
#996=LINE('',#3064,#1149);
#997=LINE('',#3068,#1150);
#998=LINE('',#3073,#1151);
#999=LINE('',#3078,#1152);
#1000=LINE('',#3079,#1153);
#1001=LINE('',#3081,#1154);
#1002=LINE('',#3082,#1155);
#1003=LINE('',#3095,#1156);
#1004=LINE('',#3097,#1157);
#1005=LINE('',#3099,#1158);
#1006=LINE('',#3102,#1159);
#1007=LINE('',#3104,#1160);
#1008=LINE('',#3106,#1161);
#1009=LINE('',#3112,#1162);
#1010=LINE('',#3114,#1163);
#1011=LINE('',#3116,#1164);
#1012=LINE('',#3118,#1165);
#1013=LINE('',#3120,#1166);
#1014=LINE('',#3123,#1167);
#1015=LINE('',#3124,#1168);
#1016=LINE('',#3126,#1169);
#1017=LINE('',#3128,#1170);
#1018=LINE('',#3130,#1171);
#1019=LINE('',#3132,#1172);
#1020=LINE('',#3134,#1173);
#1021=LINE('',#3205,#1174);
#1022=LINE('',#3270,#1175);
#1023=LINE('',#3277,#1176);
#1024=LINE('',#3288,#1177);
#1025=LINE('',#3367,#1178);
#1026=LINE('',#3374,#1179);
#1027=LINE('',#3436,#1180);
#1028=LINE('',#3468,#1181);
#1029=LINE('',#3470,#1182);
#1030=LINE('',#3472,#1183);
#1031=LINE('',#3544,#1184);
#1032=LINE('',#3546,#1185);
#1033=LINE('',#3548,#1186);
#1034=LINE('',#3550,#1187);
#1035=LINE('',#3552,#1188);
#1036=LINE('',#3554,#1189);
#1037=LINE('',#3565,#1190);
#1038=LINE('',#3566,#1191);
#1039=LINE('',#3619,#1192);
#1040=LINE('',#3621,#1193);
#1041=LINE('',#3623,#1194);
#1042=LINE('',#3625,#1195);
#1043=LINE('',#3627,#1196);
#1044=LINE('',#3629,#1197);
#1045=LINE('',#3631,#1198);
#1046=LINE('',#3633,#1199);
#1047=LINE('',#3635,#1200);
#1048=LINE('',#3637,#1201);
#1049=LINE('',#3639,#1202);
#1050=LINE('',#3646,#1203);
#1051=LINE('',#3648,#1204);
#1052=LINE('',#3650,#1205);
#1053=LINE('',#3651,#1206);
#1054=LINE('',#3653,#1207);
#1055=LINE('',#3655,#1208);
#1056=LINE('',#3657,#1209);
#1057=LINE('',#3659,#1210);
#1058=LINE('',#3661,#1211);
#1059=LINE('',#3663,#1212);
#1060=LINE('',#3665,#1213);
#1061=LINE('',#3666,#1214);
#1062=LINE('',#3668,#1215);
#1063=LINE('',#3669,#1216);
#1064=LINE('',#3671,#1217);
#1065=LINE('',#3673,#1218);
#1066=LINE('',#3675,#1219);
#1067=LINE('',#3677,#1220);
#1068=LINE('',#3679,#1221);
#1069=LINE('',#3681,#1222);
#1070=LINE('',#3683,#1223);
#1071=LINE('',#3684,#1224);
#1072=LINE('',#3686,#1225);
#1073=LINE('',#3688,#1226);
#1074=LINE('',#3690,#1227);
#1075=LINE('',#3692,#1228);
#1076=LINE('',#3694,#1229);
#1077=LINE('',#3696,#1230);
#1078=LINE('',#3698,#1231);
#1079=LINE('',#3699,#1232);
#1080=LINE('',#3701,#1233);
#1081=LINE('',#3707,#1234);
#1082=LINE('',#3709,#1235);
#1083=LINE('',#3710,#1236);
#1084=LINE('',#3712,#1237);
#1085=LINE('',#3714,#1238);
#1086=LINE('',#4298,#1239);
#1087=LINE('',#4301,#1240);
#1088=LINE('',#4303,#1241);
#1089=LINE('',#4305,#1242);
#1090=LINE('',#4406,#1243);
#1091=VECTOR('',#1664,39.3700787401575);
#1092=VECTOR('',#1665,39.3700787401575);
#1093=VECTOR('',#1666,39.3700787401575);
#1094=VECTOR('',#1667,39.3700787401575);
#1095=VECTOR('',#1668,39.3700787401575);
#1096=VECTOR('',#1669,39.3700787401575);
#1097=VECTOR('',#1670,39.3700787401575);
#1098=VECTOR('',#1671,39.3700787401575);
#1099=VECTOR('',#1672,39.3700787401575);
#1100=VECTOR('',#1673,39.3700787401575);
#1101=VECTOR('',#1676,39.3700787401575);
#1102=VECTOR('',#1677,39.3700787401575);
#1103=VECTOR('',#1678,39.3700787401575);
#1104=VECTOR('',#1679,39.3700787401575);
#1105=VECTOR('',#1680,39.3700787401575);
#1106=VECTOR('',#1681,39.3700787401575);
#1107=VECTOR('',#1682,39.3700787401575);
#1108=VECTOR('',#1683,39.3700787401575);
#1109=VECTOR('',#1684,39.3700787401575);
#1110=VECTOR('',#1685,39.3700787401575);
#1111=VECTOR('',#1686,39.3700787401575);
#1112=VECTOR('',#1687,39.3700787401575);
#1113=VECTOR('',#1690,39.3700787401575);
#1114=VECTOR('',#1691,39.3700787401575);
#1115=VECTOR('',#1692,39.3700787401575);
#1116=VECTOR('',#1693,39.3700787401575);
#1117=VECTOR('',#1694,39.3700787401575);
#1118=VECTOR('',#1695,39.3700787401575);
#1119=VECTOR('',#1696,39.3700787401575);
#1120=VECTOR('',#1697,39.3700787401575);
#1121=VECTOR('',#1698,39.3700787401575);
#1122=VECTOR('',#1699,39.3700787401575);
#1123=VECTOR('',#1702,39.3700787401575);
#1124=VECTOR('',#1703,39.3700787401575);
#1125=VECTOR('',#1704,39.3700787401575);
#1126=VECTOR('',#1705,39.3700787401575);
#1127=VECTOR('',#1708,39.3700787401575);
#1128=VECTOR('',#1709,39.3700787401575);
#1129=VECTOR('',#1710,39.3700787401575);
#1130=VECTOR('',#1711,39.3700787401575);
#1131=VECTOR('',#1712,39.3700787401575);
#1132=VECTOR('',#1715,39.3700787401575);
#1133=VECTOR('',#1716,39.3700787401575);
#1134=VECTOR('',#1717,39.3700787401575);
#1135=VECTOR('',#1718,39.3700787401575);
#1136=VECTOR('',#1719,39.3700787401575);
#1137=VECTOR('',#1720,39.3700787401575);
#1138=VECTOR('',#1723,39.3700787401575);
#1139=VECTOR('',#1724,39.3700787401575);
#1140=VECTOR('',#1725,39.3700787401575);
#1141=VECTOR('',#1726,39.3700787401575);
#1142=VECTOR('',#1727,39.3700787401575);
#1143=VECTOR('',#1728,39.3700787401575);
#1144=VECTOR('',#1731,39.3700787401575);
#1145=VECTOR('',#1732,39.3700787401575);
#1146=VECTOR('',#1733,39.3700787401575);
#1147=VECTOR('',#1740,39.3700787401575);
#1148=VECTOR('',#1747,39.3700787401575);
#1149=VECTOR('',#1748,39.3700787401575);
#1150=VECTOR('',#1753,39.3700787401575);
#1151=VECTOR('',#1756,39.3700787401575);
#1152=VECTOR('',#1763,39.3700787401575);
#1153=VECTOR('',#1764,39.3700787401575);
#1154=VECTOR('',#1767,39.3700787401575);
#1155=VECTOR('',#1768,39.3700787401575);
#1156=VECTOR('',#1791,39.3700787401575);
#1157=VECTOR('',#1792,39.3700787401575);
#1158=VECTOR('',#1795,39.3700787401575);
#1159=VECTOR('',#1796,39.3700787401575);
#1160=VECTOR('',#1797,39.3700787401575);
#1161=VECTOR('',#1798,39.3700787401575);
#1162=VECTOR('',#1801,39.3700787401575);
#1163=VECTOR('',#1802,39.3700787401575);
#1164=VECTOR('',#1803,39.3700787401575);
#1165=VECTOR('',#1804,39.3700787401575);
#1166=VECTOR('',#1807,39.3700787401575);
#1167=VECTOR('',#1808,39.3700787401575);
#1168=VECTOR('',#1809,39.3700787401575);
#1169=VECTOR('',#1810,39.3700787401575);
#1170=VECTOR('',#1811,39.3700787401575);
#1171=VECTOR('',#1814,39.3700787401575);
#1172=VECTOR('',#1815,39.3700787401575);
#1173=VECTOR('',#1816,39.3700787401575);
#1174=VECTOR('',#1817,39.3700787401575);
#1175=VECTOR('',#1818,39.3700787401575);
#1176=VECTOR('',#1821,39.3700787401575);
#1177=VECTOR('',#1822,39.3700787401575);
#1178=VECTOR('',#1823,39.3700787401575);
#1179=VECTOR('',#1824,39.3700787401575);
#1180=VECTOR('',#1825,39.3700787401575);
#1181=VECTOR('',#1828,39.3700787401575);
#1182=VECTOR('',#1831,39.3700787401575);
#1183=VECTOR('',#1834,39.3700787401575);
#1184=VECTOR('',#1835,39.3700787401575);
#1185=VECTOR('',#1838,39.3700787401575);
#1186=VECTOR('',#1839,39.3700787401575);
#1187=VECTOR('',#1842,39.3700787401575);
#1188=VECTOR('',#1843,39.3700787401575);
#1189=VECTOR('',#1844,39.3700787401575);
#1190=VECTOR('',#1847,39.3700787401575);
#1191=VECTOR('',#1848,39.3700787401575);
#1192=VECTOR('',#1853,39.3700787401575);
#1193=VECTOR('',#1854,39.3700787401575);
#1194=VECTOR('',#1855,39.3700787401575);
#1195=VECTOR('',#1858,39.3700787401575);
#1196=VECTOR('',#1859,39.3700787401575);
#1197=VECTOR('',#1862,39.3700787401575);
#1198=VECTOR('',#1863,39.3700787401575);
#1199=VECTOR('',#1866,39.3700787401575);
#1200=VECTOR('',#1869,39.3700787401575);
#1201=VECTOR('',#1870,39.3700787401575);
#1202=VECTOR('',#1871,39.3700787401575);
#1203=VECTOR('',#1874,39.3700787401575);
#1204=VECTOR('',#1875,39.3700787401575);
#1205=VECTOR('',#1878,39.3700787401575);
#1206=VECTOR('',#1879,39.3700787401575);
#1207=VECTOR('',#1882,39.3700787401575);
#1208=VECTOR('',#1883,39.3700787401575);
#1209=VECTOR('',#1884,39.3700787401575);
#1210=VECTOR('',#1885,39.3700787401575);
#1211=VECTOR('',#1888,39.3700787401575);
#1212=VECTOR('',#1891,39.3700787401575);
#1213=VECTOR('',#1892,39.3700787401575);
#1214=VECTOR('',#1893,39.3700787401575);
#1215=VECTOR('',#1896,39.3700787401575);
#1216=VECTOR('',#1897,39.3700787401575);
#1217=VECTOR('',#1900,39.3700787401575);
#1218=VECTOR('',#1901,39.3700787401575);
#1219=VECTOR('',#1902,39.3700787401575);
#1220=VECTOR('',#1905,39.3700787401575);
#1221=VECTOR('',#1908,39.3700787401575);
#1222=VECTOR('',#1911,39.3700787401575);
#1223=VECTOR('',#1912,39.3700787401575);
#1224=VECTOR('',#1913,39.3700787401575);
#1225=VECTOR('',#1916,39.3700787401575);
#1226=VECTOR('',#1917,39.3700787401575);
#1227=VECTOR('',#1920,39.3700787401575);
#1228=VECTOR('',#1921,39.3700787401575);
#1229=VECTOR('',#1924,39.3700787401575);
#1230=VECTOR('',#1927,39.3700787401575);
#1231=VECTOR('',#1928,39.3700787401575);
#1232=VECTOR('',#1929,39.3700787401575);
#1233=VECTOR('',#1932,39.3700787401575);
#1234=VECTOR('',#1935,39.3700787401575);
#1235=VECTOR('',#1938,39.3700787401575);
#1236=VECTOR('',#1939,39.3700787401575);
#1237=VECTOR('',#1942,39.3700787401575);
#1238=VECTOR('',#1945,39.3700787401575);
#1239=VECTOR('',#1960,39.3700787401575);
#1240=VECTOR('',#1961,39.3700787401575);
#1241=VECTOR('',#1962,39.3700787401575);
#1242=VECTOR('',#1963,39.3700787401575);
#1243=VECTOR('',#1964,39.3700787401575);
#1244=EDGE_LOOP('',(#117,#118,#119,#120,#121,#122,#123,#124,#125,#126,#127,
#128));
#1245=EDGE_LOOP('',(#129,#130,#131,#132,#133,#134,#135,#136,#137,#138));
#1246=EDGE_LOOP('',(#139,#140,#141,#142));
#1247=EDGE_LOOP('',(#143,#144,#145,#146));
#1248=EDGE_LOOP('',(#147,#148,#149,#150,#151,#152,#153,#154,#155));
#1249=EDGE_LOOP('',(#156,#157,#158,#159,#160,#161,#162,#163,#164,#165,#166,
#167,#168,#169));
#1250=EDGE_LOOP('',(#170));
#1251=EDGE_LOOP('',(#171,#172,#173,#174,#175));
#1252=EDGE_LOOP('',(#176,#177));
#1253=EDGE_LOOP('',(#178,#179,#180,#181,#182,#183,#184,#185,#186,#187));
#1254=EDGE_LOOP('',(#188,#189,#190,#191,#192,#193,#194,#195));
#1255=EDGE_LOOP('',(#196,#197,#198,#199,#200));
#1256=EDGE_LOOP('',(#201,#202,#203,#204,#205,#206,#207,#208,#209,#210,#211,
#212,#213,#214,#215,#216,#217,#218,#219));
#1257=EDGE_LOOP('',(#220,#221,#222,#223));
#1258=EDGE_LOOP('',(#224));
#1259=EDGE_LOOP('',(#225,#226,#227,#228,#229,#230,#231));
#1260=EDGE_LOOP('',(#232,#233,#234,#235));
#1261=EDGE_LOOP('',(#236));
#1262=EDGE_LOOP('',(#237,#238,#239,#240,#241,#242,#243));
#1263=EDGE_LOOP('',(#244,#245,#246,#247));
#1264=EDGE_LOOP('',(#248,#249,#250,#251));
#1265=EDGE_LOOP('',(#252));
#1266=EDGE_LOOP('',(#253));
#1267=EDGE_LOOP('',(#254));
#1268=EDGE_LOOP('',(#255));
#1269=EDGE_LOOP('',(#256));
#1270=EDGE_LOOP('',(#257,#258,#259,#260));
#1271=EDGE_LOOP('',(#261,#262,#263,#264));
#1272=EDGE_LOOP('',(#265,#266,#267,#268));
#1273=EDGE_LOOP('',(#269,#270,#271,#272));
#1274=EDGE_LOOP('',(#273,#274,#275,#276));
#1275=EDGE_LOOP('',(#277,#278,#279,#280));
#1276=EDGE_LOOP('',(#281,#282,#283,#284));
#1277=EDGE_LOOP('',(#285,#286,#287,#288));
#1278=EDGE_LOOP('',(#289,#290,#291,#292,#293,#294,#295,#296));
#1279=EDGE_LOOP('',(#297,#298,#299,#300,#301,#302));
#1280=EDGE_LOOP('',(#303,#304,#305,#306));
#1281=EDGE_LOOP('',(#307,#308,#309,#310,#311,#312,#313,#314));
#1282=EDGE_LOOP('',(#315,#316,#317,#318));
#1283=EDGE_LOOP('',(#319,#320,#321,#322,#323,#324,#325,#326));
#1284=EDGE_LOOP('',(#327,#328,#329,#330));
#1285=EDGE_LOOP('',(#331,#332,#333,#334));
#1286=EDGE_LOOP('',(#335,#336,#337,#338));
#1287=EDGE_LOOP('',(#339,#340,#341,#342));
#1288=EDGE_LOOP('',(#343,#344,#345,#346));
#1289=EDGE_LOOP('',(#347,#348,#349,#350));
#1290=EDGE_LOOP('',(#351,#352,#353,#354,#355,#356,#357,#358,#359,#360));
#1291=EDGE_LOOP('',(#361,#362,#363,#364));
#1292=EDGE_LOOP('',(#365,#366,#367,#368));
#1293=EDGE_LOOP('',(#369,#370,#371,#372));
#1294=EDGE_LOOP('',(#373,#374,#375,#376));
#1295=EDGE_LOOP('',(#377,#378,#379,#380));
#1296=EDGE_LOOP('',(#381,#382,#383,#384));
#1297=EDGE_LOOP('',(#385,#386,#387,#388));
#1298=EDGE_LOOP('',(#389,#390,#391,#392));
#1299=EDGE_LOOP('',(#393,#394,#395,#396));
#1300=EDGE_LOOP('',(#397,#398,#399,#400,#401));
#1301=EDGE_LOOP('',(#402,#403,#404,#405));
#1302=EDGE_LOOP('',(#406,#407,#408,#409,#410,#411,#412));
#1303=EDGE_LOOP('',(#413,#414,#415,#416,#417));
#1304=EDGE_LOOP('',(#418,#419,#420,#421,#422,#423));
#1305=EDGE_LOOP('',(#424,#425,#426,#427));
#1306=EDGE_LOOP('',(#428,#429,#430,#431));
#1307=EDGE_LOOP('',(#432,#433,#434,#435,#436,#437,#438));
#1308=EDGE_LOOP('',(#439,#440,#441,#442,#443,#444));
#1309=EDGE_LOOP('',(#445,#446,#447,#448,#449));
#1310=EDGE_LOOP('',(#450,#451,#452,#453,#454));
#1311=EDGE_LOOP('',(#455,#456,#457,#458,#459,#460));
#1312=EDGE_LOOP('',(#461,#462,#463,#464,#465,#466,#467));
#1313=EDGE_LOOP('',(#468,#469,#470,#471,#472,#473,#474));
#1314=EDGE_LOOP('',(#475,#476,#477,#478));
#1315=EDGE_LOOP('',(#479,#480,#481,#482,#483));
#1316=EDGE_LOOP('',(#484,#485,#486,#487,#488));
#1317=EDGE_LOOP('',(#489,#490,#491,#492));
#1318=EDGE_LOOP('',(#493,#494,#495,#496));
#1319=EDGE_LOOP('',(#497,#498,#499,#500));
#1320=EDGE_LOOP('',(#501,#502,#503,#504,#505));
#1321=EDGE_LOOP('',(#506,#507,#508,#509,#510));
#1322=EDGE_LOOP('',(#511,#512,#513,#514));
#1323=EDGE_LOOP('',(#515,#516,#517,#518));
#1324=EDGE_LOOP('',(#519,#520,#521,#522));
#1325=EDGE_LOOP('',(#523,#524,#525,#526));
#1326=EDGE_LOOP('',(#527,#528,#529,#530,#531));
#1327=EDGE_LOOP('',(#532,#533,#534,#535,#536,#537));
#1328=EDGE_LOOP('',(#538,#539,#540,#541,#542,#543));
#1329=EDGE_LOOP('',(#544,#545,#546,#547,#548));
#1330=EDGE_LOOP('',(#549,#550,#551,#552));
#1331=EDGE_LOOP('',(#553,#554,#555));
#1332=EDGE_LOOP('',(#556,#557,#558));
#1333=EDGE_LOOP('',(#559,#560,#561,#562));
#1334=EDGE_LOOP('',(#563,#564,#565,#566));
#1335=FACE_BOUND('',#1244,.T.);
#1336=FACE_BOUND('',#1245,.T.);
#1337=FACE_BOUND('',#1246,.T.);
#1338=FACE_BOUND('',#1247,.T.);
#1339=FACE_BOUND('',#1248,.T.);
#1340=FACE_BOUND('',#1249,.T.);
#1341=FACE_BOUND('',#1250,.T.);
#1342=FACE_BOUND('',#1251,.T.);
#1343=FACE_BOUND('',#1252,.T.);
#1344=FACE_BOUND('',#1253,.T.);
#1345=FACE_BOUND('',#1254,.T.);
#1346=FACE_BOUND('',#1255,.T.);
#1347=FACE_BOUND('',#1256,.T.);
#1348=FACE_BOUND('',#1257,.T.);
#1349=FACE_BOUND('',#1258,.T.);
#1350=FACE_BOUND('',#1259,.T.);
#1351=FACE_BOUND('',#1260,.T.);
#1352=FACE_BOUND('',#1261,.T.);
#1353=FACE_BOUND('',#1262,.T.);
#1354=FACE_BOUND('',#1263,.T.);
#1355=FACE_BOUND('',#1264,.T.);
#1356=FACE_BOUND('',#1265,.T.);
#1357=FACE_BOUND('',#1266,.T.);
#1358=FACE_BOUND('',#1267,.T.);
#1359=FACE_BOUND('',#1268,.T.);
#1360=FACE_BOUND('',#1269,.T.);
#1361=FACE_BOUND('',#1270,.T.);
#1362=FACE_BOUND('',#1271,.T.);
#1363=FACE_BOUND('',#1272,.T.);
#1364=FACE_BOUND('',#1273,.T.);
#1365=FACE_BOUND('',#1274,.T.);
#1366=FACE_BOUND('',#1275,.T.);
#1367=FACE_BOUND('',#1276,.T.);
#1368=FACE_BOUND('',#1277,.T.);
#1369=FACE_BOUND('',#1278,.T.);
#1370=FACE_BOUND('',#1279,.T.);
#1371=FACE_BOUND('',#1280,.T.);
#1372=FACE_BOUND('',#1281,.T.);
#1373=FACE_BOUND('',#1282,.T.);
#1374=FACE_BOUND('',#1283,.T.);
#1375=FACE_BOUND('',#1284,.T.);
#1376=FACE_BOUND('',#1285,.T.);
#1377=FACE_BOUND('',#1286,.T.);
#1378=FACE_BOUND('',#1287,.T.);
#1379=FACE_BOUND('',#1288,.T.);
#1380=FACE_BOUND('',#1289,.T.);
#1381=FACE_BOUND('',#1290,.T.);
#1382=FACE_BOUND('',#1291,.T.);
#1383=FACE_BOUND('',#1292,.T.);
#1384=FACE_BOUND('',#1293,.T.);
#1385=FACE_BOUND('',#1294,.T.);
#1386=FACE_BOUND('',#1295,.T.);
#1387=FACE_BOUND('',#1296,.T.);
#1388=FACE_BOUND('',#1297,.T.);
#1389=FACE_BOUND('',#1298,.T.);
#1390=FACE_BOUND('',#1299,.T.);
#1391=FACE_BOUND('',#1300,.T.);
#1392=FACE_BOUND('',#1301,.T.);
#1393=FACE_BOUND('',#1302,.T.);
#1394=FACE_BOUND('',#1303,.T.);
#1395=FACE_BOUND('',#1304,.T.);
#1396=FACE_BOUND('',#1305,.T.);
#1397=FACE_BOUND('',#1306,.T.);
#1398=FACE_BOUND('',#1307,.T.);
#1399=FACE_BOUND('',#1308,.T.);
#1400=FACE_BOUND('',#1309,.T.);
#1401=FACE_BOUND('',#1310,.T.);
#1402=FACE_BOUND('',#1311,.T.);
#1403=FACE_BOUND('',#1312,.T.);
#1404=FACE_BOUND('',#1313,.T.);
#1405=FACE_BOUND('',#1314,.T.);
#1406=FACE_BOUND('',#1315,.T.);
#1407=FACE_BOUND('',#1316,.T.);
#1408=FACE_BOUND('',#1317,.T.);
#1409=FACE_BOUND('',#1318,.T.);
#1410=FACE_BOUND('',#1319,.T.);
#1411=FACE_BOUND('',#1320,.T.);
#1412=FACE_BOUND('',#1321,.T.);
#1413=FACE_BOUND('',#1322,.T.);
#1414=FACE_BOUND('',#1323,.T.);
#1415=FACE_BOUND('',#1324,.T.);
#1416=FACE_BOUND('',#1325,.T.);
#1417=FACE_BOUND('',#1326,.T.);
#1418=FACE_BOUND('',#1327,.T.);
#1419=FACE_BOUND('',#1328,.T.);
#1420=FACE_BOUND('',#1329,.T.);
#1421=FACE_BOUND('',#1330,.T.);
#1422=FACE_BOUND('',#1331,.T.);
#1423=FACE_BOUND('',#1332,.T.);
#1424=FACE_BOUND('',#1333,.T.);
#1425=FACE_BOUND('',#1334,.T.);
#1426=PLANE('',#1584);
#1427=PLANE('',#1585);
#1428=PLANE('',#1586);
#1429=PLANE('',#1587);
#1430=PLANE('',#1588);
#1431=PLANE('',#1589);
#1432=PLANE('',#1590);
#1433=PLANE('',#1591);
#1434=PLANE('',#1592);
#1435=PLANE('',#1597);
#1436=PLANE('',#1598);
#1437=PLANE('',#1603);
#1438=PLANE('',#1604);
#1439=PLANE('',#1608);
#1440=PLANE('',#1615);
#1441=PLANE('',#1616);
#1442=PLANE('',#1617);
#1443=PLANE('',#1618);
#1444=PLANE('',#1619);
#1445=PLANE('',#1620);
#1446=PLANE('',#1621);
#1447=PLANE('',#1622);
#1448=PLANE('',#1623);
#1449=PLANE('',#1624);
#1450=PLANE('',#1625);
#1451=PLANE('',#1626);
#1452=PLANE('',#1627);
#1453=PLANE('',#1628);
#1454=PLANE('',#1629);
#1455=PLANE('',#1630);
#1456=PLANE('',#1631);
#1457=PLANE('',#1632);
#1458=PLANE('',#1633);
#1459=PLANE('',#1634);
#1460=PLANE('',#1635);
#1461=PLANE('',#1636);
#1462=PLANE('',#1637);
#1463=PLANE('',#1638);
#1464=PLANE('',#1639);
#1465=PLANE('',#1640);
#1466=PLANE('',#1641);
#1467=PLANE('',#1642);
#1468=PLANE('',#1643);
#1469=PLANE('',#1644);
#1470=PLANE('',#1645);
#1471=PLANE('',#1646);
#1472=PLANE('',#1647);
#1473=PLANE('',#1648);
#1474=PLANE('',#1649);
#1475=PLANE('',#1650);
#1476=PLANE('',#1651);
#1477=PLANE('',#1652);
#1478=PLANE('',#1653);
#1479=PLANE('',#1654);
#1480=PLANE('',#1655);
#1481=PLANE('',#1657);
#1482=PLANE('',#1658);
#1483=ADVANCED_FACE('',(#1335),#1426,.F.);
#1484=ADVANCED_FACE('',(#1336,#1337),#1427,.T.);
#1485=ADVANCED_FACE('',(#1338),#1428,.T.);
#1486=ADVANCED_FACE('',(#1339),#38,.T.);
#1487=ADVANCED_FACE('',(#1340,#1341),#39,.T.);
#1488=ADVANCED_FACE('',(#1342),#1429,.F.);
#1489=ADVANCED_FACE('',(#1343),#40,.F.);
#1490=ADVANCED_FACE('',(#1344),#1430,.F.);
#1491=ADVANCED_FACE('',(#1345),#1431,.T.);
#1492=ADVANCED_FACE('',(#1346),#1432,.T.);
#1493=ADVANCED_FACE('',(#1347),#41,.T.);
#1494=ADVANCED_FACE('',(#1348),#1433,.T.);
#1495=ADVANCED_FACE('',(#1349,#1350),#1434,.T.);
#1496=ADVANCED_FACE('',(#1351),#1435,.T.);
#1497=ADVANCED_FACE('',(#1352,#1353),#1436,.T.);
#1498=ADVANCED_FACE('',(#1354),#1437,.F.);
#1499=ADVANCED_FACE('',(#1355),#1438,.T.);
#1500=ADVANCED_FACE('',(#1356,#1357),#20,.F.);
#1501=ADVANCED_FACE('',(#1358,#1359),#21,.F.);
#1502=ADVANCED_FACE('',(#1360),#1439,.T.);
#1503=ADVANCED_FACE('',(#1361),#22,.F.);
#1504=ADVANCED_FACE('',(#1362),#23,.F.);
#1505=ADVANCED_FACE('',(#1363),#24,.T.);
#1506=ADVANCED_FACE('',(#1364),#25,.T.);
#1507=ADVANCED_FACE('',(#1365),#26,.T.);
#1508=ADVANCED_FACE('',(#1366),#27,.T.);
#1509=ADVANCED_FACE('',(#1367),#1440,.F.);
#1510=ADVANCED_FACE('',(#1368),#1441,.F.);
#1511=ADVANCED_FACE('',(#1369),#1442,.T.);
#1512=ADVANCED_FACE('',(#1370),#1443,.T.);
#1513=ADVANCED_FACE('',(#1371),#1444,.F.);
#1514=ADVANCED_FACE('',(#1372),#42,.F.);
#1515=ADVANCED_FACE('',(#1373),#1445,.T.);
#1516=ADVANCED_FACE('',(#1374),#43,.F.);
#1517=ADVANCED_FACE('',(#1375),#44,.F.);
#1518=ADVANCED_FACE('',(#1376),#45,.T.);
#1519=ADVANCED_FACE('',(#1377),#1446,.F.);
#1520=ADVANCED_FACE('',(#1378),#1447,.F.);
#1521=ADVANCED_FACE('',(#1379),#1448,.T.);
#1522=ADVANCED_FACE('',(#1380),#1449,.T.);
#1523=ADVANCED_FACE('',(#1381),#1450,.F.);
#1524=ADVANCED_FACE('',(#1382),#1451,.F.);
#1525=ADVANCED_FACE('',(#1383),#1452,.T.);
#1526=ADVANCED_FACE('',(#1384),#1453,.T.);
#1527=ADVANCED_FACE('',(#1385),#1454,.F.);
#1528=ADVANCED_FACE('',(#1386),#1455,.F.);
#1529=ADVANCED_FACE('',(#1387),#1456,.T.);
#1530=ADVANCED_FACE('',(#1388),#1457,.F.);
#1531=ADVANCED_FACE('',(#1389),#1458,.F.);
#1532=ADVANCED_FACE('',(#1390),#1459,.T.);
#1533=ADVANCED_FACE('',(#1391),#1460,.T.);
#1534=ADVANCED_FACE('',(#1392),#1461,.F.);
#1535=ADVANCED_FACE('',(#1393),#1462,.F.);
#1536=ADVANCED_FACE('',(#1394),#1463,.T.);
#1537=ADVANCED_FACE('',(#1395),#1464,.F.);
#1538=ADVANCED_FACE('',(#1396),#1465,.T.);
#1539=ADVANCED_FACE('',(#1397),#1466,.F.);
#1540=ADVANCED_FACE('',(#1398),#1467,.T.);
#1541=ADVANCED_FACE('',(#1399),#1468,.T.);
#1542=ADVANCED_FACE('',(#1400),#1469,.F.);
#1543=ADVANCED_FACE('',(#1401),#1470,.T.);
#1544=ADVANCED_FACE('',(#1402),#1471,.T.);
#1545=ADVANCED_FACE('',(#1403),#1472,.T.);
#1546=ADVANCED_FACE('',(#1404),#1473,.T.);
#1547=ADVANCED_FACE('',(#1405),#1474,.T.);
#1548=ADVANCED_FACE('',(#1406),#1475,.F.);
#1549=ADVANCED_FACE('',(#1407),#1476,.T.);
#1550=ADVANCED_FACE('',(#1408),#1477,.F.);
#1551=ADVANCED_FACE('',(#1409),#46,.T.);
#1552=ADVANCED_FACE('',(#1410),#47,.T.);
#1553=ADVANCED_FACE('',(#1411),#1478,.F.);
#1554=ADVANCED_FACE('',(#1412),#1479,.T.);
#1555=ADVANCED_FACE('',(#1413),#1480,.F.);
#1556=ADVANCED_FACE('',(#1414),#48,.T.);
#1557=ADVANCED_FACE('',(#1415),#17,.T.);
#1558=ADVANCED_FACE('',(#1416),#28,.T.);
#1559=ADVANCED_FACE('',(#1417),#18,.T.);
#1560=ADVANCED_FACE('',(#1418),#19,.T.);
#1561=ADVANCED_FACE('',(#1419),#49,.T.);
#1562=ADVANCED_FACE('',(#1420),#1481,.F.);
#1563=ADVANCED_FACE('',(#1421),#1482,.T.);
#1564=ADVANCED_FACE('',(#1422),#50,.F.);
#1565=ADVANCED_FACE('',(#1423),#51,.F.);
#1566=ADVANCED_FACE('',(#1424),#52,.T.);
#1567=ADVANCED_FACE('',(#1425),#53,.F.);
#1568=CLOSED_SHELL('',(#1483,#1484,#1485,#1486,#1487,#1488,#1489,#1490,
#1491,#1492,#1493,#1494,#1495,#1496,#1497,#1498,#1499,#1500,#1501,#1502,
#1503,#1504,#1505,#1506,#1507,#1508,#1509,#1510,#1511,#1512,#1513,#1514,
#1515,#1516,#1517,#1518,#1519,#1520,#1521,#1522,#1523,#1524,#1525,#1526,
#1527,#1528,#1529,#1530,#1531,#1532,#1533,#1534,#1535,#1536,#1537,#1538,
#1539,#1540,#1541,#1542,#1543,#1544,#1545,#1546,#1547,#1548,#1549,#1550,
#1551,#1552,#1553,#1554,#1555,#1556,#1557,#1558,#1559,#1560,#1561,#1562));
#1569=CLOSED_SHELL('',(#1563,#1564,#1565,#1566,#1567));
#1570=STYLED_ITEM('',(#1571),#1578);
#1571=PRESENTATION_STYLE_ASSIGNMENT((#1572));
#1572=SURFACE_STYLE_USAGE(.BOTH.,#1573);
#1573=SURFACE_SIDE_STYLE('',(#1574));
#1574=SURFACE_STYLE_FILL_AREA(#1575);
#1575=FILL_AREA_STYLE('',(#1576));
#1576=FILL_AREA_STYLE_COLOUR('',#1577);
#1577=COLOUR_RGB('',0.615686274509804,0.811764705882353,0.929411764705882);
#1578=BREP_WITH_VOIDS('earthing',#1568,(#16));
#1579=SHAPE_DEFINITION_REPRESENTATION(#4435,#1581);
#1580=SHAPE_DEFINITION_REPRESENTATION(#4436,#1582);
#1581=SHAPE_REPRESENTATION('Assembly 1',(#1583,#1659),#4425);
#1582=SHAPE_REPRESENTATION('earthing',(#1583),#4426);
#1583=AXIS2_PLACEMENT_3D('',#1967,#1660,#1661);
#1584=AXIS2_PLACEMENT_3D('',#1968,#1662,#1663);
#1585=AXIS2_PLACEMENT_3D('',#1999,#1674,#1675);
#1586=AXIS2_PLACEMENT_3D('',#2034,#1688,#1689);
#1587=AXIS2_PLACEMENT_3D('',#2479,#1700,#1701);
#1588=AXIS2_PLACEMENT_3D('',#2591,#1706,#1707);
#1589=AXIS2_PLACEMENT_3D('',#2692,#1713,#1714);
#1590=AXIS2_PLACEMENT_3D('',#2703,#1721,#1722);
#1591=AXIS2_PLACEMENT_3D('',#3047,#1729,#1730);
#1592=AXIS2_PLACEMENT_3D('',#3053,#1734,#1735);
#1593=AXIS2_PLACEMENT_3D('',#3054,#1736,#1737);
#1594=AXIS2_PLACEMENT_3D('',#3056,#1738,#1739);
#1595=AXIS2_PLACEMENT_3D('',#3060,#1741,#1742);
#1596=AXIS2_PLACEMENT_3D('',#3061,#1743,#1744);
#1597=AXIS2_PLACEMENT_3D('',#3062,#1745,#1746);
#1598=AXIS2_PLACEMENT_3D('',#3065,#1749,#1750);
#1599=AXIS2_PLACEMENT_3D('',#3066,#1751,#1752);
#1600=AXIS2_PLACEMENT_3D('',#3071,#1754,#1755);
#1601=AXIS2_PLACEMENT_3D('',#3075,#1757,#1758);
#1602=AXIS2_PLACEMENT_3D('',#3076,#1759,#1760);
#1603=AXIS2_PLACEMENT_3D('',#3077,#1761,#1762);
#1604=AXIS2_PLACEMENT_3D('',#3080,#1765,#1766);
#1605=AXIS2_PLACEMENT_3D('',#3083,#1769,#1770);
#1606=AXIS2_PLACEMENT_3D('',#3084,#1771,#1772);
#1607=AXIS2_PLACEMENT_3D('',#3085,#1773,#1774);
#1608=AXIS2_PLACEMENT_3D('',#3087,#1775,#1776);
#1609=AXIS2_PLACEMENT_3D('',#3088,#1777,#1778);
#1610=AXIS2_PLACEMENT_3D('',#3089,#1779,#1780);
#1611=AXIS2_PLACEMENT_3D('',#3090,#1781,#1782);
#1612=AXIS2_PLACEMENT_3D('',#3091,#1783,#1784);
#1613=AXIS2_PLACEMENT_3D('',#3092,#1785,#1786);
#1614=AXIS2_PLACEMENT_3D('',#3093,#1787,#1788);
#1615=AXIS2_PLACEMENT_3D('',#3094,#1789,#1790);
#1616=AXIS2_PLACEMENT_3D('',#3098,#1793,#1794);
#1617=AXIS2_PLACEMENT_3D('',#3107,#1799,#1800);
#1618=AXIS2_PLACEMENT_3D('',#3119,#1805,#1806);
#1619=AXIS2_PLACEMENT_3D('',#3129,#1812,#1813);
#1620=AXIS2_PLACEMENT_3D('',#3276,#1819,#1820);
#1621=AXIS2_PLACEMENT_3D('',#3467,#1826,#1827);
#1622=AXIS2_PLACEMENT_3D('',#3469,#1829,#1830);
#1623=AXIS2_PLACEMENT_3D('',#3471,#1832,#1833);
#1624=AXIS2_PLACEMENT_3D('',#3545,#1836,#1837);
#1625=AXIS2_PLACEMENT_3D('',#3549,#1840,#1841);
#1626=AXIS2_PLACEMENT_3D('',#3564,#1845,#1846);
#1627=AXIS2_PLACEMENT_3D('',#3567,#1849,#1850);
#1628=AXIS2_PLACEMENT_3D('',#3618,#1851,#1852);
#1629=AXIS2_PLACEMENT_3D('',#3624,#1856,#1857);
#1630=AXIS2_PLACEMENT_3D('',#3628,#1860,#1861);
#1631=AXIS2_PLACEMENT_3D('',#3632,#1864,#1865);
#1632=AXIS2_PLACEMENT_3D('',#3634,#1867,#1868);
#1633=AXIS2_PLACEMENT_3D('',#3640,#1872,#1873);
#1634=AXIS2_PLACEMENT_3D('',#3649,#1876,#1877);
#1635=AXIS2_PLACEMENT_3D('',#3652,#1880,#1881);
#1636=AXIS2_PLACEMENT_3D('',#3660,#1886,#1887);
#1637=AXIS2_PLACEMENT_3D('',#3662,#1889,#1890);
#1638=AXIS2_PLACEMENT_3D('',#3667,#1894,#1895);
#1639=AXIS2_PLACEMENT_3D('',#3670,#1898,#1899);
#1640=AXIS2_PLACEMENT_3D('',#3676,#1903,#1904);
#1641=AXIS2_PLACEMENT_3D('',#3678,#1906,#1907);
#1642=AXIS2_PLACEMENT_3D('',#3680,#1909,#1910);
#1643=AXIS2_PLACEMENT_3D('',#3685,#1914,#1915);
#1644=AXIS2_PLACEMENT_3D('',#3689,#1918,#1919);
#1645=AXIS2_PLACEMENT_3D('',#3693,#1922,#1923);
#1646=AXIS2_PLACEMENT_3D('',#3695,#1925,#1926);
#1647=AXIS2_PLACEMENT_3D('',#3700,#1930,#1931);
#1648=AXIS2_PLACEMENT_3D('',#3702,#1933,#1934);
#1649=AXIS2_PLACEMENT_3D('',#3708,#1936,#1937);
#1650=AXIS2_PLACEMENT_3D('',#3711,#1940,#1941);
#1651=AXIS2_PLACEMENT_3D('',#3713,#1943,#1944);
#1652=AXIS2_PLACEMENT_3D('',#3715,#1946,#1947);
#1653=AXIS2_PLACEMENT_3D('',#3750,#1948,#1949);
#1654=AXIS2_PLACEMENT_3D('',#3751,#1950,#1951);
#1655=AXIS2_PLACEMENT_3D('',#3752,#1952,#1953);
#1656=AXIS2_PLACEMENT_3D('',#3891,#1954,#1955);
#1657=AXIS2_PLACEMENT_3D('',#4296,#1956,#1957);
#1658=AXIS2_PLACEMENT_3D('',#4297,#1958,#1959);
#1659=AXIS2_PLACEMENT_3D('',#4423,#1965,#1966);
#1660=DIRECTION('',(0.,0.,1.));
#1661=DIRECTION('',(1.,0.,0.));
#1662=DIRECTION('',(0.,-1.,-4.20284306717579E-17));
#1663=DIRECTION('',(0.,4.20284306717579E-17,-1.));
#1664=DIRECTION('',(3.41480999208033E-16,-4.20284306717579E-17,1.));
#1665=DIRECTION('',(-1.,0.,0.));
#1666=DIRECTION('',(0.,0.,1.));
#1667=DIRECTION('',(-1.,0.,0.));
#1668=DIRECTION('',(0.,4.20284306717579E-17,-1.));
#1669=DIRECTION('',(1.,0.,0.));
#1670=DIRECTION('',(0.,4.20284306717579E-17,-1.));
#1671=DIRECTION('',(-1.,0.,0.));
#1672=DIRECTION('',(0.,0.,1.));
#1673=DIRECTION('',(1.,6.37862688930552E-33,-1.51769332981348E-16));
#1674=DIRECTION('',(0.,-1.,-4.20284306717579E-17));
#1675=DIRECTION('',(0.,4.20284306717579E-17,-1.));
#1676=DIRECTION('',(1.,0.,0.));
#1677=DIRECTION('',(0.,-4.20284306717579E-17,1.));
#1678=DIRECTION('',(1.,0.,0.));
#1679=DIRECTION('',(0.,4.20284306717579E-17,-1.));
#1680=DIRECTION('',(-1.,0.,0.));
#1681=DIRECTION('',(0.,0.,1.));
#1682=DIRECTION('',(-1.,0.,0.));
#1683=DIRECTION('',(0.,4.20284306717579E-17,-1.));
#1684=DIRECTION('',(-1.,-6.37862688930552E-33,1.51769332981348E-16));
#1685=DIRECTION('',(3.41480999208033E-16,-4.20284306717579E-17,1.));
#1686=DIRECTION('',(-1.,0.,0.));
#1687=DIRECTION('',(3.41480999208033E-16,-4.20284306717579E-17,1.));
#1688=DIRECTION('',(1.,0.,0.));
#1689=DIRECTION('',(0.,1.,0.));
#1690=DIRECTION('',(0.,1.,0.));
#1691=DIRECTION('',(0.,-4.20284306717579E-17,1.));
#1692=DIRECTION('',(0.,-1.,0.));
#1693=DIRECTION('',(0.,0.,-1.));
#1694=DIRECTION('',(0.,0.,1.));
#1695=DIRECTION('',(0.,0.,1.));
#1696=DIRECTION('',(-1.,0.,0.));
#1697=DIRECTION('',(1.,1.73844872324089E-16,0.));
#1698=DIRECTION('',(-1.,0.,0.));
#1699=DIRECTION('',(-1.,0.,0.));
#1700=DIRECTION('',(0.,-1.,0.));
#1701=DIRECTION('',(0.,0.,-1.));
#1702=DIRECTION('',(0.,0.,-1.));
#1703=DIRECTION('',(-1.,0.,0.));
#1704=DIRECTION('',(-1.,0.,0.));
#1705=DIRECTION('',(0.,0.,1.));
#1706=DIRECTION('',(1.,1.73844872324089E-16,0.));
#1707=DIRECTION('',(-1.73844872324089E-16,1.,0.));
#1708=DIRECTION('',(0.,0.,1.));
#1709=DIRECTION('',(1.73844872324089E-16,-1.,-1.0927391974657E-15));
#1710=DIRECTION('',(0.,0.,1.));
#1711=DIRECTION('',(-1.73844872324089E-16,1.,0.));
#1712=DIRECTION('',(0.,0.,-1.));
#1713=DIRECTION('',(0.,-1.,0.));
#1714=DIRECTION('',(0.,0.,-1.));
#1715=DIRECTION('',(-1.,0.,0.));
#1716=DIRECTION('',(0.,0.,1.));
#1717=DIRECTION('',(0.,0.,1.));
#1718=DIRECTION('',(1.,1.73844872324089E-16,0.));
#1719=DIRECTION('',(1.,1.73844872324089E-16,0.));
#1720=DIRECTION('',(0.,0.,1.));
#1721=DIRECTION('',(1.,0.,0.));
#1722=DIRECTION('',(0.,0.,-1.));
#1723=DIRECTION('',(0.,0.,-1.));
#1724=DIRECTION('',(0.,0.,-1.));
#1725=DIRECTION('',(0.,0.196851927328231,-0.980433230111649));
#1726=DIRECTION('',(-1.,0.,0.));
#1727=DIRECTION('',(-1.,0.,0.));
#1728=DIRECTION('',(1.,1.73844872324089E-16,0.));
#1729=DIRECTION('',(-1.73844872324089E-16,1.,0.));
#1730=DIRECTION('',(-1.,-1.73844872324089E-16,0.));
#1731=DIRECTION('',(1.,1.73844872324089E-16,0.));
#1732=DIRECTION('',(0.,0.,1.));
#1733=DIRECTION('',(0.,0.,1.));
#1734=DIRECTION('',(1.89967106266953E-31,-1.0927391974657E-15,1.));
#1735=DIRECTION('',(0.,-1.,-1.0927391974657E-15));
#1736=DIRECTION('',(1.89967106266953E-31,-1.0927391974657E-15,1.));
#1737=DIRECTION('',(0.,-1.,-1.0927391974657E-15));
#1738=DIRECTION('',(1.89967106266953E-31,-1.0927391974657E-15,1.));
#1739=DIRECTION('',(0.,-1.,-1.0927391974657E-15));
#1740=DIRECTION('',(1.73844872324089E-16,-1.,-1.0927391974657E-15));
#1741=DIRECTION('',(1.89967106266953E-31,-1.0927391974657E-15,1.));
#1742=DIRECTION('',(0.,-1.,-1.0927391974657E-15));
#1743=DIRECTION('',(1.89967106266953E-31,-1.0927391974657E-15,1.));
#1744=DIRECTION('',(0.,-1.,-1.0927391974657E-15));
#1745=DIRECTION('',(-1.,-1.73844872324089E-16,0.));
#1746=DIRECTION('',(1.73844872324089E-16,-1.,0.));
#1747=DIRECTION('',(0.,0.,1.));
#1748=DIRECTION('',(0.,0.,1.));
#1749=DIRECTION('',(0.,0.,-1.));
#1750=DIRECTION('',(-1.,0.,0.));
#1751=DIRECTION('',(0.,0.,-1.));
#1752=DIRECTION('',(-1.,0.,0.));
#1753=DIRECTION('',(-1.73844872324089E-16,1.,0.));
#1754=DIRECTION('',(0.,0.,-1.));
#1755=DIRECTION('',(-1.,0.,0.));
#1756=DIRECTION('',(1.,1.73844872324089E-16,0.));
#1757=DIRECTION('',(0.,0.,-1.));
#1758=DIRECTION('',(-1.,0.,0.));
#1759=DIRECTION('',(0.,0.,-1.));
#1760=DIRECTION('',(-1.,0.,0.));
#1761=DIRECTION('',(1.73844872324089E-16,-1.,0.));
#1762=DIRECTION('',(1.,1.73844872324089E-16,0.));
#1763=DIRECTION('',(0.,0.,-1.));
#1764=DIRECTION('',(0.,0.,-1.));
#1765=DIRECTION('',(-1.,-1.73844872324089E-16,0.));
#1766=DIRECTION('',(1.73844872324089E-16,-1.,0.));
#1767=DIRECTION('',(0.,0.,-1.));
#1768=DIRECTION('',(0.,0.,1.));
#1769=DIRECTION('',(1.89967106266953E-31,-1.0927391974657E-15,1.));
#1770=DIRECTION('',(0.,-1.,-1.0927391974657E-15));
#1771=DIRECTION('',(1.89967106266953E-31,-1.0927391974657E-15,1.));
#1772=DIRECTION('',(0.,-1.,-1.0927391974657E-15));
#1773=DIRECTION('',(1.89967106266953E-31,-1.0927391974657E-15,1.));
#1774=DIRECTION('',(0.,-1.,-1.0927391974657E-15));
#1775=DIRECTION('',(1.89967106266953E-31,-1.0927391974657E-15,1.));
#1776=DIRECTION('',(1.,2.07584503247033E-46,-1.89967106266953E-31));
#1777=DIRECTION('',(0.,0.,1.));
#1778=DIRECTION('',(1.,0.,0.));
#1779=DIRECTION('',(0.,0.,1.));
#1780=DIRECTION('',(1.,0.,0.));
#1781=DIRECTION('',(0.,0.,1.));
#1782=DIRECTION('',(1.,0.,0.));
#1783=DIRECTION('',(0.,0.,1.));
#1784=DIRECTION('',(1.,0.,0.));
#1785=DIRECTION('',(0.,0.,1.));
#1786=DIRECTION('',(1.,0.,0.));
#1787=DIRECTION('',(0.,0.,1.));
#1788=DIRECTION('',(1.,0.,0.));
#1789=DIRECTION('',(1.,0.,0.));
#1790=DIRECTION('',(0.,1.,0.));
#1791=DIRECTION('',(0.,0.,-1.));
#1792=DIRECTION('',(0.,1.,0.));
#1793=DIRECTION('',(0.,0.,-1.));
#1794=DIRECTION('',(-1.,0.,0.));
#1795=DIRECTION('',(1.,0.,0.));
#1796=DIRECTION('',(0.,1.,0.));
#1797=DIRECTION('',(-1.,0.,0.));
#1798=DIRECTION('',(0.,-1.,0.));
#1799=DIRECTION('',(0.,-1.,0.));
#1800=DIRECTION('',(0.,0.,-1.));
#1801=DIRECTION('',(-0.193145240368282,0.,-0.981170176943367));
#1802=DIRECTION('',(1.,0.,0.));
#1803=DIRECTION('',(0.,0.,1.));
#1804=DIRECTION('',(-1.,0.,0.));
#1805=DIRECTION('',(0.,0.,-1.));
#1806=DIRECTION('',(-1.,0.,0.));
#1807=DIRECTION('',(1.,0.,0.));
#1808=DIRECTION('',(0.707106781186546,-0.707106781186549,0.));
#1809=DIRECTION('',(0.707106781186548,0.707106781186548,0.));
#1810=DIRECTION('',(-1.,0.,0.));
#1811=DIRECTION('',(0.,1.,0.));
#1812=DIRECTION('',(1.,0.,0.));
#1813=DIRECTION('',(0.,1.,0.));
#1814=DIRECTION('',(0.,-0.192899845355945,-0.981218451549732));
#1815=DIRECTION('',(0.,-1.,0.));
#1816=DIRECTION('',(0.,-0.196851927328231,0.980433230111649));
#1817=DIRECTION('',(-1.,0.,0.));
#1818=DIRECTION('',(-1.,0.,0.));
#1819=DIRECTION('',(1.,1.73844872324089E-16,0.));
#1820=DIRECTION('',(-1.73844872324089E-16,1.,0.));
#1821=DIRECTION('',(0.,0.,1.));
#1822=DIRECTION('',(0.,0.,1.));
#1823=DIRECTION('',(-1.,0.,0.));
#1824=DIRECTION('',(-1.,0.,0.));
#1825=DIRECTION('',(0.,0.,1.));
#1826=DIRECTION('',(0.,-1.,0.));
#1827=DIRECTION('',(0.,0.,-1.));
#1828=DIRECTION('',(0.,0.,1.));
#1829=DIRECTION('',(1.,0.,0.));
#1830=DIRECTION('',(0.,0.,-1.));
#1831=DIRECTION('',(0.,0.,-1.));
#1832=DIRECTION('',(1.,0.,0.));
#1833=DIRECTION('',(0.,1.,0.));
#1834=DIRECTION('',(0.,0.,-1.));
#1835=DIRECTION('',(0.,1.,0.));
#1836=DIRECTION('',(0.,0.,-1.));
#1837=DIRECTION('',(-1.,0.,0.));
#1838=DIRECTION('',(0.,-1.,0.));
#1839=DIRECTION('',(1.,0.,0.));
#1840=DIRECTION('',(0.,-1.,0.));
#1841=DIRECTION('',(0.,0.,-1.));
#1842=DIRECTION('',(0.,0.,-1.));
#1843=DIRECTION('',(1.,0.,0.));
#1844=DIRECTION('',(0.,0.,-1.));
#1845=DIRECTION('',(0.,0.,-1.));
#1846=DIRECTION('',(-1.,0.,0.));
#1847=DIRECTION('',(0.,1.,0.));
#1848=DIRECTION('',(0.,1.,0.));
#1849=DIRECTION('',(1.,0.,0.));
#1850=DIRECTION('',(0.,1.,0.));
#1851=DIRECTION('',(1.,1.43519105009374E-32,-3.41480999208033E-16));
#1852=DIRECTION('',(-3.41480999208033E-16,0.,-1.));
#1853=DIRECTION('',(0.,1.,4.20284306717579E-17));
#1854=DIRECTION('',(3.41480999208033E-16,-4.20284306717579E-17,1.));
#1855=DIRECTION('',(0.,1.,4.20284306717579E-17));
#1856=DIRECTION('',(0.,-4.20284306717579E-17,1.));
#1857=DIRECTION('',(0.,-1.,-4.20284306717579E-17));
#1858=DIRECTION('',(1.,0.,0.));
#1859=DIRECTION('',(0.,1.,4.20284306717579E-17));
#1860=DIRECTION('',(1.,1.43519105009374E-32,-3.41480999208033E-16));
#1861=DIRECTION('',(-3.41480999208033E-16,0.,-1.));
#1862=DIRECTION('',(-3.41480999208033E-16,4.20284306717579E-17,-1.));
#1863=DIRECTION('',(0.,1.,4.20284306717579E-17));
#1864=DIRECTION('',(1.51769332981348E-16,-4.20284306717579E-17,1.));
#1865=DIRECTION('',(1.,0.,-1.51769332981348E-16));
#1866=DIRECTION('',(-1.,-6.37862688930552E-33,1.51769332981348E-16));
#1867=DIRECTION('',(0.,0.980433230111649,0.196851927328231));
#1868=DIRECTION('',(-1.,0.,0.));
#1869=DIRECTION('',(0.,0.196851927328231,-0.980433230111649));
#1870=DIRECTION('',(1.,0.,0.));
#1871=DIRECTION('',(0.,-0.196851927328231,0.980433230111649));
#1872=DIRECTION('',(0.,-0.981218451549731,0.192899845355945));
#1873=DIRECTION('',(-1.,0.,0.));
#1874=DIRECTION('',(-1.,0.,0.));
#1875=DIRECTION('',(0.,0.192899845355945,0.981218451549732));
#1876=DIRECTION('',(0.,-0.707106781186548,0.707106781186548));
#1877=DIRECTION('',(-1.,0.,0.));
#1878=DIRECTION('',(0.,-0.707106781186548,-0.707106781186548));
#1879=DIRECTION('',(-0.577350269189623,-0.577350269189627,-0.577350269189627));
#1880=DIRECTION('',(0.577350269189626,-0.577350269189626,0.577350269189626));
#1881=DIRECTION('',(0.707106781186548,0.,-0.707106781186548));
#1882=DIRECTION('',(-0.707106781186548,0.,0.707106781186548));
#1883=DIRECTION('',(-0.707106781186548,-0.707106781186548,0.));
#1884=DIRECTION('',(0.408248290463863,-0.408248290463863,-0.816496580927726));
#1885=DIRECTION('',(0.408248290463863,0.816496580927726,0.408248290463863));
#1886=DIRECTION('',(0.70710678118655,0.,-0.707106781186545));
#1887=DIRECTION('',(0.,1.,0.));
#1888=DIRECTION('',(0.577350269189624,-0.577350269189625,0.577350269189628));
#1889=DIRECTION('',(-0.707106781186548,0.707106781186548,0.));
#1890=DIRECTION('',(0.,0.,-1.));
#1891=DIRECTION('',(0.,0.,1.));
#1892=DIRECTION('',(0.611869705558446,0.611869705558446,-0.501229415377472));
#1893=DIRECTION('',(-0.577350269189625,-0.577350269189625,0.577350269189627));
#1894=DIRECTION('',(0.707106781186548,0.707106781186548,0.));
#1895=DIRECTION('',(0.,0.,1.));
#1896=DIRECTION('',(0.577350269189625,-0.577350269189625,-0.577350269189627));
#1897=DIRECTION('',(-0.577350269189626,0.577350269189626,-0.577350269189626));
#1898=DIRECTION('',(-0.707106781186548,0.,0.707106781186548));
#1899=DIRECTION('',(0.,1.,0.));
#1900=DIRECTION('',(0.,1.,0.));
#1901=DIRECTION('',(0.577350269189625,0.577350269189628,0.577350269189625));
#1902=DIRECTION('',(-0.408248290463865,0.816496580927725,-0.408248290463865));
#1903=DIRECTION('',(0.707106781186548,0.,0.707106781186548));
#1904=DIRECTION('',(0.,-1.,0.));
#1905=DIRECTION('',(0.707106781186548,0.,-0.707106781186548));
#1906=DIRECTION('',(0.,-0.707106781186549,-0.707106781186546));
#1907=DIRECTION('',(1.,0.,0.));
#1908=DIRECTION('',(0.,0.707106781186546,-0.707106781186549));
#1909=DIRECTION('',(0.,-0.633698695229747,-0.773579965914395));
#1910=DIRECTION('',(1.,0.,0.));
#1911=DIRECTION('',(0.535272326558699,-0.65342717485645,0.535272326558693));
#1912=DIRECTION('',(0.535272326558694,0.653427174856452,-0.535272326558694));
#1913=DIRECTION('',(-0.535272326558692,-0.653427174856454,0.535272326558695));
#1914=DIRECTION('',(0.707106781186548,0.,0.707106781186547));
#1915=DIRECTION('',(0.,-1.,0.));
#1916=DIRECTION('',(0.577350269189625,0.577350269189627,-0.577350269189626));
#1917=DIRECTION('',(-0.577350269189625,0.577350269189627,0.577350269189626));
#1918=DIRECTION('',(-0.707106781186549,0.707106781186546,2.97185883306286E-17));
#1919=DIRECTION('',(0.,4.20284306717579E-17,-1.));
#1920=DIRECTION('',(0.408248290463862,0.408248290463864,-0.816496580927727));
#1921=DIRECTION('',(0.,4.20284306717579E-17,-1.));
#1922=DIRECTION('',(0.577350269189625,0.577350269189628,0.577350269189625));
#1923=DIRECTION('',(0.,-0.707106781186546,0.707106781186549));
#1924=DIRECTION('',(-0.707106781186546,0.707106781186549,-6.55140589610411E-15));
#1925=DIRECTION('',(-0.707106781186548,0.,-0.707106781186548));
#1926=DIRECTION('',(0.,-1.,0.));
#1927=DIRECTION('',(-0.611236588636173,-0.502771981543151,0.611236588636173));
#1928=DIRECTION('',(0.536209817444078,-0.651888075786924,-0.536209817444078));
#1929=DIRECTION('',(0.611869705558447,-0.501229415377468,-0.611869705558447));
#1930=DIRECTION('',(0.707106781186549,0.707106781186546,2.97185883306286E-17));
#1931=DIRECTION('',(0.,-4.20284306717579E-17,1.));
#1932=DIRECTION('',(-0.611236588636172,0.611236588636175,0.502771981543152));
#1933=DIRECTION('',(0.,0.63525591482648,-0.772301704438086));
#1934=DIRECTION('',(-1.,0.,0.));
#1935=DIRECTION('',(-0.536209817444077,-0.651888075786924,-0.536209817444078));
#1936=DIRECTION('',(0.707106781186548,0.707106781186547,-2.11744941855729E-16));
#1937=DIRECTION('',(3.41480999208033E-16,-4.20284306717579E-17,1.));
#1938=DIRECTION('',(-0.577350269189626,0.577350269189626,-0.577350269189625));
#1939=DIRECTION('',(0.577350269189626,-0.577350269189626,-0.577350269189625));
#1940=DIRECTION('',(0.,-0.707106781186547,0.707106781186548));
#1941=DIRECTION('',(1.,0.,0.));
#1942=DIRECTION('',(-0.577350269189625,-0.577350269189627,-0.577350269189626));
#1943=DIRECTION('',(1.0731712452727E-16,0.707106781186547,0.707106781186548));
#1944=DIRECTION('',(-1.,-6.37862688930552E-33,1.51769332981348E-16));
#1945=DIRECTION('',(-0.577350269189624,-0.577350269189627,0.577350269189627));
#1946=DIRECTION('',(0.707106781186549,-0.707106781186546,-2.71182118516988E-16));
#1947=DIRECTION('',(-3.41480999208033E-16,4.20284306717579E-17,-1.));
#1948=DIRECTION('',(0.707106781186544,0.693270985512581,0.139195332703434));
#1949=DIRECTION('',(0.,-0.196851927328231,0.980433230111649));
#1950=DIRECTION('',(0.70710678118655,-0.693270985512575,-0.139195332703433));
#1951=DIRECTION('',(0.,-0.196851927328231,0.980433230111649));
#1952=DIRECTION('',(-0.70710678118655,0.707106781186545,0.));
#1953=DIRECTION('',(0.,0.,1.));
#1954=DIRECTION('',(0.,0.,1.));
#1955=DIRECTION('',(1.,0.,0.));
#1956=DIRECTION('',(0.707106781186548,-0.693826220916179,0.136400788741024));
#1957=DIRECTION('',(0.,-0.192899845355945,-0.981218451549732));
#1958=DIRECTION('',(0.,-1.,0.));
#1959=DIRECTION('',(0.,0.,-1.));
#1960=DIRECTION('',(0.,0.,1.));
#1961=DIRECTION('',(-1.,0.,0.));
#1962=DIRECTION('',(0.,0.,1.));
#1963=DIRECTION('',(-1.,0.,0.));
#1964=DIRECTION('',(0.,0.,1.));
#1965=DIRECTION('',(0.,0.,1.));
#1966=DIRECTION('',(1.,0.,0.));
#1967=CARTESIAN_POINT('',(0.,0.,0.));
#1968=CARTESIAN_POINT('',(0.437393735184913,0.57621001180527,0.854673206158488));
#1969=CARTESIAN_POINT('',(1.00652066017919,0.57621001180527,0.854673206158488));
#1970=CARTESIAN_POINT('',(1.00652066017919,0.57621001180527,0.235864240316045));
#1971=CARTESIAN_POINT('',(1.00652066017919,0.57621001180527,1.09586424031605));
#1972=CARTESIAN_POINT('',(0.437393735184913,0.57621001180527,1.09586424031605));
#1973=CARTESIAN_POINT('',(0.499478635856687,0.57621001180527,1.09586424031605));
#1974=CARTESIAN_POINT('',(0.499478635856687,0.57621001180527,0.564935432817331));
#1975=CARTESIAN_POINT('',(0.499478635856687,0.57621001180527,1.15531056957497));
#1976=CARTESIAN_POINT('',(0.499478635856687,0.57621001180527,1.15531056957497));
#1977=CARTESIAN_POINT('',(0.499478635856687,0.57621001180527,1.16587593232314));
#1978=CARTESIAN_POINT('',(0.490043687849222,0.57621001180527,1.17531414062854));
#1979=CARTESIAN_POINT('',(0.479478277889476,0.57621001180527,1.17531414062854));
#1980=CARTESIAN_POINT('',(0.479478277889476,0.57621001180527,1.17531414062854));
#1981=CARTESIAN_POINT('',(0.297260773646216,0.57621001180527,1.17531414062854));
#1982=CARTESIAN_POINT('',(0.437393735184913,0.57621001180527,1.17531414062854));
#1983=CARTESIAN_POINT('',(0.437393735184913,0.57621001180527,0.854673206158488));
#1984=CARTESIAN_POINT('',(0.437393735184913,0.57621001180527,1.63717320615849));
#1985=CARTESIAN_POINT('',(0.437393735184913,0.57621001180527,1.63717320615849));
#1986=CARTESIAN_POINT('',(1.46989373518491,0.57621001180527,1.63717320615849));
#1987=CARTESIAN_POINT('',(1.46989373518491,0.57621001180527,0.0421732061584876));
#1988=CARTESIAN_POINT('',(1.46989373518491,0.57621001180527,0.0515141420766278));
#1989=CARTESIAN_POINT('',(0.437393735184913,0.57621001180527,0.051514142076628));
#1990=CARTESIAN_POINT('',(0.489570421669975,0.57621001180527,0.051514142076628));
#1991=CARTESIAN_POINT('',(0.489570421669975,0.576210011805271,0.051514142076628));
#1992=CARTESIAN_POINT('',(0.492875099328943,0.576210011805271,0.0686287400107568));
#1993=CARTESIAN_POINT('',(0.49617904613974,0.57621001180527,0.085743479029546));
#1994=CARTESIAN_POINT('',(0.499482039150948,0.57621001180527,0.102858402172065));
#1995=CARTESIAN_POINT('',(0.499480364010548,0.576210016588283,0.102858725455843));
#1996=CARTESIAN_POINT('',(0.499478635856687,0.57621001180527,0.564935432817331));
#1997=CARTESIAN_POINT('',(0.499478635856687,0.57621001180527,0.235864240316046));
#1998=CARTESIAN_POINT('',(0.976520660179193,0.57621001180527,0.235864240316045));
#1999=CARTESIAN_POINT('',(0.437393735184913,0.52621001180527,0.854673206158488));
#2000=CARTESIAN_POINT('',(0.437393735184913,0.52621001180527,0.0921732061584876));
#2001=CARTESIAN_POINT('',(0.487393735184913,0.52621001180527,0.0921732061584876));
#2002=CARTESIAN_POINT('',(1.46989373518491,0.52621001180527,0.0921732061584876));
#2003=CARTESIAN_POINT('',(1.46989373518491,0.52621001180527,0.854673206158488));
#2004=CARTESIAN_POINT('',(1.46989373518491,0.52621001180527,1.61717320615849));
#2005=CARTESIAN_POINT('',(0.437393735184913,0.52621001180527,1.61717320615849));
#2006=CARTESIAN_POINT('',(0.487393735184913,0.52621001180527,1.61717320615849));
#2007=CARTESIAN_POINT('',(0.487393735184913,0.52621001180527,0.854673206158488));
#2008=CARTESIAN_POINT('',(0.487393735184913,0.52621001180527,1.15607920341961));
#2009=CARTESIAN_POINT('',(0.487393735184913,0.52621001180527,1.15607920341963));
#2010=CARTESIAN_POINT('',(0.477399986635026,0.52621001180527,1.14608440704096));
#2011=CARTESIAN_POINT('',(0.467406238962931,0.52621001180527,1.13608960978459));
#2012=CARTESIAN_POINT('',(0.457412492172543,0.52621001180527,1.12609481164661));
#2013=CARTESIAN_POINT('',(0.457393735186612,0.526209457117122,1.12611356665951));
#2014=CARTESIAN_POINT('',(0.487393735184913,0.52621001180527,1.12615106422094));
#2015=CARTESIAN_POINT('',(0.449534257309647,0.52621001180527,1.12615106422094));
#2016=CARTESIAN_POINT('',(0.449534257309647,0.52621001180527,1.12615106422094));
#2017=CARTESIAN_POINT('',(0.449534257309647,0.52621001180527,1.00832095659962));
#2018=CARTESIAN_POINT('',(0.449534257309647,0.52621001180527,1.00832095659962));
#2019=CARTESIAN_POINT('',(0.457393734384809,0.52621001180527,1.00831254527592));
#2020=CARTESIAN_POINT('',(0.457393733584689,0.52621001180527,1.00830413395222));
#2021=CARTESIAN_POINT('',(0.467393734380754,0.52621001180527,0.998303050554018));
#2022=CARTESIAN_POINT('',(0.477393734909669,0.52621001180527,0.988301966888697));
#2023=CARTESIAN_POINT('',(0.487393735184913,0.52621001180527,0.978300882969732));
#2024=CARTESIAN_POINT('',(0.487393735184913,0.52621001180527,0.978300882970167));
#2025=CARTESIAN_POINT('',(0.487393735184913,0.52621001180527,0.854673206158488));
#2026=CARTESIAN_POINT('',(0.437393735184913,0.52621001180527,0.265864240316046));
#2027=CARTESIAN_POINT('',(0.976520660179193,0.52621001180527,0.265864240316046));
#2028=CARTESIAN_POINT('',(0.526520660179193,0.52621001180527,0.265864240316046));
#2029=CARTESIAN_POINT('',(0.526520660179193,0.52621001180527,0.854673206158488));
#2030=CARTESIAN_POINT('',(0.526520660179193,0.52621001180527,1.06586424031605));
#2031=CARTESIAN_POINT('',(0.437393735184913,0.52621001180527,1.06586424031605));
#2032=CARTESIAN_POINT('',(0.976520660179193,0.52621001180527,1.06586424031605));
#2033=CARTESIAN_POINT('',(0.976520660179193,0.52621001180527,0.854673206158488));
#2034=CARTESIAN_POINT('',(1.49989373518491,-0.861289826543821,0.854673206158488));
#2035=CARTESIAN_POINT('',(1.49989373518491,-0.58003998819473,0.0421732061584876));
#2036=CARTESIAN_POINT('',(1.49989373518491,-1.70628998819473,0.0421732061584876));
#2037=CARTESIAN_POINT('',(1.49989373518491,0.54621001180527,0.0421732061584876));
#2038=CARTESIAN_POINT('',(1.49989373518491,0.54621001180527,1.66717320615849));
#2039=CARTESIAN_POINT('',(1.49989373518491,0.54621001180527,0.0621732061584876));
#2040=CARTESIAN_POINT('',(1.49989373518491,-1.68628998819473,0.0621732061584876));
#2041=CARTESIAN_POINT('',(1.49989373518491,-1.70628998819473,0.0621732061584876));
#2042=CARTESIAN_POINT('',(1.49989373518491,-1.70628998819473,0.854673206158488));
#2043=CARTESIAN_POINT('',(0.499476106093947,0.573254565476475,-0.0343394424807524));
#2044=CARTESIAN_POINT('',(0.499476106093947,0.573254565476475,1.16240589767869));
#2045=CARTESIAN_POINT('',(0.499505283347524,0.613606669265548,-0.0343394424807524));
#2046=CARTESIAN_POINT('',(0.499505283347524,0.613606669265548,1.16240589767869));
#2047=CARTESIAN_POINT('',(0.500203008116966,0.702588908890501,-0.0343394424807524));
#2048=CARTESIAN_POINT('',(0.500203008116966,0.702588908890501,1.16240589767869));
#2049=CARTESIAN_POINT('',(0.502448255351404,0.867540229787084,-0.0343394424807524));
#2050=CARTESIAN_POINT('',(0.502448255351404,0.867540229787084,1.16240589767869));
#2051=CARTESIAN_POINT('',(0.501532586465749,1.04682663965956,-0.0343394424807524));
#2052=CARTESIAN_POINT('',(0.501532586465749,1.04682663965956,1.16240589767869));
#2053=CARTESIAN_POINT('',(0.493501128713169,1.22562124278377,-0.0343394424807524));
#2054=CARTESIAN_POINT('',(0.493501128713169,1.22562124278377,1.16240589767869));
#2055=CARTESIAN_POINT('',(0.476546260790079,1.41115597792042,-0.0343394424807524));
#2056=CARTESIAN_POINT('',(0.476546260790079,1.41115597792042,1.16240589767869));
#2057=CARTESIAN_POINT('',(0.448795716348426,1.61442065694741,-0.0343394424807524));
#2058=CARTESIAN_POINT('',(0.448795716348426,1.61442065694741,1.16240589767869));
#2059=CARTESIAN_POINT('',(0.409468337376094,1.84048580490257,-0.0343394424807524));
#2060=CARTESIAN_POINT('',(0.409468337376094,1.84048580490257,1.16240589767869));
#2061=CARTESIAN_POINT('',(0.374175957768704,2.01669829615872,-0.0343394424807524));
#2062=CARTESIAN_POINT('',(0.374175957768704,2.01669829615872,1.16240589767869));
#2063=CARTESIAN_POINT('',(0.348176777961896,2.13402665962871,-0.0343394424807524));
#2064=CARTESIAN_POINT('',(0.348176777961896,2.13402665962871,1.16240589767869));
#2065=CARTESIAN_POINT('',(0.325350004167228,2.22824069969173,-0.0343394424807524));
#2066=CARTESIAN_POINT('',(0.325350004167228,2.22824069969173,1.16240589767869));
#2067=CARTESIAN_POINT('',(0.306831173249936,2.28980959188022,-0.0343394424807524));
#2068=CARTESIAN_POINT('',(0.306831173249936,2.28980959188022,1.16240589767869));
#2069=CARTESIAN_POINT('',(0.282454502305807,2.36392592877705,-0.0343394424807524));
#2070=CARTESIAN_POINT('',(0.282454502305807,2.36392592877705,1.16240589767869));
#2071=CARTESIAN_POINT('',(0.258674947356516,2.43677166576695,-0.0343394424807524));
#2072=CARTESIAN_POINT('',(0.258674947356516,2.43677166576695,1.16240589767869));
#2073=CARTESIAN_POINT('',(0.23293549526811,2.52196083537299,-0.0343394424807524));
#2074=CARTESIAN_POINT('',(0.23293549526811,2.52196083537299,1.16240589767869));
#2075=CARTESIAN_POINT('',(0.201447911685715,2.64375185806858,-0.0343394424807524));
#2076=CARTESIAN_POINT('',(0.201447911685715,2.64375185806858,1.16240589767869));
#2077=CARTESIAN_POINT('',(0.176321394191434,2.79730736420191,-0.0343394424807524));
#2078=CARTESIAN_POINT('',(0.176321394191434,2.79730736420191,1.16240589767869));
#2079=CARTESIAN_POINT('',(0.204062808069194,2.9341820202638,-0.0343394424807524));
#2080=CARTESIAN_POINT('',(0.204062808069194,2.9341820202638,1.16240589767869));
#2081=CARTESIAN_POINT('',(0.237789367131699,3.03595514204026,-0.0343394424807524));
#2082=CARTESIAN_POINT('',(0.237789367131699,3.03595514204026,1.16240589767869));
#2083=CARTESIAN_POINT('',(0.232961967875692,3.09099423331442,-0.0343394424807524));
#2084=CARTESIAN_POINT('',(0.232961967875692,3.09099423331442,1.16240589767869));
#2085=CARTESIAN_POINT('',(0.230258089662566,3.11814700662522,-0.0343394424807524));
#2086=CARTESIAN_POINT('',(0.230258089662566,3.11814700662522,1.16240589767869));
#2087=CARTESIAN_POINT('',(0.499478635869533,0.576210024790593,0.102858725455843));
#2088=CARTESIAN_POINT('',(0.499492947845449,0.590676863811121,0.176446429820323));
#2089=CARTESIAN_POINT('',(0.499557520979123,0.612303016018616,0.286535886663685));
#2090=CARTESIAN_POINT('',(0.499711361222114,0.637400578613335,0.414152444290196));
#2091=CARTESIAN_POINT('',(0.49980811945646,0.649971164375003,0.47806540514063));
#2092=CARTESIAN_POINT('',(0.4998680828692,0.657063649159333,0.514129914355046));
#2093=CARTESIAN_POINT('',(0.499917952235832,0.662606998175401,0.542322418321394));
#2094=CARTESIAN_POINT('',(0.49996205859796,0.667268508878674,0.566035347488095));
#2095=CARTESIAN_POINT('',(0.500027348665756,0.673909486777893,0.599818244916082));
#2096=CARTESIAN_POINT('',(0.500149004327641,0.685622628709436,0.659406919658901));
#2097=CARTESIAN_POINT('',(0.500346017962631,0.703142059527966,0.748530428619538));
#2098=CARTESIAN_POINT('',(0.500608469349195,0.725262079429533,0.861038209257928));
#2099=CARTESIAN_POINT('',(0.500793490715699,0.740768133596069,0.939901659787564));
#2100=CARTESIAN_POINT('',(0.500886307625909,0.748707180565446,0.980285293952258));
#2101=CARTESIAN_POINT('',(0.500886314178449,0.748707741119337,0.980285183752909));
#2102=CARTESIAN_POINT('',(0.500886307605105,0.748707178785949,0.98028529425276));
#2103=CARTESIAN_POINT('',(0.501227653477226,0.777904023382017,0.981888485665557));
#2104=CARTESIAN_POINT('',(0.501849735640939,0.836299727339787,0.986147107812984));
#2105=CARTESIAN_POINT('',(0.502118872862174,0.921392717181499,1.00697047803853));
#2106=CARTESIAN_POINT('',(0.501405149820955,1.00658629376118,1.02703315246081));
#2107=CARTESIAN_POINT('',(0.499277842696575,1.09247089670857,1.03558230408782));
#2108=CARTESIAN_POINT('',(0.495323709345989,1.17895735408876,1.0342768312489));
#2109=CARTESIAN_POINT('',(0.489486186815506,1.26537194559013,1.0324730169674));
#2110=CARTESIAN_POINT('',(0.4817381777976,1.35188930314234,1.02946772405639));
#2111=CARTESIAN_POINT('',(0.472265745246076,1.43753460279893,1.02347632825183));
#2112=CARTESIAN_POINT('',(0.46133199468527,1.52181197388417,1.01124624320164));
#2113=CARTESIAN_POINT('',(0.449137149918283,1.60489228017923,0.993650569992787));
#2114=CARTESIAN_POINT('',(0.435900399990923,1.68689873623958,0.971161391452512));
#2115=CARTESIAN_POINT('',(0.42204999479435,1.7670276268611,0.939198969017192));
#2116=CARTESIAN_POINT('',(0.407393720395845,1.84708569631324,0.907652922423659));
#2117=CARTESIAN_POINT('',(0.387663085647446,1.94969022105652,0.856804703909017));
#2118=CARTESIAN_POINT('',(0.362760295106239,2.06931049363715,0.776365064118276));
#2119=CARTESIAN_POINT('',(0.332521736017834,2.20502152600132,0.672025324639323));
#2120=CARTESIAN_POINT('',(0.291961201717582,2.33671545037424,0.565541002809942));
#2121=CARTESIAN_POINT('',(0.248917877390264,2.4655191798353,0.456417024315472));
#2122=CARTESIAN_POINT('',(0.218883715005939,2.57314966855342,0.363894956669228));
#2123=CARTESIAN_POINT('',(0.2000393753188,2.65947301606997,0.288603335702947));
#2124=CARTESIAN_POINT('',(0.189628669677132,2.72462559185537,0.231145671634879));
#2125=CARTESIAN_POINT('',(0.184490941275108,2.7893561969345,0.173056635416505));
#2126=CARTESIAN_POINT('',(0.187617946372615,2.8426187870689,0.124048952343973));
#2127=CARTESIAN_POINT('',(0.194727917959729,2.88533096063696,0.0848594008832752));
#2128=CARTESIAN_POINT('',(0.201949257959061,2.91715429027378,0.0556172276896051));
#2129=CARTESIAN_POINT('',(0.210589586096232,2.94886195506249,0.0266843388292808));
#2130=CARTESIAN_POINT('',(0.219590347768073,2.98023708143711,-0.0025701090937986));
#2131=CARTESIAN_POINT('',(0.227671185382472,3.01030902341818,-0.0218555522108973));
#2132=CARTESIAN_POINT('',(0.232114284960114,3.03970459874549,-0.0275535321652799));
#2133=CARTESIAN_POINT('',(0.233440698100424,3.0619750770835,-0.0265283145089222));
#2134=CARTESIAN_POINT('',(0.233041911593032,3.08350356732491,-0.0180366343510214));
#2135=CARTESIAN_POINT('',(0.232169892312789,3.09685395533168,0.000253479849806641));
#2136=CARTESIAN_POINT('',(0.231238644337262,3.1080105249418,0.0196998159940477));
#2137=CARTESIAN_POINT('',(0.23102981479433,3.11013504261574,0.0346395749303715));
#2138=CARTESIAN_POINT('',(0.231009538494105,3.11035388804846,0.0420734492816794));
#2139=CARTESIAN_POINT('',(0.231009538494105,3.11035388804846,0.0420734492816853));
#2140=CARTESIAN_POINT('',(0.231009538494105,3.11035388804846,-0.012783688857381));
#2141=CARTESIAN_POINT('',(0.231008854703159,3.1103612679855,0.0456750682958872));
#2142=CARTESIAN_POINT('',(0.231008854963403,3.1103612651769,0.0456751704967521));
#2143=CARTESIAN_POINT('',(0.23101940747017,3.11024738044504,0.0498191310728221));
#2144=CARTESIAN_POINT('',(0.231121681489822,3.10919591326534,0.0584918819017277));
#2145=CARTESIAN_POINT('',(0.231855803795218,3.10083807887905,0.0674760556635946));
#2146=CARTESIAN_POINT('',(0.23251831224796,3.09156292865203,0.074681646594655));
#2147=CARTESIAN_POINT('',(0.233146783613164,3.07936664385719,0.0847733276943339));
#2148=CARTESIAN_POINT('',(0.233377932552073,3.06395699338815,0.0970612728498756));
#2149=CARTESIAN_POINT('',(0.232272548565216,3.03941497365619,0.116515154115632));
#2150=CARTESIAN_POINT('',(0.227408347920627,3.00888069126958,0.140192325465778));
#2151=CARTESIAN_POINT('',(0.217725615252512,2.97358867412104,0.169333937626123));
#2152=CARTESIAN_POINT('',(0.207687989247516,2.9387311378012,0.19892138352133));
#2153=CARTESIAN_POINT('',(0.195694734160795,2.892421677474,0.23887563812385));
#2154=CARTESIAN_POINT('',(0.185760158914367,2.83418707985687,0.289733904812809));
#2155=CARTESIAN_POINT('',(0.185432250972822,2.76556401497026,0.34963564149633));
#2156=CARTESIAN_POINT('',(0.193459260040674,2.69680352019072,0.40794654447429));
#2157=CARTESIAN_POINT('',(0.206413601445558,2.62810241507895,0.465383890058664));
#2158=CARTESIAN_POINT('',(0.228573255659504,2.53643922101153,0.540968392971228));
#2159=CARTESIAN_POINT('',(0.262686171107688,2.42148422078601,0.634000826446018));
#2160=CARTESIAN_POINT('',(0.310782850262666,2.2825485762975,0.742219370704724));
#2161=CARTESIAN_POINT('',(0.34808197650694,2.13804326114457,0.846273498963252));
#2162=CARTESIAN_POINT('',(0.374781072891681,2.01263192659445,0.92729774533493));
#2163=CARTESIAN_POINT('',(0.396014595986879,1.90664315005778,0.984256118661101));
#2164=CARTESIAN_POINT('',(0.411431537900566,1.8255069834967,1.02340880998173));
#2165=CARTESIAN_POINT('',(0.426607714466755,1.74129213037383,1.05645278671097));
#2166=CARTESIAN_POINT('',(0.446167020588203,1.62562573041602,1.089255632462));
#2167=CARTESIAN_POINT('',(0.467932161086989,1.4790051391982,1.11349129115955));
#2168=CARTESIAN_POINT('',(0.494354308396853,1.24066274679613,1.13476616751279));
#2169=CARTESIAN_POINT('',(0.505671353911891,0.938437034790217,1.14753388950547));
#2170=CARTESIAN_POINT('',(0.4995981353715,0.697002717700605,1.15313936347107));
#2171=CARTESIAN_POINT('',(0.499478635856687,0.57621001180527,1.15531056957498));
#2172=CARTESIAN_POINT('',(0.499478635856687,0.57621001180527,1.09586424031605));
#2173=CARTESIAN_POINT('',(0.499477661255026,0.575224863223134,1.09487909173391));
#2174=CARTESIAN_POINT('',(0.499476818422279,0.574239714584603,1.09389394309538));
#2175=CARTESIAN_POINT('',(0.499476106094246,0.573254565890217,1.09290879440099));
#2176=CARTESIAN_POINT('',(0.499476106094246,0.573254565890217,1.09290879440099));
#2177=CARTESIAN_POINT('',(0.499476106094245,0.573254565890217,0.665864240316045));
#2178=CARTESIAN_POINT('',(0.499476106094245,0.573254565890217,0.238819686231099));
#2179=CARTESIAN_POINT('',(0.499476106094514,0.573254565889949,0.238819686231368));
#2180=CARTESIAN_POINT('',(0.499476818422511,0.574239714584334,0.237834537536982));
#2181=CARTESIAN_POINT('',(0.499477661254978,0.575224863223134,0.236849388898182));
#2182=CARTESIAN_POINT('',(0.499478635856687,0.57621001180527,0.235864240316046));
#2183=CARTESIAN_POINT('',(0.488176666991671,-2.29878967266943,1.16937724113841));
#2184=CARTESIAN_POINT('',(0.0991541081002137,-2.29878967266943,1.16937724113841));
#2185=CARTESIAN_POINT('',(0.488176666991671,-2.25280923177496,1.16791106161789));
#2186=CARTESIAN_POINT('',(0.0991541081002137,-2.25280923177496,1.16791106161789));
#2187=CARTESIAN_POINT('',(0.488176666991671,-2.00112614302377,1.16726187839698));
#2188=CARTESIAN_POINT('',(0.0991541081002139,-2.00112614302377,1.16726187839698));
#2189=CARTESIAN_POINT('',(0.488176666991671,-1.45255448051571,1.1701289800621));
#2190=CARTESIAN_POINT('',(0.0991541081002136,-1.45255448051571,1.1701289800621));
#2191=CARTESIAN_POINT('',(0.488176666991671,-0.973662934254436,1.17315504321264));
#2192=CARTESIAN_POINT('',(0.0991541081002138,-0.973662934254436,1.17315504321264));
#2193=CARTESIAN_POINT('',(0.488176666991671,-0.619469967864334,1.17544572884717));
#2194=CARTESIAN_POINT('',(0.0991541081002136,-0.619469967864334,1.17544572884717));
#2195=CARTESIAN_POINT('',(0.488176666991671,-0.349280402379288,1.17707507997951));
#2196=CARTESIAN_POINT('',(0.0991541081002138,-0.349280402379288,1.17707507997951));
#2197=CARTESIAN_POINT('',(0.488176666991671,-0.160706595613278,1.17803343202063));
#2198=CARTESIAN_POINT('',(0.0991541081002137,-0.160706595613278,1.17803343202063));
#2199=CARTESIAN_POINT('',(0.488176666991671,0.00560138158957919,1.17870452563141));
#2200=CARTESIAN_POINT('',(0.0991541081002137,0.00560138158957919,1.17870452563141));
#2201=CARTESIAN_POINT('',(0.488176666991671,0.178018214273783,1.17899048049398));
#2202=CARTESIAN_POINT('',(0.0991541081002138,0.178018214273783,1.17899048049398));
#2203=CARTESIAN_POINT('',(0.488176666991671,0.346621532906915,1.17839102119628));
#2204=CARTESIAN_POINT('',(0.0991541081002137,0.346621532906915,1.17839102119628));
#2205=CARTESIAN_POINT('',(0.488176666991671,0.495744626002794,1.17679571830331));
#2206=CARTESIAN_POINT('',(0.0991541081002138,0.495744626002794,1.17679571830331));
#2207=CARTESIAN_POINT('',(0.488176666991671,0.643476913860807,1.17413831683905));
#2208=CARTESIAN_POINT('',(0.0991541081002139,0.643476913860807,1.17413831683905));
#2209=CARTESIAN_POINT('',(0.488176666991671,0.810452242257825,1.17039992065278));
#2210=CARTESIAN_POINT('',(0.0991541081002136,0.810452242257825,1.17039992065278));
#2211=CARTESIAN_POINT('',(0.488176666991671,1.04786358971223,1.16323130337569));
#2212=CARTESIAN_POINT('',(0.0991541081002139,1.04786358971223,1.16323130337569));
#2213=CARTESIAN_POINT('',(0.488176666991671,1.28469923946945,1.15155016142358));
#2214=CARTESIAN_POINT('',(0.0991541081002138,1.28469923946945,1.15155016142358));
#2215=CARTESIAN_POINT('',(0.488176666991671,1.47445906995295,1.13287314331023));
#2216=CARTESIAN_POINT('',(0.0991541081002136,1.47445906995295,1.13287314331023));
#2217=CARTESIAN_POINT('',(0.488176666991671,1.62883803370022,1.10890486384791));
#2218=CARTESIAN_POINT('',(0.0991541081002138,1.62883803370022,1.10890486384791));
#2219=CARTESIAN_POINT('',(0.488176666991671,1.77303003480879,1.06856585500584));
#2220=CARTESIAN_POINT('',(0.0991541081002137,1.77303003480879,1.06856585500584));
#2221=CARTESIAN_POINT('',(0.488176666991671,1.89543912495535,1.01160550537029));
#2222=CARTESIAN_POINT('',(0.0991541081002136,1.89543912495535,1.01160550537029));
#2223=CARTESIAN_POINT('',(0.488176666991671,2.01630346164,0.945237861138646));
#2224=CARTESIAN_POINT('',(0.0991541081002137,2.01630346164,0.945237861138646));
#2225=CARTESIAN_POINT('',(0.488176666991671,2.12725006032679,0.874518223047104));
#2226=CARTESIAN_POINT('',(0.0991541081002137,2.12725006032679,0.874518223047104));
#2227=CARTESIAN_POINT('',(0.488176666991671,2.26705095641963,0.774740342025051));
#2228=CARTESIAN_POINT('',(0.0991541081002136,2.26705095641963,0.774740342025051));
#2229=CARTESIAN_POINT('',(0.488176666991671,2.44605751604547,0.635542738885789));
#2230=CARTESIAN_POINT('',(0.0991541081002138,2.44605751604547,0.635542738885789));
#2231=CARTESIAN_POINT('',(0.488176666991671,2.64267642887005,0.476331325464833));
#2232=CARTESIAN_POINT('',(0.0991541081002138,2.64267642887005,0.476331325464833));
#2233=CARTESIAN_POINT('',(0.488176666991671,2.83284785794832,0.318760127607651));
#2234=CARTESIAN_POINT('',(0.0991541081002136,2.83284785794832,0.318760127607651));
#2235=CARTESIAN_POINT('',(0.488176666991672,2.96650970955969,0.2062969570758));
#2236=CARTESIAN_POINT('',(0.0991541081002139,2.96650970955969,0.2062969570758));
#2237=CARTESIAN_POINT('',(0.488176666991671,3.04664961039607,0.138363828630347));
#2238=CARTESIAN_POINT('',(0.0991541081002135,3.04664961039607,0.138363828630347));
#2239=CARTESIAN_POINT('',(0.488176666991671,3.09071711464894,0.100752213148918));
#2240=CARTESIAN_POINT('',(0.0991541081002136,3.09071711464894,0.100752213148918));
#2241=CARTESIAN_POINT('',(0.488176666991671,3.11460246970608,0.0804434310695133));
#2242=CARTESIAN_POINT('',(0.0991541081002138,3.11460246970608,0.0804434310695133));
#2243=CARTESIAN_POINT('',(0.488176666991671,3.12070080973805,0.0742546380154678));
#2244=CARTESIAN_POINT('',(0.0991541081002138,3.12070080973805,0.0742546380154678));
#2245=CARTESIAN_POINT('',(0.488176666991671,3.12617118954072,0.0636220815611885));
#2246=CARTESIAN_POINT('',(0.0991541081002136,3.12617118954072,0.0636220815611885));
#2247=CARTESIAN_POINT('',(0.488176666991671,3.12834137713753,0.0524418901509855));
#2248=CARTESIAN_POINT('',(0.0991541081002137,3.12834137713753,0.0524418901509855));
#2249=CARTESIAN_POINT('',(0.488176666991671,3.12850876586644,0.0462122707283493));
#2250=CARTESIAN_POINT('',(0.0991541081002137,3.12850876586644,0.0462122707283493));
#2251=CARTESIAN_POINT('',(0.479478277889476,0.57621001180527,1.17531414062854));
#2252=CARTESIAN_POINT('',(0.479594663154056,0.69816040103452,1.17312795668787));
#2253=CARTESIAN_POINT('',(0.485788823705156,0.941913006294447,1.16746129695021));
#2254=CARTESIAN_POINT('',(0.473960347824819,1.24701197112356,1.15443991189395));
#2255=CARTESIAN_POINT('',(0.446958920312522,1.48753304958415,1.13234248954405));
#2256=CARTESIAN_POINT('',(0.425024035217131,1.635408335816,1.10698365966167));
#2257=CARTESIAN_POINT('',(0.405548331568593,1.75211318264167,1.07272958809358));
#2258=CARTESIAN_POINT('',(0.390543043674311,1.83676354785987,1.03861620525201));
#2259=CARTESIAN_POINT('',(0.375089938244774,1.91855337216614,0.998705422333554));
#2260=CARTESIAN_POINT('',(0.353883638414494,2.02520285808801,0.940605961968079));
#2261=CARTESIAN_POINT('',(0.327204313823091,2.15152510922768,0.858355990477102));
#2262=CARTESIAN_POINT('',(0.289178693089306,2.29642201295605,0.752103478570757));
#2263=CARTESIAN_POINT('',(0.240775335535335,2.43652474576105,0.642627758566487));
#2264=CARTESIAN_POINT('',(0.206769073106849,2.55285493300636,0.549092324294484));
#2265=CARTESIAN_POINT('',(0.184872005893084,2.64579739116746,0.473245589381266));
#2266=CARTESIAN_POINT('',(0.172300529122154,2.71563478223315,0.415786303250723));
#2267=CARTESIAN_POINT('',(0.16490631144469,2.78575161038147,0.357683752794117));
#2268=CARTESIAN_POINT('',(0.166598778122611,2.85648199233653,0.298697442756617));
#2269=CARTESIAN_POINT('',(0.179801702370531,2.92821577151245,0.238515599590212));
#2270=CARTESIAN_POINT('',(0.197308771636766,2.98689257218693,0.189000316856667));
#2271=CARTESIAN_POINT('',(0.209686999764184,3.03399561746911,0.14908630650366));
#2272=CARTESIAN_POINT('',(0.213141091109928,3.06383322064772,0.123693073403443));
#2273=CARTESIAN_POINT('',(0.213361611221072,3.08806227218476,0.103065306099743));
#2274=CARTESIAN_POINT('',(0.212352068269434,3.10606763112138,0.087527225151741));
#2275=CARTESIAN_POINT('',(0.21128257167722,3.12490752129078,0.07180369918148));
#2276=CARTESIAN_POINT('',(0.211109588038668,3.12828434670194,0.0545643622647322));
#2277=CARTESIAN_POINT('',(0.211094163668584,3.12850876586644,0.0462122707283492));
#2278=CARTESIAN_POINT('',(0.211094497967522,3.12850876586644,0.0462122707283492));
#2279=CARTESIAN_POINT('',(1.,3.12850876586644,0.0462122707283492));
#2280=CARTESIAN_POINT('',(0.121823982043854,3.12850876586644,0.0462122707283492));
#2281=CARTESIAN_POINT('',(0.121823982043854,3.12850876586644,0.0462122707283444));
#2282=CARTESIAN_POINT('',(0.121814242819302,3.12840493122516,0.0500766306664736));
#2283=CARTESIAN_POINT('',(0.12175663625254,3.12775014116226,0.0567954375787015));
#2284=CARTESIAN_POINT('',(0.121559086113838,3.1251408175076,0.064720077441241));
#2285=CARTESIAN_POINT('',(0.121429853081776,3.12346579931679,0.0685268432829741));
#2286=CARTESIAN_POINT('',(0.121344999600284,3.12215063643441,0.0709472917365979));
#2287=CARTESIAN_POINT('',(0.121277845171858,3.1214934332407,0.0722596528596641));
#2288=CARTESIAN_POINT('',(0.12120048020577,3.11855358952786,0.0763250181739918));
#2289=CARTESIAN_POINT('',(0.121078472907712,3.11662573167022,0.0781908450179723));
#2290=CARTESIAN_POINT('',(0.120855101356993,3.11422411136764,0.0805579499142275));
#2291=CARTESIAN_POINT('',(0.120523736218037,3.11133118445518,0.0830632193401674));
#2292=CARTESIAN_POINT('',(0.12012469009874,3.10802826029947,0.0859372076626443));
#2293=CARTESIAN_POINT('',(0.119592908312995,3.10372835330026,0.0896217388058061));
#2294=CARTESIAN_POINT('',(0.118932834955364,3.09837049450483,0.0942163441950879));
#2295=CARTESIAN_POINT('',(0.117888316033898,3.08978793002788,0.101557858623033));
#2296=CARTESIAN_POINT('',(0.116608673721892,3.07905739289018,0.110722283699583));
#2297=CARTESIAN_POINT('',(0.115126270699555,3.06616938025033,0.121708682852915));
#2298=CARTESIAN_POINT('',(0.113235061208715,3.04897151894311,0.136347071730606));
#2299=CARTESIAN_POINT('',(0.111056906411029,3.0274477013558,0.154630410148214));
#2300=CARTESIAN_POINT('',(0.108813197237454,3.00156737602719,0.176562431371782));
#2301=CARTESIAN_POINT('',(0.106396849464836,2.96704130342923,0.205756345277771));
#2302=CARTESIAN_POINT('',(0.104573782675038,2.92385032395796,0.242160368864048));
#2303=CARTESIAN_POINT('',(0.104493280185471,2.8719716455474,0.285704354228632));
#2304=CARTESIAN_POINT('',(0.107268041236162,2.80273217861701,0.343570596689324));
#2305=CARTESIAN_POINT('',(0.115680264009179,2.71602535804567,0.415546475178768));
#2306=CARTESIAN_POINT('',(0.130296571785639,2.61163193788267,0.501293990875485));
#2307=CARTESIAN_POINT('',(0.148147123447371,2.50707227843858,0.58604321346342));
#2308=CARTESIAN_POINT('',(0.168609664991764,2.40197558273892,0.669741472256051));
#2309=CARTESIAN_POINT('',(0.19898430884964,2.26067901807442,0.779235983416165));
#2310=CARTESIAN_POINT('',(0.236037259961259,2.11727989273261,0.883314405319225));
#2311=CARTESIAN_POINT('',(0.271776755769796,1.9644247242845,0.97531126946037));
#2312=CARTESIAN_POINT('',(0.29817688748264,1.84539791384062,1.0360529686394));
#2313=CARTESIAN_POINT('',(0.324030733625973,1.71610857364485,1.08637380292467));
#2314=CARTESIAN_POINT('',(0.346967509216835,1.58417681714476,1.1166375379175));
#2315=CARTESIAN_POINT('',(0.365413544177659,1.45153172398089,1.13561037820241));
#2316=CARTESIAN_POINT('',(0.384127749776928,1.2736370564002,1.15168425304594));
#2317=CARTESIAN_POINT('',(0.396707170115077,1.0499186103348,1.16320518437549));
#2318=CARTESIAN_POINT('',(0.399504186942031,0.779839772412421,1.17138977100385));
#2319=CARTESIAN_POINT('',(0.395922116805814,0.510333021935568,1.17697644230655));
#2320=CARTESIAN_POINT('',(0.390165998574824,0.150641744897887,1.17983109946312));
#2321=CARTESIAN_POINT('',(0.3832838039888,-0.29850930896093,1.17737233875786));
#2322=CARTESIAN_POINT('',(0.377682458823018,-0.657830607172402,1.17518794499159));
#2323=CARTESIAN_POINT('',(0.374893735184913,-0.837482134114583,1.174036567617));
#2324=CARTESIAN_POINT('',(0.374893735184913,-0.837482134114565,1.174036567617));
#2325=CARTESIAN_POINT('',(0.374893735184913,-2.34468143404,1.12747832194088));
#2326=CARTESIAN_POINT('',(0.374893735184913,-2.34559819595796,1.14260009336065));
#2327=CARTESIAN_POINT('',(0.374893735184913,-2.34776835801806,1.15258369256147));
#2328=CARTESIAN_POINT('',(0.374893735184913,-2.32879542857656,1.17162474445774));
#2329=CARTESIAN_POINT('',(0.374893735184913,-2.27722335842844,1.16250552070495));
#2330=CARTESIAN_POINT('',(0.374893735184913,-0.0328753347617104,1.18174858652891));
#2331=CARTESIAN_POINT('',(0.374893735184913,0.583474720184526,1.17764876410563));
#2332=CARTESIAN_POINT('',(0.374893735184913,1.39109631621161,1.15464055510283));
#2333=CARTESIAN_POINT('',(0.374893735184913,1.71144268448752,1.09298004549375));
#2334=CARTESIAN_POINT('',(0.374893735184913,1.91871348786686,1.00354028819878));
#2335=CARTESIAN_POINT('',(0.374893735184913,2.26458020141834,0.80469557789866));
#2336=CARTESIAN_POINT('',(0.374893735184913,3.09871757493801,0.0943686152217992));
#2337=CARTESIAN_POINT('',(0.374893735184913,3.12127336858647,0.0744403546869346));
#2338=CARTESIAN_POINT('',(0.374893735184913,3.13070834274072,0.0521777319699071));
#2339=CARTESIAN_POINT('',(0.374893735184913,3.12631004548699,0.0145985097824947));
#2340=CARTESIAN_POINT('',(0.374893735184913,3.11358716744266,-0.00834588397817939));
#2341=CARTESIAN_POINT('',(0.374893735184913,3.09515777097561,-0.0359697571954771));
#2342=CARTESIAN_POINT('',(0.374893735184913,3.05371197580439,-0.051326123368077));
#2343=CARTESIAN_POINT('',(0.374893735184913,2.99503628318842,-0.0389989348687266));
#2344=CARTESIAN_POINT('',(0.374893735184913,2.91701126312671,0.0361849917285346));
#2345=CARTESIAN_POINT('',(0.374893735184913,2.37990005276405,0.503339504904118));
#2346=CARTESIAN_POINT('',(0.374893735184913,1.96006428776706,0.842131839388366));
#2347=CARTESIAN_POINT('',(0.374893735184913,1.7581125239554,0.919334616854354));
#2348=CARTESIAN_POINT('',(0.374893735184913,1.65539819561672,0.961463186902738));
#2349=CARTESIAN_POINT('',(0.374893735184913,1.47452317149974,1.00232593718017));
#2350=CARTESIAN_POINT('',(0.374893735184913,1.3165163885696,1.011292776613));
#2351=CARTESIAN_POINT('',(0.374893735184913,1.17431528021118,1.01451564138867));
#2352=CARTESIAN_POINT('',(0.374893735184913,1.02953904049494,1.01616409734648));
#2353=CARTESIAN_POINT('',(0.374893735184913,0.875513884283018,0.972770177142626));
#2354=CARTESIAN_POINT('',(0.374893735184913,0.788154321319187,0.96162037621541));
#2355=CARTESIAN_POINT('',(0.374893735184913,0.607747015706762,0.953187345907967));
#2356=CARTESIAN_POINT('',(0.374893735184913,-0.0223713339151662,0.977838807635238));
#2357=CARTESIAN_POINT('',(0.374893735184913,-2.31706083607042,0.920207516440136));
#2358=CARTESIAN_POINT('',(0.374893735184913,-2.34285228639887,0.924590877338193));
#2359=CARTESIAN_POINT('',(0.374893735184913,-2.34162161174172,0.947922922824579));
#2360=CARTESIAN_POINT('',(0.374893735184913,-2.34227979272531,1.08786381540306));
#2361=CARTESIAN_POINT('',(0.374893735184913,-2.34468143404,1.12747832194088));
#2362=CARTESIAN_POINT('',(0.374893735184913,-1.98628966489291,1.16792734980356));
#2363=CARTESIAN_POINT('',(0.374893735184913,-1.98628966489291,1.16792734980345));
#2364=CARTESIAN_POINT('',(0.374893735184913,-2.00279642481193,1.16789501757547));
#2365=CARTESIAN_POINT('',(0.361310314228725,-2.0351429937797,1.16784762105832));
#2366=CARTESIAN_POINT('',(0.328900527355703,-2.04878966489291,1.16783911627149));
#2367=CARTESIAN_POINT('',(0.312393735184913,-2.04878966489291,1.16783911627149));
#2368=CARTESIAN_POINT('',(0.312393735184913,-2.04878966489315,1.16783911627149));
#2369=CARTESIAN_POINT('',(0.124893735184914,-2.04878966489315,1.16783911627149));
#2370=CARTESIAN_POINT('',(0.187393735184913,-2.04878966489315,1.16783911627149));
#2371=CARTESIAN_POINT('',(0.187393735184913,-2.04878966489291,1.16783911627149));
#2372=CARTESIAN_POINT('',(0.17088695196747,-2.04878966489291,1.16783911627149));
#2373=CARTESIAN_POINT('',(0.138540381865808,-2.06237311441327,1.1678252568397));
#2374=CARTESIAN_POINT('',(0.124893735184914,-2.09478288770521,1.16782330921864));
#2375=CARTESIAN_POINT('',(0.124893735184914,-2.11128966489291,1.16783763199569));
#2376=CARTESIAN_POINT('',(0.124893735184914,-2.11128966489291,1.16783763199569));
#2377=CARTESIAN_POINT('',(0.124893735184914,-2.34468143404,1.12747832194088));
#2378=CARTESIAN_POINT('',(0.124893735184914,-2.34559819595796,1.14260009336065));
#2379=CARTESIAN_POINT('',(0.124893735184914,-2.34776835801806,1.15258369256147));
#2380=CARTESIAN_POINT('',(0.124893735184914,-2.32879542857656,1.17162474445774));
#2381=CARTESIAN_POINT('',(0.124893735184914,-2.27722335842844,1.16250552070495));
#2382=CARTESIAN_POINT('',(0.124893735184914,-0.0328753347617104,1.18174858652891));
#2383=CARTESIAN_POINT('',(0.124893735184914,0.583474720184526,1.17764876410563));
#2384=CARTESIAN_POINT('',(0.124893735184914,1.39109631621161,1.15464055510283));
#2385=CARTESIAN_POINT('',(0.124893735184914,1.71144268448752,1.09298004549375));
#2386=CARTESIAN_POINT('',(0.124893735184914,1.91871348786686,1.00354028819878));
#2387=CARTESIAN_POINT('',(0.124893735184914,2.26458020141834,0.80469557789866));
#2388=CARTESIAN_POINT('',(0.124893735184914,3.09871757493801,0.0943686152217992));
#2389=CARTESIAN_POINT('',(0.124893735184914,3.12127336858647,0.0744403546869346));
#2390=CARTESIAN_POINT('',(0.124893735184914,3.13070834274072,0.0521777319699071));
#2391=CARTESIAN_POINT('',(0.124893735184914,3.12631004548699,0.0145985097824947));
#2392=CARTESIAN_POINT('',(0.124893735184914,3.11358716744266,-0.00834588397817939));
#2393=CARTESIAN_POINT('',(0.124893735184914,3.09515777097561,-0.0359697571954771));
#2394=CARTESIAN_POINT('',(0.124893735184914,3.05371197580439,-0.051326123368077));
#2395=CARTESIAN_POINT('',(0.124893735184914,2.99503628318842,-0.0389989348687266));
#2396=CARTESIAN_POINT('',(0.124893735184914,2.91701126312671,0.0361849917285346));
#2397=CARTESIAN_POINT('',(0.124893735184914,2.37990005276405,0.503339504904118));
#2398=CARTESIAN_POINT('',(0.124893735184914,1.96006428776706,0.842131839388366));
#2399=CARTESIAN_POINT('',(0.124893735184914,1.7581125239554,0.919334616854354));
#2400=CARTESIAN_POINT('',(0.124893735184914,1.65539819561672,0.961463186902738));
#2401=CARTESIAN_POINT('',(0.124893735184914,1.47452317149974,1.00232593718017));
#2402=CARTESIAN_POINT('',(0.124893735184914,1.3165163885696,1.011292776613));
#2403=CARTESIAN_POINT('',(0.124893735184914,1.17431528021118,1.01451564138867));
#2404=CARTESIAN_POINT('',(0.124893735184914,1.02953904049494,1.01616409734648));
#2405=CARTESIAN_POINT('',(0.124893735184914,0.875513884283018,0.972770177142626));
#2406=CARTESIAN_POINT('',(0.124893735184914,0.788154321319187,0.96162037621541));
#2407=CARTESIAN_POINT('',(0.124893735184914,0.607747015706762,0.953187345907967));
#2408=CARTESIAN_POINT('',(0.124893735184914,-0.0223713339151662,0.977838807635238));
#2409=CARTESIAN_POINT('',(0.124893735184914,-2.31706083607042,0.920207516440136));
#2410=CARTESIAN_POINT('',(0.124893735184914,-2.34285228639887,0.924590877338193));
#2411=CARTESIAN_POINT('',(0.124893735184914,-2.34162161174172,0.947922922824579));
#2412=CARTESIAN_POINT('',(0.124893735184914,-2.34227979272531,1.08786381540306));
#2413=CARTESIAN_POINT('',(0.124893735184914,-2.34468143404,1.12747832194088));
#2414=CARTESIAN_POINT('',(0.124893735184914,-2.23628966489288,1.1683360143955));
#2415=CARTESIAN_POINT('',(0.124893735184913,-2.23628966489291,1.16833601439206));
#2416=CARTESIAN_POINT('',(0.124893735184913,-2.25279681964668,1.16848428900793));
#2417=CARTESIAN_POINT('',(0.138477090953016,-2.28514218053897,1.16891008929731));
#2418=CARTESIAN_POINT('',(0.170885842633406,-2.29878966489291,1.16937724089044));
#2419=CARTESIAN_POINT('',(0.187393735184914,-2.29878966489291,1.16937724089044));
#2420=CARTESIAN_POINT('',(0.187393735184914,-2.29878966489291,1.16937724089044));
#2421=CARTESIAN_POINT('',(1.,-2.29878966489291,1.16937724089044));
#2422=CARTESIAN_POINT('',(0.469893735184882,-2.29878952339941,1.16938192235331));
#2423=CARTESIAN_POINT('',(0.469893735184851,-2.29878967266943,1.16937724113841));
#2424=CARTESIAN_POINT('',(0.46989373518487,-2.23512687335049,1.16734722379268));
#2425=CARTESIAN_POINT('',(0.46989373518489,-2.01829423687546,1.16752249435932));
#2426=CARTESIAN_POINT('',(0.46989373518491,-1.73628998818398,1.16877415346455));
#2427=CARTESIAN_POINT('',(0.469893735182882,-1.73628998819473,1.1687739500913));
#2428=CARTESIAN_POINT('',(0.297260773646216,-1.73628998819473,1.1687741534645));
#2429=CARTESIAN_POINT('',(0.437393735184913,-1.73628998819473,1.16877415346149));
#2430=CARTESIAN_POINT('',(0.437393735184913,-2.34468143404,1.12747832194088));
#2431=CARTESIAN_POINT('',(0.437393735184913,-2.34559819595796,1.14260009336065));
#2432=CARTESIAN_POINT('',(0.437393735184913,-2.34776835801806,1.15258369256147));
#2433=CARTESIAN_POINT('',(0.437393735184913,-2.32879542857656,1.17162474445774));
#2434=CARTESIAN_POINT('',(0.437393735184913,-2.27722335842844,1.16250552070495));
#2435=CARTESIAN_POINT('',(0.437393735184913,-0.0328753347617104,1.18174858652891));
#2436=CARTESIAN_POINT('',(0.437393735184913,0.583474720184526,1.17764876410563));
#2437=CARTESIAN_POINT('',(0.437393735184913,1.39109631621161,1.15464055510283));
#2438=CARTESIAN_POINT('',(0.437393735184913,1.71144268448752,1.09298004549375));
#2439=CARTESIAN_POINT('',(0.437393735184913,1.91871348786686,1.00354028819878));
#2440=CARTESIAN_POINT('',(0.437393735184913,2.26458020141834,0.80469557789866));
#2441=CARTESIAN_POINT('',(0.437393735184913,3.09871757493801,0.0943686152217992));
#2442=CARTESIAN_POINT('',(0.437393735184913,3.12127336858647,0.0744403546869346));
#2443=CARTESIAN_POINT('',(0.437393735184913,3.13070834274072,0.0521777319699071));
#2444=CARTESIAN_POINT('',(0.437393735184913,3.12631004548699,0.0145985097824947));
#2445=CARTESIAN_POINT('',(0.437393735184913,3.11358716744266,-0.00834588397817939));
#2446=CARTESIAN_POINT('',(0.437393735184913,3.09515777097561,-0.0359697571954771));
#2447=CARTESIAN_POINT('',(0.437393735184913,3.05371197580439,-0.051326123368077));
#2448=CARTESIAN_POINT('',(0.437393735184913,2.99503628318842,-0.0389989348687266));
#2449=CARTESIAN_POINT('',(0.437393735184913,2.91701126312671,0.0361849917285346));
#2450=CARTESIAN_POINT('',(0.437393735184913,2.37990005276405,0.503339504904118));
#2451=CARTESIAN_POINT('',(0.437393735184913,1.96006428776706,0.842131839388366));
#2452=CARTESIAN_POINT('',(0.437393735184913,1.7581125239554,0.919334616854354));
#2453=CARTESIAN_POINT('',(0.437393735184913,1.65539819561672,0.961463186902738));
#2454=CARTESIAN_POINT('',(0.437393735184913,1.47452317149974,1.00232593718017));
#2455=CARTESIAN_POINT('',(0.437393735184913,1.3165163885696,1.011292776613));
#2456=CARTESIAN_POINT('',(0.437393735184913,1.17431528021118,1.01451564138867));
#2457=CARTESIAN_POINT('',(0.437393735184913,1.02953904049494,1.01616409734648));
#2458=CARTESIAN_POINT('',(0.437393735184913,0.875513884283018,0.972770177142626));
#2459=CARTESIAN_POINT('',(0.437393735184913,0.788154321319187,0.96162037621541));
#2460=CARTESIAN_POINT('',(0.437393735184913,0.607747015706762,0.953187345907967));
#2461=CARTESIAN_POINT('',(0.437393735184913,-0.0223713339151662,0.977838807635238));
#2462=CARTESIAN_POINT('',(0.437393735184913,-2.31706083607042,0.920207516440136));
#2463=CARTESIAN_POINT('',(0.437393735184913,-2.34285228639887,0.924590877338193));
#2464=CARTESIAN_POINT('',(0.437393735184913,-2.34162161174172,0.947922922824579));
#2465=CARTESIAN_POINT('',(0.437393735184913,-2.34227979272531,1.08786381540306));
#2466=CARTESIAN_POINT('',(0.437393735184913,-2.34468143404,1.12747832194088));
#2467=CARTESIAN_POINT('',(0.213120174264691,-2.2104927369102,1.16813180368109));
#2468=CARTESIAN_POINT('',(0.249903180609148,-2.22574765936495,1.1682501166879));
#2469=CARTESIAN_POINT('',(0.286629514408199,-2.21050461498748,1.16813192419886));
#2470=CARTESIAN_POINT('',(0.301832870459711,-2.17382773525538,1.16795281295274));
#2471=CARTESIAN_POINT('',(0.286651374705727,-2.13707272688331,1.16786701628721));
#2472=CARTESIAN_POINT('',(0.2499004357498,-2.12184822904566,1.16784954355718));
#2473=CARTESIAN_POINT('',(0.213208692698007,-2.13702236385637,1.16786695838511));
#2474=CARTESIAN_POINT('',(0.197945922404074,-2.17373420878296,1.1679524693625));
#2475=CARTESIAN_POINT('',(0.213120174264691,-2.2104927369102,1.16813180368109));
#2476=CARTESIAN_POINT('',(0.249903180609148,-2.22574765936495,1.1682501166879));
#2477=CARTESIAN_POINT('',(0.286629514408199,-2.21050461498748,1.16813192419886));
#2478=CARTESIAN_POINT('',(0.249893735184913,-2.22066466489291,1.16821069910526));
#2479=CARTESIAN_POINT('',(0.166702951238615,3.12850876586644,-0.304));
#2480=CARTESIAN_POINT('',(0.21109483226646,3.12850876586644,0.0462122707269069));
#2481=CARTESIAN_POINT('',(0.211094832266461,3.12850876586644,0.0418033383337302));
#2482=CARTESIAN_POINT('',(1.,3.12850876586644,0.0418033383337302));
#2483=CARTESIAN_POINT('',(0.211094232573676,3.12850876586644,0.0418033383337302));
#2484=CARTESIAN_POINT('',(1.,3.12850876586644,0.0418033383337302));
#2485=CARTESIAN_POINT('',(0.121823888009225,3.12850876586644,0.0418033383337302));
#2486=CARTESIAN_POINT('',(0.121823888009225,3.12850876586644,0.0418033383337302));
#2487=CARTESIAN_POINT('',(0.120020825134609,3.12850876586644,0.0418033383337303));
#2488=CARTESIAN_POINT('',(0.120019158666449,3.12850876586644,0.0462122707268423));
#2489=CARTESIAN_POINT('',(0.121823982041575,3.12850876586644,0.0462122707344454));
#2490=CARTESIAN_POINT('',(0.374893735184913,0.451210335107091,-0.0343013406486648));
#2491=CARTESIAN_POINT('',(0.374893735184913,0.451210335107091,1.16431272568955));
#2492=CARTESIAN_POINT('',(0.376876929352052,0.578968602934372,-0.0343013406486648));
#2493=CARTESIAN_POINT('',(0.376876929352052,0.578968602934372,1.16431272568955));
#2494=CARTESIAN_POINT('',(0.379853881620486,0.770580397705411,-0.0343013406486648));
#2495=CARTESIAN_POINT('',(0.379853881620486,0.770580397705411,1.16431272568955));
#2496=CARTESIAN_POINT('',(0.376415373124411,1.02194465660908,-0.0343013406486648));
#2497=CARTESIAN_POINT('',(0.376415373124411,1.02194465660908,1.16431272568955));
#2498=CARTESIAN_POINT('',(0.368308751342306,1.20704635958508,-0.0343013406486648));
#2499=CARTESIAN_POINT('',(0.368308751342306,1.20704635958508,1.16431272568955));
#2500=CARTESIAN_POINT('',(0.352590927243264,1.39257831738948,-0.0343013406486648));
#2501=CARTESIAN_POINT('',(0.352590927243264,1.39257831738948,1.16431272568955));
#2502=CARTESIAN_POINT('',(0.32747442093163,1.58212161983306,-0.0343013406486648));
#2503=CARTESIAN_POINT('',(0.32747442093163,1.58212161983306,1.16431272568955));
#2504=CARTESIAN_POINT('',(0.290001808818801,1.7820773749041,-0.0343013406486648));
#2505=CARTESIAN_POINT('',(0.290001808818801,1.7820773749041,1.16431272568955));
#2506=CARTESIAN_POINT('',(0.247178913328815,1.97393189866665,-0.0343013406486648));
#2507=CARTESIAN_POINT('',(0.247178913328815,1.97393189866665,1.16431272568955));
#2508=CARTESIAN_POINT('',(0.214455461977014,2.10801248762386,-0.0343013406486648));
#2509=CARTESIAN_POINT('',(0.214455461977014,2.10801248762386,1.16431272568955));
#2510=CARTESIAN_POINT('',(0.194694496272943,2.18715353351555,-0.0343013406486648));
#2511=CARTESIAN_POINT('',(0.194694496272943,2.18715353351555,1.16431272568955));
#2512=CARTESIAN_POINT('',(0.178238479044221,2.25366806997379,-0.0343013406486648));
#2513=CARTESIAN_POINT('',(0.178238479044221,2.25366806997379,1.16431272568955));
#2514=CARTESIAN_POINT('',(0.159302365362636,2.33568409095596,-0.0343013406486648));
#2515=CARTESIAN_POINT('',(0.159302365362636,2.33568409095596,1.16431272568955));
#2516=CARTESIAN_POINT('',(0.127118811717483,2.4944619222431,-0.0343013406486648));
#2517=CARTESIAN_POINT('',(0.127118811717483,2.4944619222431,1.16431272568955));
#2518=CARTESIAN_POINT('',(0.0969966058721738,2.67930832068512,-0.0343013406486648));
#2519=CARTESIAN_POINT('',(0.0969966058721738,2.67930832068512,1.16431272568955));
#2520=CARTESIAN_POINT('',(0.0814823575359981,2.85433226866898,-0.0343013406486648));
#2521=CARTESIAN_POINT('',(0.0814823575359981,2.85433226866898,1.16431272568955));
#2522=CARTESIAN_POINT('',(0.0875958399865789,2.99596324556825,-0.0343013406486648));
#2523=CARTESIAN_POINT('',(0.0875958399865789,2.99596324556825,1.16431272568955));
#2524=CARTESIAN_POINT('',(0.0981573850256403,3.08099901734754,-0.0343013406486648));
#2525=CARTESIAN_POINT('',(0.0981573850256403,3.08099901734754,1.16431272568955));
#2526=CARTESIAN_POINT('',(0.103543683284502,3.12332968026802,-0.0343013406486648));
#2527=CARTESIAN_POINT('',(0.103543683284502,3.12332968026802,1.16431272568955));
#2528=CARTESIAN_POINT('',(0.374893735184913,0.451210335107091,-0.304));
#2529=CARTESIAN_POINT('',(0.374893735184913,0.451210335107091,0.979370278081276));
#2530=CARTESIAN_POINT('',(0.374893735184913,0.451210335107091,1.15720631818161));
#2531=CARTESIAN_POINT('',(0.374893735184913,0.451210335107091,1.15720631818161));
#2532=CARTESIAN_POINT('',(0.376870269473189,0.578539570517135,1.15566423091916));
#2533=CARTESIAN_POINT('',(0.379864331410504,0.7694472807482,1.15182226103116));
#2534=CARTESIAN_POINT('',(0.376399461662618,1.02416303677973,1.14374803902148));
#2535=CARTESIAN_POINT('',(0.367912033716764,1.21429918379017,1.13476813079282));
#2536=CARTESIAN_POINT('',(0.351486931859264,1.40300412938925,1.12118562784342));
#2537=CARTESIAN_POINT('',(0.330297909223173,1.55851643106883,1.100865825772));
#2538=CARTESIAN_POINT('',(0.308981707737424,1.680758402644,1.0727932793086));
#2539=CARTESIAN_POINT('',(0.291144709594417,1.77193116130421,1.04290226339963));
#2540=CARTESIAN_POINT('',(0.272814661399399,1.85854955725383,1.00422718644429));
#2541=CARTESIAN_POINT('',(0.247773281812689,1.97012552923657,0.94716257554205));
#2542=CARTESIAN_POINT('',(0.216093032451918,2.10271976875039,0.864702939438079));
#2543=CARTESIAN_POINT('',(0.177180402269216,2.25486574473985,0.755033252911482));
#2544=CARTESIAN_POINT('',(0.144711779582628,2.40484791956782,0.639223148057265));
#2545=CARTESIAN_POINT('',(0.117006613683254,2.55337799020415,0.520394170650342));
#2546=CARTESIAN_POINT('',(0.0986600721978935,2.67685154435509,0.419804086410395));
#2547=CARTESIAN_POINT('',(0.0885074216827077,2.77550604394317,0.33880839968769));
#2548=CARTESIAN_POINT('',(0.0843342049042487,2.84953070247371,0.277993582554305));
#2549=CARTESIAN_POINT('',(0.0845204229021434,2.91115304649906,0.227083266602539));
#2550=CARTESIAN_POINT('',(0.0867418890126915,2.96037929659538,0.18619254302155));
#2551=CARTESIAN_POINT('',(0.0893744711567715,2.99725864726872,0.155423973831689));
#2552=CARTESIAN_POINT('',(0.0922628519207324,3.02790962056763,0.129699337121075));
#2553=CARTESIAN_POINT('',(0.0948967320518995,3.05237121123107,0.109095338692396));
#2554=CARTESIAN_POINT('',(0.096997457801676,3.07062900803381,0.0935793489720242));
#2555=CARTESIAN_POINT('',(0.0988536674035482,3.08597758174033,0.0807318187548926));
#2556=CARTESIAN_POINT('',(0.100324623239293,3.09785525855785,0.0701781556708608));
#2557=CARTESIAN_POINT('',(0.101567646931003,3.10775238322783,0.062905316884515));
#2558=CARTESIAN_POINT('',(0.102009219950475,3.11123934284088,0.0506111830928261));
#2559=CARTESIAN_POINT('',(0.101986544385369,3.11106103745672,0.0344666806913693));
#2560=CARTESIAN_POINT('',(0.101437567919735,3.10672473396798,0.0144969082427661));
#2561=CARTESIAN_POINT('',(0.0998874101671661,3.09436319299719,-0.00617443962382925));
#2562=CARTESIAN_POINT('',(0.0977637215248932,3.07709701894264,-0.02337106186364));
#2563=CARTESIAN_POINT('',(0.0949336839660804,3.05287222071514,-0.0281507806428604));
#2564=CARTESIAN_POINT('',(0.091551201337763,3.02110567737256,-0.0242975026085596));
#2565=CARTESIAN_POINT('',(0.0885390673086289,2.98685610952026,-0.00272449942782887));
#2566=CARTESIAN_POINT('',(0.0862975346791279,2.95207318743465,0.0298660946125682));
#2567=CARTESIAN_POINT('',(0.0848737917416449,2.91611573302396,0.0613602137945262));
#2568=CARTESIAN_POINT('',(0.0843154996235144,2.86822123517889,0.103309676276511));
#2569=CARTESIAN_POINT('',(0.0861778959344615,2.807942848573,0.155361305064051));
#2570=CARTESIAN_POINT('',(0.0922993812879609,2.73574105442058,0.217544238742725));
#2571=CARTESIAN_POINT('',(0.100935528294357,2.66371711378844,0.279395235850592));
#2572=CARTESIAN_POINT('',(0.111468226421587,2.59173209053754,0.340961044070705));
#2573=CARTESIAN_POINT('',(0.127545682942289,2.4957349305553,0.422647549625306));
#2574=CARTESIAN_POINT('',(0.150645993380258,2.37564138661851,0.524071409514184));
#2575=CARTESIAN_POINT('',(0.183275238024139,2.23055313842451,0.64379779015131));
#2576=CARTESIAN_POINT('',(0.220794393553006,2.08365730892511,0.759312460418075));
#2577=CARTESIAN_POINT('',(0.251235139068414,1.95514701629578,0.848869268465001));
#2578=CARTESIAN_POINT('',(0.275588051621403,1.84578522338418,0.904951314711582));
#2579=CARTESIAN_POINT('',(0.293521014011519,1.76012784184033,0.939005040746408));
#2580=CARTESIAN_POINT('',(0.310137371770688,1.67437998796916,0.973336869295811));
#2581=CARTESIAN_POINT('',(0.325830398352904,1.58372063657352,0.997322528672451));
#2582=CARTESIAN_POINT('',(0.339500148196547,1.49094992399496,1.01596435501455));
#2583=CARTESIAN_POINT('',(0.354712154611203,1.36668778221912,1.03029189056398));
#2584=CARTESIAN_POINT('',(0.368187948074825,1.21005290042877,1.03329385713373));
#2585=CARTESIAN_POINT('',(0.376494503541553,1.01964661620011,1.03855189586354));
#2586=CARTESIAN_POINT('',(0.378558243245471,0.864578409930299,0.987494187573883));
#2587=CARTESIAN_POINT('',(0.378431336330475,0.737945848811263,0.97897211872582));
#2588=CARTESIAN_POINT('',(0.377369642096273,0.610745527032738,0.976375694679676));
#2589=CARTESIAN_POINT('',(0.375883943476769,0.51500000242861,0.978473488719219));
#2590=CARTESIAN_POINT('',(0.374893735184913,0.451210335107091,0.979370278081278));
#2591=CARTESIAN_POINT('',(0.374893735184913,-0.923789664892909,-0.304));
#2592=CARTESIAN_POINT('',(0.374893735184913,0.451210335107091,0.979370278081278));
#2593=CARTESIAN_POINT('',(0.374893735184913,0.451210335107092,0.978505250787217));
#2594=CARTESIAN_POINT('',(0.374893735184913,0.448821279141871,0.978284821635142));
#2595=CARTESIAN_POINT('',(0.374893735184913,0.445906985200949,0.977516986869504));
#2596=CARTESIAN_POINT('',(0.374893735184913,0.441548773939576,0.977059216209017));
#2597=CARTESIAN_POINT('',(0.374893735184913,0.436599539641338,0.976550236314065));
#2598=CARTESIAN_POINT('',(0.374893735184913,0.429886904540967,0.976024932478167));
#2599=CARTESIAN_POINT('',(0.374893735184913,0.421518623837882,0.97549113726335));
#2600=CARTESIAN_POINT('',(0.374893735184913,0.408105736917883,0.974801355638362));
#2601=CARTESIAN_POINT('',(0.374893735184913,0.391338265456065,0.974126078394588));
#2602=CARTESIAN_POINT('',(0.374893735184913,0.371208653061683,0.973474813807053));
#2603=CARTESIAN_POINT('',(0.374893735184913,0.3510754911008,0.97292532218959));
#2604=CARTESIAN_POINT('',(0.374893735184913,0.324228917774945,0.972284990280109));
#2605=CARTESIAN_POINT('',(0.374893735184913,0.290668883523926,0.971606036106934));
#2606=CARTESIAN_POINT('',(0.374893735184913,0.250394945090107,0.970895291959402));
#2607=CARTESIAN_POINT('',(0.374893735184913,0.196695045063322,0.970026643213843));
#2608=CARTESIAN_POINT('',(0.374893735184913,0.12956886678404,0.969016056315481));
#2609=CARTESIAN_POINT('',(0.374893735184913,0.0490173697213524,0.967808399895081));
#2610=CARTESIAN_POINT('',(0.374893735184913,-0.03153338571751,0.966557959838959));
#2611=CARTESIAN_POINT('',(0.374893735184913,-0.112082965609375,0.9652403071976));
#2612=CARTESIAN_POINT('',(0.374893735184913,-0.219480701886908,0.963385877141694));
#2613=CARTESIAN_POINT('',(0.374893735184913,-0.353726087910376,0.960965697966721));
#2614=CARTESIAN_POINT('',(0.374893735184913,-0.514819872026542,0.958022599489521));
#2615=CARTESIAN_POINT('',(0.374893735184913,-0.675914192149346,0.955110188459453));
#2616=CARTESIAN_POINT('',(0.374893735184913,-0.78331135209456,0.953222769475532));
#2617=CARTESIAN_POINT('',(0.374893735184913,-0.837010296447534,0.952299920693301));
#2618=CARTESIAN_POINT('',(0.374893735184913,-0.837010296447547,0.952299920693301));
#2619=CARTESIAN_POINT('',(0.374893735184913,-2.34468143404,1.12747832194088));
#2620=CARTESIAN_POINT('',(0.374893735184913,-2.34559819595796,1.14260009336065));
#2621=CARTESIAN_POINT('',(0.374893735184913,-2.34776835801806,1.15258369256147));
#2622=CARTESIAN_POINT('',(0.374893735184913,-2.32879542857656,1.17162474445774));
#2623=CARTESIAN_POINT('',(0.374893735184913,-2.27722335842844,1.16250552070495));
#2624=CARTESIAN_POINT('',(0.374893735184913,-0.0328753347617104,1.18174858652891));
#2625=CARTESIAN_POINT('',(0.374893735184913,0.583474720184526,1.17764876410563));
#2626=CARTESIAN_POINT('',(0.374893735184913,1.39109631621161,1.15464055510283));
#2627=CARTESIAN_POINT('',(0.374893735184913,1.71144268448752,1.09298004549375));
#2628=CARTESIAN_POINT('',(0.374893735184913,1.91871348786686,1.00354028819878));
#2629=CARTESIAN_POINT('',(0.374893735184913,2.26458020141834,0.80469557789866));
#2630=CARTESIAN_POINT('',(0.374893735184913,3.09871757493801,0.0943686152217992));
#2631=CARTESIAN_POINT('',(0.374893735184913,3.12127336858647,0.0744403546869346));
#2632=CARTESIAN_POINT('',(0.374893735184913,3.13070834274072,0.0521777319699071));
#2633=CARTESIAN_POINT('',(0.374893735184913,3.12631004548699,0.0145985097824947));
#2634=CARTESIAN_POINT('',(0.374893735184913,3.11358716744266,-0.00834588397817939));
#2635=CARTESIAN_POINT('',(0.374893735184913,3.09515777097561,-0.0359697571954771));
#2636=CARTESIAN_POINT('',(0.374893735184913,3.05371197580439,-0.051326123368077));
#2637=CARTESIAN_POINT('',(0.374893735184913,2.99503628318842,-0.0389989348687266));
#2638=CARTESIAN_POINT('',(0.374893735184913,2.91701126312671,0.0361849917285346));
#2639=CARTESIAN_POINT('',(0.374893735184913,2.37990005276405,0.503339504904118));
#2640=CARTESIAN_POINT('',(0.374893735184913,1.96006428776706,0.842131839388366));
#2641=CARTESIAN_POINT('',(0.374893735184913,1.7581125239554,0.919334616854354));
#2642=CARTESIAN_POINT('',(0.374893735184913,1.65539819561672,0.961463186902738));
#2643=CARTESIAN_POINT('',(0.374893735184913,1.47452317149974,1.00232593718017));
#2644=CARTESIAN_POINT('',(0.374893735184913,1.3165163885696,1.011292776613));
#2645=CARTESIAN_POINT('',(0.374893735184913,1.17431528021118,1.01451564138867));
#2646=CARTESIAN_POINT('',(0.374893735184913,1.02953904049494,1.01616409734648));
#2647=CARTESIAN_POINT('',(0.374893735184913,0.875513884283018,0.972770177142626));
#2648=CARTESIAN_POINT('',(0.374893735184913,0.788154321319187,0.96162037621541));
#2649=CARTESIAN_POINT('',(0.374893735184913,0.607747015706762,0.953187345907967));
#2650=CARTESIAN_POINT('',(0.374893735184913,-0.0223713339151662,0.977838807635238));
#2651=CARTESIAN_POINT('',(0.374893735184913,-2.31706083607042,0.920207516440136));
#2652=CARTESIAN_POINT('',(0.374893735184913,-2.34285228639887,0.924590877338193));
#2653=CARTESIAN_POINT('',(0.374893735184913,-2.34162161174172,0.947922922824579));
#2654=CARTESIAN_POINT('',(0.374893735184913,-2.34227979272531,1.08786381540306));
#2655=CARTESIAN_POINT('',(0.374893735184913,-2.34468143404,1.12747832194088));
#2656=CARTESIAN_POINT('',(0.374893735184913,-1.98628966489293,0.929741758941571));
#2657=CARTESIAN_POINT('',(0.374893735184913,-1.98628966489291,-0.304));
#2658=CARTESIAN_POINT('',(0.374893735184913,-1.98628966489291,0.990980049728091));
#2659=CARTESIAN_POINT('',(0.374893735184913,-2.17378966489291,0.990980049728091));
#2660=CARTESIAN_POINT('',(0.374893735184913,-2.29878966489291,0.990980049728089));
#2661=CARTESIAN_POINT('',(0.374893735184913,-2.29878966489291,-0.304));
#2662=CARTESIAN_POINT('',(0.374893735184913,-2.29878966489291,1.10687724089044));
#2663=CARTESIAN_POINT('',(0.374893735184913,-2.17378966489291,1.10687724089044));
#2664=CARTESIAN_POINT('',(0.374893735184913,-1.98628966489291,1.10687724089044));
#2665=CARTESIAN_POINT('',(0.374893735184913,-1.98628966489291,1.16783911627149));
#2666=CARTESIAN_POINT('',(0.374893735184913,-0.837482134114563,1.174036567617));
#2667=CARTESIAN_POINT('',(0.374893735184913,-0.783751535550841,1.17438092425322));
#2668=CARTESIAN_POINT('',(0.374893735184913,-0.676289664928341,1.1749641323108));
#2669=CARTESIAN_POINT('',(0.374893735184914,-0.515095589396346,1.17549499136369));
#2670=CARTESIAN_POINT('',(0.374893735184913,-0.353902708950053,1.17563078299262));
#2671=CARTESIAN_POINT('',(0.374893735184913,-0.219576019192486,1.17534304203372));
#2672=CARTESIAN_POINT('',(0.374893735184913,-0.112115321045731,1.17478634903554));
#2673=CARTESIAN_POINT('',(0.374893735184913,-0.0315202342471333,1.17416928632849));
#2674=CARTESIAN_POINT('',(0.374893735184913,0.0490745238509235,1.17330587228674));
#2675=CARTESIAN_POINT('',(0.374893735184913,0.129664505394999,1.17212680611781));
#2676=CARTESIAN_POINT('',(0.374893735184913,0.196817561245033,1.17079609199984));
#2677=CARTESIAN_POINT('',(0.374893735184913,0.250533163776201,1.16943593297761));
#2678=CARTESIAN_POINT('',(0.374893735184913,0.290814790877218,1.16823220184812));
#2679=CARTESIAN_POINT('',(0.374893735184913,0.324376786212936,1.16703434219878));
#2680=CARTESIAN_POINT('',(0.374893735184913,0.351219755481846,1.16591287732151));
#2681=CARTESIAN_POINT('',(0.374893735184913,0.371347624314942,1.16496968151187));
#2682=CARTESIAN_POINT('',(0.374893735184913,0.39146929376326,1.16389228437761));
#2683=CARTESIAN_POINT('',(0.374893735184913,0.408226339824029,1.16283576855212));
#2684=CARTESIAN_POINT('',(0.374893735184913,0.421625300245087,1.1618259874852));
#2685=CARTESIAN_POINT('',(0.374893735184913,0.429979943202245,1.1610867992627));
#2686=CARTESIAN_POINT('',(0.374893735184913,0.436679187264383,1.16039295831175));
#2687=CARTESIAN_POINT('',(0.374893735184913,0.44162162889645,1.1597580180298));
#2688=CARTESIAN_POINT('',(0.374893735184913,0.445953062544303,1.15918762652426));
#2689=CARTESIAN_POINT('',(0.374893735184913,0.448869755285879,1.15834542549918));
#2690=CARTESIAN_POINT('',(0.374893735184913,0.45121033510709,1.1580576101036));
#2691=CARTESIAN_POINT('',(0.374893735184913,0.451210335107079,1.15720631818161));
#2692=CARTESIAN_POINT('',(0.437393735184913,-2.29878966489291,-0.304));
#2693=CARTESIAN_POINT('',(1.,-2.29878966489291,0.924036829577567));
#2694=CARTESIAN_POINT('',(0.469893735184913,-2.29878966489291,0.924036829577567));
#2695=CARTESIAN_POINT('',(0.187393735184914,-2.29878966489291,0.924036829577567));
#2696=CARTESIAN_POINT('',(0.469893735184913,-2.29878966489291,-0.304));
#2697=CARTESIAN_POINT('',(0.187393735184913,-2.29878966489291,-0.304));
#2698=CARTESIAN_POINT('',(0.187393735184913,-2.29878966489291,1.10687724089044));
#2699=CARTESIAN_POINT('',(0.124893735184914,-2.29878966489291,1.10687724089044));
#2700=CARTESIAN_POINT('',(0.124893735184914,-2.29878966489291,0.990980049728089));
#2701=CARTESIAN_POINT('',(0.187393735184913,-2.29878966489291,0.990980049728089));
#2702=CARTESIAN_POINT('',(0.187393735184913,-2.29878966489291,-0.304));
#2703=CARTESIAN_POINT('',(0.499893735184913,-0.923789664892909,-0.304));
#2704=CARTESIAN_POINT('',(0.499893735184913,-1.73628998819473,-0.304));
#2705=CARTESIAN_POINT('',(0.499893735184913,-1.73628998819473,1.13877344685579));
#2706=CARTESIAN_POINT('',(0.499893735184913,-1.73628998819473,0.0872587598287823));
#2707=CARTESIAN_POINT('',(0.499893735184913,-1.73628998819473,1.13877344685579));
#2708=CARTESIAN_POINT('',(0.499893735184913,-2.01506398525026,1.1375289472422));
#2709=CARTESIAN_POINT('',(0.499893735184913,-2.19256387747452,1.13750757221074));
#2710=CARTESIAN_POINT('',(0.499893735184913,-2.26878966486752,1.13870932176142));
#2711=CARTESIAN_POINT('',(0.499893735184913,-2.26878966489291,1.13870932175318));
#2712=CARTESIAN_POINT('',(0.499893735184913,-2.26878966489291,-0.304));
#2713=CARTESIAN_POINT('',(0.499893735184913,-2.26878966489291,0.924429353901429));
#2714=CARTESIAN_POINT('',(0.499893735184913,-2.34468143404,1.12747832194088));
#2715=CARTESIAN_POINT('',(0.499893735184913,-2.34559819595796,1.14260009336065));
#2716=CARTESIAN_POINT('',(0.499893735184913,-2.34776835801806,1.15258369256147));
#2717=CARTESIAN_POINT('',(0.499893735184913,-2.32879542857656,1.17162474445774));
#2718=CARTESIAN_POINT('',(0.499893735184913,-2.27722335842844,1.16250552070495));
#2719=CARTESIAN_POINT('',(0.499893735184913,-0.0328753347617104,1.18174858652891));
#2720=CARTESIAN_POINT('',(0.499893735184913,0.583474720184526,1.17764876410563));
#2721=CARTESIAN_POINT('',(0.499893735184913,1.39109631621161,1.15464055510283));
#2722=CARTESIAN_POINT('',(0.499893735184913,1.71144268448752,1.09298004549375));
#2723=CARTESIAN_POINT('',(0.499893735184913,1.91871348786686,1.00354028819878));
#2724=CARTESIAN_POINT('',(0.499893735184913,2.26458020141834,0.80469557789866));
#2725=CARTESIAN_POINT('',(0.499893735184913,3.09871757493801,0.0943686152217992));
#2726=CARTESIAN_POINT('',(0.499893735184913,3.12127336858647,0.0744403546869346));
#2727=CARTESIAN_POINT('',(0.499893735184913,3.13070834274072,0.0521777319699071));
#2728=CARTESIAN_POINT('',(0.499893735184913,3.12631004548699,0.0145985097824947));
#2729=CARTESIAN_POINT('',(0.499893735184913,3.11358716744266,-0.00834588397817939));
#2730=CARTESIAN_POINT('',(0.499893735184913,3.09515777097561,-0.0359697571954771));
#2731=CARTESIAN_POINT('',(0.499893735184913,3.05371197580439,-0.051326123368077));
#2732=CARTESIAN_POINT('',(0.499893735184913,2.99503628318842,-0.0389989348687266));
#2733=CARTESIAN_POINT('',(0.499893735184913,2.91701126312671,0.0361849917285346));
#2734=CARTESIAN_POINT('',(0.499893735184913,2.37990005276405,0.503339504904118));
#2735=CARTESIAN_POINT('',(0.499893735184913,1.96006428776706,0.842131839388366));
#2736=CARTESIAN_POINT('',(0.499893735184913,1.7581125239554,0.919334616854354));
#2737=CARTESIAN_POINT('',(0.499893735184913,1.65539819561672,0.961463186902738));
#2738=CARTESIAN_POINT('',(0.499893735184913,1.47452317149974,1.00232593718017));
#2739=CARTESIAN_POINT('',(0.499893735184913,1.3165163885696,1.011292776613));
#2740=CARTESIAN_POINT('',(0.499893735184913,1.17431528021118,1.01451564138867));
#2741=CARTESIAN_POINT('',(0.499893735184913,1.02953904049494,1.01616409734648));
#2742=CARTESIAN_POINT('',(0.499893735184913,0.875513884283018,0.972770177142626));
#2743=CARTESIAN_POINT('',(0.499893735184913,0.788154321319187,0.96162037621541));
#2744=CARTESIAN_POINT('',(0.499893735184913,0.607747015706762,0.953187345907967));
#2745=CARTESIAN_POINT('',(0.499893735184913,-0.0223713339151662,0.977838807635238));
#2746=CARTESIAN_POINT('',(0.499893735184913,-2.31706083607042,0.920207516440136));
#2747=CARTESIAN_POINT('',(0.499893735184913,-2.34285228639887,0.924590877338193));
#2748=CARTESIAN_POINT('',(0.499893735184913,-2.34162161174172,0.947922922824579));
#2749=CARTESIAN_POINT('',(0.499893735184913,-2.34227979272531,1.08786381540306));
#2750=CARTESIAN_POINT('',(0.499893735184913,-2.34468143404,1.12747832194088));
#2751=CARTESIAN_POINT('',(0.499893735184913,-1.90577486665394,0.931388706119689));
#2752=CARTESIAN_POINT('',(0.499893735184913,-1.73432896473296,0.0774917608816839));
#2753=CARTESIAN_POINT('',(0.499893735184913,3.12850876586671,0.0418033383444561));
#2754=CARTESIAN_POINT('',(0.10165358432766,3.12850876586671,0.0418033383444561));
#2755=CARTESIAN_POINT('',(0.499893735184913,3.12828740415422,0.0331043848299345));
#2756=CARTESIAN_POINT('',(0.10165358432766,3.12828740415422,0.0331043848299345));
#2757=CARTESIAN_POINT('',(0.499893735184913,3.12534851441028,0.0143878729872181));
#2758=CARTESIAN_POINT('',(0.10165358432766,3.12534851441028,0.0143878729872181));
#2759=CARTESIAN_POINT('',(0.499893735184913,3.11625719485661,-0.00367324193351135));
#2760=CARTESIAN_POINT('',(0.10165358432766,3.11625719485661,-0.00367324193351135));
#2761=CARTESIAN_POINT('',(0.499893735184913,3.10442086412809,-0.0231115741873568));
#2762=CARTESIAN_POINT('',(0.10165358432766,3.10442086412809,-0.0231115741873568));
#2763=CARTESIAN_POINT('',(0.499893735184913,3.08537686553369,-0.0398739197472438));
#2764=CARTESIAN_POINT('',(0.10165358432766,3.08537686553369,-0.0398739197472438));
#2765=CARTESIAN_POINT('',(0.499893735184913,3.05786337075178,-0.0480984601973923));
#2766=CARTESIAN_POINT('',(0.10165358432766,3.05786337075178,-0.0480984601973923));
#2767=CARTESIAN_POINT('',(0.499893735184914,3.02727216898203,-0.0461827703355252));
#2768=CARTESIAN_POINT('',(0.10165358432766,3.02727216898203,-0.0461827703355252));
#2769=CARTESIAN_POINT('',(0.499893735184913,2.99814921899053,-0.0355278262510852));
#2770=CARTESIAN_POINT('',(0.10165358432766,2.99814921899053,-0.0355278262510852));
#2771=CARTESIAN_POINT('',(0.499893735184914,2.97245185635307,-0.0170066992282945));
#2772=CARTESIAN_POINT('',(0.10165358432766,2.97245185635307,-0.0170066992282945));
#2773=CARTESIAN_POINT('',(0.499893735184913,2.93847184160169,0.0140137170099508));
#2774=CARTESIAN_POINT('',(0.10165358432766,2.93847184160169,0.0140137170099508));
#2775=CARTESIAN_POINT('',(0.499893735184913,2.88477122695557,0.0621981339687633));
#2776=CARTESIAN_POINT('',(0.10165358432766,2.88477122695557,0.0621981339687633));
#2777=CARTESIAN_POINT('',(0.499893735184913,2.81357147190145,0.124938809265223));
#2778=CARTESIAN_POINT('',(0.10165358432766,2.81357147190145,0.124938809265223));
#2779=CARTESIAN_POINT('',(0.499893735184913,2.70132276116716,0.222914507083538));
#2780=CARTESIAN_POINT('',(0.10165358432766,2.70132276116716,0.222914507083538));
#2781=CARTESIAN_POINT('',(0.499893735184913,2.53793541549433,0.363763690293351));
#2782=CARTESIAN_POINT('',(0.10165358432766,2.53793541549433,0.363763690293351));
#2783=CARTESIAN_POINT('',(0.499893735184913,2.33887686091127,0.532566048020854));
#2784=CARTESIAN_POINT('',(0.10165358432766,2.33887686091127,0.532566048020854));
#2785=CARTESIAN_POINT('',(0.499893735184913,2.16243059717447,0.677260049148007));
#2786=CARTESIAN_POINT('',(0.10165358432766,2.16243059717447,0.677260049148007));
#2787=CARTESIAN_POINT('',(0.499893735184913,2.00774674047432,0.79347062245172));
#2788=CARTESIAN_POINT('',(0.10165358432766,2.00774674047432,0.79347062245172));
#2789=CARTESIAN_POINT('',(0.499893735184913,1.87804278917944,0.87148952396228));
#2790=CARTESIAN_POINT('',(0.10165358432766,1.87804278917944,0.87148952396228));
#2791=CARTESIAN_POINT('',(0.499893735184913,1.79127804944531,0.90688013871149));
#2792=CARTESIAN_POINT('',(0.10165358432766,1.79127804944531,0.90688013871149));
#2793=CARTESIAN_POINT('',(0.499893735184913,1.73526133676507,0.928959119052682));
#2794=CARTESIAN_POINT('',(0.10165358432766,1.73526133676507,0.928959119052682));
#2795=CARTESIAN_POINT('',(0.499893735184914,1.69711241866907,0.943903234092626));
#2796=CARTESIAN_POINT('',(0.10165358432766,1.69711241866907,0.943903234092626));
#2797=CARTESIAN_POINT('',(0.499893735184913,1.65553248175837,0.957974687232798));
#2798=CARTESIAN_POINT('',(0.10165358432766,1.65553248175837,0.957974687232798));
#2799=CARTESIAN_POINT('',(0.499893735184914,1.58709109223128,0.976713945055358));
#2800=CARTESIAN_POINT('',(0.10165358432766,1.58709109223128,0.976713945055358));
#2801=CARTESIAN_POINT('',(0.499893735184913,1.48667002849005,0.99755510344734));
#2802=CARTESIAN_POINT('',(0.10165358432766,1.48667002849005,0.99755510344734));
#2803=CARTESIAN_POINT('',(0.499893735184913,1.37712328146223,1.00843105895764));
#2804=CARTESIAN_POINT('',(0.10165358432766,1.37712328146223,1.00843105895764));
#2805=CARTESIAN_POINT('',(0.499893735184913,1.27620666548421,1.01212829158223));
#2806=CARTESIAN_POINT('',(0.10165358432766,1.27620666548421,1.01212829158223));
#2807=CARTESIAN_POINT('',(0.499893735184913,1.17815896473311,1.0143083108859));
#2808=CARTESIAN_POINT('',(0.10165358432766,1.17815896473311,1.0143083108859));
#2809=CARTESIAN_POINT('',(0.499893735184914,1.09522528457439,1.01552890530943));
#2810=CARTESIAN_POINT('',(0.10165358432766,1.09522528457439,1.01552890530943));
#2811=CARTESIAN_POINT('',(0.499893735184913,1.0252631137649,1.00877185553004));
#2812=CARTESIAN_POINT('',(0.10165358432766,1.0252631137649,1.00877185553004));
#2813=CARTESIAN_POINT('',(0.499893735184914,0.952113421768307,0.994465584831985));
#2814=CARTESIAN_POINT('',(0.10165358432766,0.952113421768307,0.994465584831985));
#2815=CARTESIAN_POINT('',(0.499893735184913,0.865274887340321,0.971633940611819));
#2816=CARTESIAN_POINT('',(0.10165358432766,0.865274887340321,0.971633940611819));
#2817=CARTESIAN_POINT('',(0.499893735184913,0.798391344726451,0.962939717511726));
#2818=CARTESIAN_POINT('',(0.10165358432766,0.798391344726451,0.962939717511726));
#2819=CARTESIAN_POINT('',(0.499893735184913,0.710670233180293,0.957677069337255));
#2820=CARTESIAN_POINT('',(0.10165358432766,0.710670233180293,0.957677069337255));
#2821=CARTESIAN_POINT('',(0.499893735184913,0.590523517275811,0.95709549184237));
#2822=CARTESIAN_POINT('',(0.10165358432766,0.590523517275811,0.95709549184237));
#2823=CARTESIAN_POINT('',(0.499893735184913,0.418415658977329,0.960035421079262));
#2824=CARTESIAN_POINT('',(0.10165358432766,0.418415658977329,0.960035421079262));
#2825=CARTESIAN_POINT('',(0.499893735184913,0.208061035774171,0.962285866867487));
#2826=CARTESIAN_POINT('',(0.10165358432766,0.208061035774171,0.962285866867487));
#2827=CARTESIAN_POINT('',(0.499893735184913,-0.0129894253341421,0.962418792829535));
#2828=CARTESIAN_POINT('',(0.10165358432766,-0.0129894253341421,0.962418792829535));
#2829=CARTESIAN_POINT('',(0.499893735184914,-0.275284023325219,0.960782861282417));
#2830=CARTESIAN_POINT('',(0.10165358432766,-0.275284023325219,0.960782861282417));
#2831=CARTESIAN_POINT('',(0.499893735184913,-0.672123547319086,0.955400181429454));
#2832=CARTESIAN_POINT('',(0.10165358432766,-0.672123547319086,0.955400181429454));
#2833=CARTESIAN_POINT('',(0.499893735184913,-1.18976097850346,0.946043563741258));
#2834=CARTESIAN_POINT('',(0.10165358432766,-1.18976097850346,0.946043563741258));
#2835=CARTESIAN_POINT('',(0.499893735184913,-1.68365399482088,0.936009765719647));
#2836=CARTESIAN_POINT('',(0.10165358432766,-1.68365399482088,0.936009765719647));
#2837=CARTESIAN_POINT('',(0.499893735184914,-2.08762312548995,0.927578728825132));
#2838=CARTESIAN_POINT('',(0.10165358432766,-2.08762312548995,0.927578728825132));
#2839=CARTESIAN_POINT('',(0.499893735184913,-2.25304736920486,0.924535786992193));
#2840=CARTESIAN_POINT('',(0.10165358432766,-2.25304736920486,0.924535786992193));
#2841=CARTESIAN_POINT('',(0.499893735184913,-2.29878966500321,0.924036829576363));
#2842=CARTESIAN_POINT('',(0.10165358432766,-2.29878966500321,0.924036829576363));
#2843=CARTESIAN_POINT('',(0.211094232573676,3.12850876586644,0.0418033383337302));
#2844=CARTESIAN_POINT('',(0.211121755686777,3.12812823675377,0.0268495099378423));
#2845=CARTESIAN_POINT('',(0.211515407195164,3.12208853253184,0.00497934135408093));
#2846=CARTESIAN_POINT('',(0.212632530037977,3.10611211016487,-0.0202675679637857));
#2847=CARTESIAN_POINT('',(0.213285330383826,3.0851194443526,-0.0417081396132639));
#2848=CARTESIAN_POINT('',(0.21341838635099,3.04692141458121,-0.0505345851603044));
#2849=CARTESIAN_POINT('',(0.207444913759296,3.00269872312236,-0.0394890230390064));
#2850=CARTESIAN_POINT('',(0.199322596669312,2.96838280829353,-0.0136050012391802));
#2851=CARTESIAN_POINT('',(0.190147996423946,2.93673080686815,0.0156173162663155));
#2852=CARTESIAN_POINT('',(0.181537469078139,2.90464905475281,0.0443710464937712));
#2853=CARTESIAN_POINT('',(0.171977716046397,2.86137158233559,0.0828435500105297));
#2854=CARTESIAN_POINT('',(0.164960328422804,2.80674605187685,0.130887926314015));
#2855=CARTESIAN_POINT('',(0.166399662088697,2.74107925040408,0.188201856506547));
#2856=CARTESIAN_POINT('',(0.174652216393668,2.67504505914938,0.245468633279409));
#2857=CARTESIAN_POINT('',(0.191455379447329,2.58757323159805,0.320902843155745));
#2858=CARTESIAN_POINT('',(0.220085786572318,2.47907095065764,0.413696798796022));
#2859=CARTESIAN_POINT('',(0.261796752858797,2.34935343090972,0.523324045470281));
#2860=CARTESIAN_POINT('',(0.305039231779593,2.21878060541159,0.631365114461814));
#2861=CARTESIAN_POINT('',(0.33130666143253,2.10621180506806,0.719958387683502));
#2862=CARTESIAN_POINT('',(0.351713454790873,2.01309725056318,0.787072863575893));
#2863=CARTESIAN_POINT('',(0.366831654685966,1.9405644758245,0.83456536894708));
#2864=CARTESIAN_POINT('',(0.382032249479479,1.86482125378798,0.875890734081038));
#2865=CARTESIAN_POINT('',(0.397137311033669,1.78543224369974,0.909292917583789));
#2866=CARTESIAN_POINT('',(0.411286844332907,1.7049807479779,0.941764257897569));
#2867=CARTESIAN_POINT('',(0.425217636751067,1.62348312444235,0.967924701686609));
#2868=CARTESIAN_POINT('',(0.437956205890434,1.54036566445584,0.98670616935508));
#2869=CARTESIAN_POINT('',(0.44951496618965,1.45622644057533,1.00096288929513));
#2870=CARTESIAN_POINT('',(0.459600577877773,1.3706187261491,1.00842975678898));
#2871=CARTESIAN_POINT('',(0.467873333350472,1.28387218761474,1.01189816171749));
#2872=CARTESIAN_POINT('',(0.474196897356659,1.19710540117842,1.01384143793679));
#2873=CARTESIAN_POINT('',(0.478615243198602,1.11026795580443,1.01578202555684));
#2874=CARTESIAN_POINT('',(0.481186235950429,1.02388809626355,1.00990509705711));
#2875=CARTESIAN_POINT('',(0.482088129607684,0.938280549835931,0.99081119253002));
#2876=CARTESIAN_POINT('',(0.481933170634113,0.852997651528176,0.968811460600186));
#2877=CARTESIAN_POINT('',(0.481387413000327,0.794655223521073,0.963157057743178));
#2878=CARTESIAN_POINT('',(0.481061599943723,0.765365629655709,0.961237373334921));
#2879=CARTESIAN_POINT('',(0.481061599943723,0.765365629655709,0.961237373334921));
#2880=CARTESIAN_POINT('',(0.481061599943723,0.765365629655709,0.961237373334921));
#2881=CARTESIAN_POINT('',(0.477773658625809,0.768801413274131,0.961462559809978));
#2882=CARTESIAN_POINT('',(0.474487450328432,0.772237958893853,0.961700651586337));
#2883=CARTESIAN_POINT('',(0.471203089414995,0.775675316382642,0.961952506311116));
#2884=CARTESIAN_POINT('',(0.471203089414994,0.775675316382642,0.961952506311116));
#2885=CARTESIAN_POINT('',(0.501191439194931,0.775675316382642,0.961952506311116));
#2886=CARTESIAN_POINT('',(0.467393735184913,0.775675316382642,0.961952506311116));
#2887=CARTESIAN_POINT('',(0.467393735184913,0.775675316382642,0.961952506311116));
#2888=CARTESIAN_POINT('',(0.457408893532055,0.765350634797712,0.961196018277749));
#2889=CARTESIAN_POINT('',(0.447407922858237,0.755033894505758,0.960563538452441));
#2890=CARTESIAN_POINT('',(0.437393735193101,0.744723661736518,0.960032677644203));
#2891=CARTESIAN_POINT('',(0.437393735184913,0.744723661743085,0.960032677644541));
#2892=CARTESIAN_POINT('',(0.437393735184913,-2.34468143404,1.12747832194088));
#2893=CARTESIAN_POINT('',(0.437393735184913,-2.34559819595796,1.14260009336065));
#2894=CARTESIAN_POINT('',(0.437393735184913,-2.34776835801806,1.15258369256147));
#2895=CARTESIAN_POINT('',(0.437393735184913,-2.32879542857656,1.17162474445774));
#2896=CARTESIAN_POINT('',(0.437393735184913,-2.27722335842844,1.16250552070495));
#2897=CARTESIAN_POINT('',(0.437393735184913,-0.0328753347617104,1.18174858652891));
#2898=CARTESIAN_POINT('',(0.437393735184913,0.583474720184526,1.17764876410563));
#2899=CARTESIAN_POINT('',(0.437393735184913,1.39109631621161,1.15464055510283));
#2900=CARTESIAN_POINT('',(0.437393735184913,1.71144268448752,1.09298004549375));
#2901=CARTESIAN_POINT('',(0.437393735184913,1.91871348786686,1.00354028819878));
#2902=CARTESIAN_POINT('',(0.437393735184913,2.26458020141834,0.80469557789866));
#2903=CARTESIAN_POINT('',(0.437393735184913,3.09871757493801,0.0943686152217992));
#2904=CARTESIAN_POINT('',(0.437393735184913,3.12127336858647,0.0744403546869346));
#2905=CARTESIAN_POINT('',(0.437393735184913,3.13070834274072,0.0521777319699071));
#2906=CARTESIAN_POINT('',(0.437393735184913,3.12631004548699,0.0145985097824947));
#2907=CARTESIAN_POINT('',(0.437393735184913,3.11358716744266,-0.00834588397817939));
#2908=CARTESIAN_POINT('',(0.437393735184913,3.09515777097561,-0.0359697571954771));
#2909=CARTESIAN_POINT('',(0.437393735184913,3.05371197580439,-0.051326123368077));
#2910=CARTESIAN_POINT('',(0.437393735184913,2.99503628318842,-0.0389989348687266));
#2911=CARTESIAN_POINT('',(0.437393735184913,2.91701126312671,0.0361849917285346));
#2912=CARTESIAN_POINT('',(0.437393735184913,2.37990005276405,0.503339504904118));
#2913=CARTESIAN_POINT('',(0.437393735184913,1.96006428776706,0.842131839388366));
#2914=CARTESIAN_POINT('',(0.437393735184913,1.7581125239554,0.919334616854354));
#2915=CARTESIAN_POINT('',(0.437393735184913,1.65539819561672,0.961463186902738));
#2916=CARTESIAN_POINT('',(0.437393735184913,1.47452317149974,1.00232593718017));
#2917=CARTESIAN_POINT('',(0.437393735184913,1.3165163885696,1.011292776613));
#2918=CARTESIAN_POINT('',(0.437393735184913,1.17431528021118,1.01451564138867));
#2919=CARTESIAN_POINT('',(0.437393735184913,1.02953904049494,1.01616409734648));
#2920=CARTESIAN_POINT('',(0.437393735184913,0.875513884283018,0.972770177142626));
#2921=CARTESIAN_POINT('',(0.437393735184913,0.788154321319187,0.96162037621541));
#2922=CARTESIAN_POINT('',(0.437393735184913,0.607747015706762,0.953187345907967));
#2923=CARTESIAN_POINT('',(0.437393735184913,-0.0223713339151662,0.977838807635238));
#2924=CARTESIAN_POINT('',(0.437393735184913,-2.31706083607042,0.920207516440136));
#2925=CARTESIAN_POINT('',(0.437393735184913,-2.34285228639887,0.924590877338193));
#2926=CARTESIAN_POINT('',(0.437393735184913,-2.34162161174172,0.947922922824579));
#2927=CARTESIAN_POINT('',(0.437393735184913,-2.34227979272531,1.08786381540306));
#2928=CARTESIAN_POINT('',(0.437393735184913,-2.34468143404,1.12747832194088));
#2929=CARTESIAN_POINT('',(0.437393735184913,-1.90577486664174,0.931388706119941));
#2930=CARTESIAN_POINT('',(0.437393735184913,-1.90577486664039,0.931388706052226));
#2931=CARTESIAN_POINT('',(0.447393762872648,-1.91593255381107,0.931179951964396));
#2932=CARTESIAN_POINT('',(0.457393765961065,-1.92609027081239,0.930971471413552));
#2933=CARTESIAN_POINT('',(0.467393735184916,-1.93624802887985,0.93076336742576));
#2934=CARTESIAN_POINT('',(0.467393735184913,-1.93624802887985,0.93076336742576));
#2935=CARTESIAN_POINT('',(0.437393735184914,-1.93624802887985,0.93076336742576));
#2936=CARTESIAN_POINT('',(0.469893735184913,-1.93624802887985,0.93076336742576));
#2937=CARTESIAN_POINT('',(0.469893735184913,-1.93624802887985,0.93076336742576));
#2938=CARTESIAN_POINT('',(0.47989370440675,-1.92609027081445,0.93097147141356));
#2939=CARTESIAN_POINT('',(0.489893707499196,-1.91593255382256,0.931179952031921));
#2940=CARTESIAN_POINT('',(0.499893735184909,-1.90577486665394,0.931388706119689));
#2941=CARTESIAN_POINT('',(0.499893735184913,-2.26878966489291,0.924429353901421));
#2942=CARTESIAN_POINT('',(0.489893841716677,-2.27878955836115,0.924282228358973));
#2943=CARTESIAN_POINT('',(0.479893877539022,-2.2887895225388,0.924145911229675));
#2944=CARTESIAN_POINT('',(0.469893735184913,-2.29878966489291,0.924036829577567));
#2945=CARTESIAN_POINT('',(0.187393735184913,-2.29878966489291,0.924036829577567));
#2946=CARTESIAN_POINT('',(0.170891041283803,-2.29878966489291,0.924036829577567));
#2947=CARTESIAN_POINT('',(0.138504499682809,-2.2851756040444,0.924174877133993));
#2948=CARTESIAN_POINT('',(0.124893735184914,-2.25279001216488,0.92466751751192));
#2949=CARTESIAN_POINT('',(0.124893735184914,-2.23628966489291,0.924942869602687));
#2950=CARTESIAN_POINT('',(0.124893735184914,-2.23628966489291,0.924942869602687));
#2951=CARTESIAN_POINT('',(0.124893735184914,-2.34468143404,1.12747832194088));
#2952=CARTESIAN_POINT('',(0.124893735184914,-2.34559819595796,1.14260009336065));
#2953=CARTESIAN_POINT('',(0.124893735184914,-2.34776835801806,1.15258369256147));
#2954=CARTESIAN_POINT('',(0.124893735184914,-2.32879542857656,1.17162474445774));
#2955=CARTESIAN_POINT('',(0.124893735184914,-2.27722335842844,1.16250552070495));
#2956=CARTESIAN_POINT('',(0.124893735184914,-0.0328753347617104,1.18174858652891));
#2957=CARTESIAN_POINT('',(0.124893735184914,0.583474720184526,1.17764876410563));
#2958=CARTESIAN_POINT('',(0.124893735184914,1.39109631621161,1.15464055510283));
#2959=CARTESIAN_POINT('',(0.124893735184914,1.71144268448752,1.09298004549375));
#2960=CARTESIAN_POINT('',(0.124893735184914,1.91871348786686,1.00354028819878));
#2961=CARTESIAN_POINT('',(0.124893735184914,2.26458020141834,0.80469557789866));
#2962=CARTESIAN_POINT('',(0.124893735184914,3.09871757493801,0.0943686152217992));
#2963=CARTESIAN_POINT('',(0.124893735184914,3.12127336858647,0.0744403546869346));
#2964=CARTESIAN_POINT('',(0.124893735184914,3.13070834274072,0.0521777319699071));
#2965=CARTESIAN_POINT('',(0.124893735184914,3.12631004548699,0.0145985097824947));
#2966=CARTESIAN_POINT('',(0.124893735184914,3.11358716744266,-0.00834588397817939));
#2967=CARTESIAN_POINT('',(0.124893735184914,3.09515777097561,-0.0359697571954771));
#2968=CARTESIAN_POINT('',(0.124893735184914,3.05371197580439,-0.051326123368077));
#2969=CARTESIAN_POINT('',(0.124893735184914,2.99503628318842,-0.0389989348687266));
#2970=CARTESIAN_POINT('',(0.124893735184914,2.91701126312671,0.0361849917285346));
#2971=CARTESIAN_POINT('',(0.124893735184914,2.37990005276405,0.503339504904118));
#2972=CARTESIAN_POINT('',(0.124893735184914,1.96006428776706,0.842131839388366));
#2973=CARTESIAN_POINT('',(0.124893735184914,1.7581125239554,0.919334616854354));
#2974=CARTESIAN_POINT('',(0.124893735184914,1.65539819561672,0.961463186902738));
#2975=CARTESIAN_POINT('',(0.124893735184914,1.47452317149974,1.00232593718017));
#2976=CARTESIAN_POINT('',(0.124893735184914,1.3165163885696,1.011292776613));
#2977=CARTESIAN_POINT('',(0.124893735184914,1.17431528021118,1.01451564138867));
#2978=CARTESIAN_POINT('',(0.124893735184914,1.02953904049494,1.01616409734648));
#2979=CARTESIAN_POINT('',(0.124893735184914,0.875513884283018,0.972770177142626));
#2980=CARTESIAN_POINT('',(0.124893735184914,0.788154321319187,0.96162037621541));
#2981=CARTESIAN_POINT('',(0.124893735184914,0.607747015706762,0.953187345907967));
#2982=CARTESIAN_POINT('',(0.124893735184914,-0.0223713339151662,0.977838807635238));
#2983=CARTESIAN_POINT('',(0.124893735184914,-2.31706083607042,0.920207516440136));
#2984=CARTESIAN_POINT('',(0.124893735184914,-2.34285228639887,0.924590877338193));
#2985=CARTESIAN_POINT('',(0.124893735184914,-2.34162161174172,0.947922922824579));
#2986=CARTESIAN_POINT('',(0.124893735184914,-2.34227979272531,1.08786381540306));
#2987=CARTESIAN_POINT('',(0.124893735184914,-2.34468143404,1.12747832194088));
#2988=CARTESIAN_POINT('',(0.124893735184914,-2.11128966489293,0.927244106085407));
#2989=CARTESIAN_POINT('',(0.124893735184913,-2.11128966489291,0.927244106082402));
#2990=CARTESIAN_POINT('',(0.124893735184913,-2.09478442462792,0.927565756830199));
#2991=CARTESIAN_POINT('',(0.138473771387571,-2.06243980005617,0.928205926543798));
#2992=CARTESIAN_POINT('',(0.170885271214815,-2.04878966489291,0.928480049728091));
#2993=CARTESIAN_POINT('',(0.187393735184907,-2.04878966489291,0.928480049728091));
#2994=CARTESIAN_POINT('',(0.187393735184913,-2.04878966496035,0.92848004972674));
#2995=CARTESIAN_POINT('',(0.124893735184914,-2.04878966496035,0.92848004972674));
#2996=CARTESIAN_POINT('',(0.312393735184913,-2.04878966496035,0.92848004972674));
#2997=CARTESIAN_POINT('',(0.312393735184913,-2.04878966489291,0.92848004972674));
#2998=CARTESIAN_POINT('',(0.328902220903404,-2.04878966489291,0.92848004972674));
#2999=CARTESIAN_POINT('',(0.361250788790427,-2.0352025655007,0.928751321439834));
#3000=CARTESIAN_POINT('',(0.37489373518491,-2.00279464478852,0.92940618786737));
#3001=CARTESIAN_POINT('',(0.374893735184914,-1.98628966489293,0.929741758941571));
#3002=CARTESIAN_POINT('',(0.374893735184913,-0.837010296447534,0.952299920693301));
#3003=CARTESIAN_POINT('',(0.377737837986856,-0.653818366184786,0.955448184626509));
#3004=CARTESIAN_POINT('',(0.381997324796625,-0.379029392844102,0.959752730680489));
#3005=CARTESIAN_POINT('',(0.387706366317958,-0.0126049386707615,0.96266735901894));
#3006=CARTESIAN_POINT('',(0.391922632421855,0.262210057690178,0.962132278896578));
#3007=CARTESIAN_POINT('',(0.39564942877366,0.491383256895895,0.958688290743657));
#3008=CARTESIAN_POINT('',(0.397764923514398,0.651781881437235,0.956735593571787));
#3009=CARTESIAN_POINT('',(0.398393761847459,0.743215707508842,0.959580631199666));
#3010=CARTESIAN_POINT('',(0.398508398632093,0.811666037756709,0.963958844903363));
#3011=CARTESIAN_POINT('',(0.398207786867666,0.879707128220331,0.975547799862684));
#3012=CARTESIAN_POINT('',(0.397381286409525,0.947433768460201,0.992907499974235));
#3013=CARTESIAN_POINT('',(0.395898002680046,1.0152742006531,1.0076188825762));
#3014=CARTESIAN_POINT('',(0.393580676491575,1.08369142473765,1.01470088444485));
#3015=CARTESIAN_POINT('',(0.390419678288365,1.15196464576007,1.01484224180871));
#3016=CARTESIAN_POINT('',(0.385041735709686,1.24259533332506,1.01291948347751));
#3017=CARTESIAN_POINT('',(0.375754820064884,1.35567223794631,1.01012449449875));
#3018=CARTESIAN_POINT('',(0.362448558713511,1.46780688954058,0.999897520847307));
#3019=CARTESIAN_POINT('',(0.349447279771114,1.5567737655119,0.98305140617891));
#3020=CARTESIAN_POINT('',(0.338581748141195,1.62299118318346,0.967473532931454));
#3021=CARTESIAN_POINT('',(0.326696133377621,1.68712140732207,0.948137226170359));
#3022=CARTESIAN_POINT('',(0.310550202815769,1.76956095826556,0.91530201362862));
#3023=CARTESIAN_POINT('',(0.288556322966142,1.87230717407944,0.874542253550392));
#3024=CARTESIAN_POINT('',(0.261592544171006,1.987092451479,0.80618961765854));
#3025=CARTESIAN_POINT('',(0.234951533028941,2.09678450438964,0.726977363225968));
#3026=CARTESIAN_POINT('',(0.208067912474344,2.20277842482026,0.64398098954339));
#3027=CARTESIAN_POINT('',(0.183223392234684,2.30737765220735,0.558246398027189));
#3028=CARTESIAN_POINT('',(0.161636092450899,2.41135696312612,0.47100200081051));
#3029=CARTESIAN_POINT('',(0.142135525155718,2.51499812370178,0.38302679271424));
#3030=CARTESIAN_POINT('',(0.125358557611571,2.61847513627059,0.29434653625937));
#3031=CARTESIAN_POINT('',(0.11425673669184,2.70465696773161,0.219856220079917));
#3032=CARTESIAN_POINT('',(0.10797182252499,2.77362359628319,0.159822625694378));
#3033=CARTESIAN_POINT('',(0.105055679018502,2.82540522892806,0.114498202701812));
#3034=CARTESIAN_POINT('',(0.104288351082603,2.87701452642826,0.0690009669345767));
#3035=CARTESIAN_POINT('',(0.105413116133498,2.91984746323933,0.0308235604948838));
#3036=CARTESIAN_POINT('',(0.107282370324077,2.95378773247949,7.09055250531651E-6));
#3037=CARTESIAN_POINT('',(0.109119836082178,2.97950923115533,-0.0229282347401039));
#3038=CARTESIAN_POINT('',(0.111238756830718,3.00888419941643,-0.0409877141826318));
#3039=CARTESIAN_POINT('',(0.114092378975463,3.04281233691183,-0.0488770501752522));
#3040=CARTESIAN_POINT('',(0.116619738927895,3.07178101321428,-0.045045307754809));
#3041=CARTESIAN_POINT('',(0.118333869366581,3.09231064756469,-0.0343312395636313));
#3042=CARTESIAN_POINT('',(0.119293208091816,3.10457367801116,-0.0219564732312996));
#3043=CARTESIAN_POINT('',(0.120373299158732,3.11391601401744,-0.00741391471556819));
#3044=CARTESIAN_POINT('',(0.121497831230731,3.12508912650758,0.0125876598260816));
#3045=CARTESIAN_POINT('',(0.1217945718447,3.12821176404659,0.0301319206188829));
#3046=CARTESIAN_POINT('',(0.121823888009225,3.12850876586644,0.0418033383337302));
#3047=CARTESIAN_POINT('',(0.124893735184913,-2.04878966489291,0.959730049728091));
#3048=CARTESIAN_POINT('',(0.124893735184913,-2.04878966489291,0.990980049728091));
#3049=CARTESIAN_POINT('',(0.187393735184913,-2.04878966489291,0.990980049728091));
#3050=CARTESIAN_POINT('',(0.312393735184913,-2.04878966489291,0.990980049728091));
#3051=CARTESIAN_POINT('',(0.312393735184913,-2.04878966489291,0.959730049728091));
#3052=CARTESIAN_POINT('',(0.187393735184913,-2.04878966489291,0.959730049728091));
#3053=CARTESIAN_POINT('',(0.124893735184913,-2.17378966489291,0.990980049728091));
#3054=CARTESIAN_POINT('',(0.249893735184913,-2.17378966489291,0.990980049728091));
#3055=CARTESIAN_POINT('',(0.249893735184913,-2.22066466489291,0.990980049728091));
#3056=CARTESIAN_POINT('',(0.187393735184913,-2.11128966489291,0.990980049728091));
#3057=CARTESIAN_POINT('',(0.124893735184913,-2.11128966489291,0.990980049728091));
#3058=CARTESIAN_POINT('',(0.124893735184913,-2.17378966489291,0.990980049728091));
#3059=CARTESIAN_POINT('',(0.124893735184913,-2.23628966489291,0.990980049728091));
#3060=CARTESIAN_POINT('',(0.187393735184913,-2.23628966489291,0.990980049728091));
#3061=CARTESIAN_POINT('',(0.312393735184913,-1.98628966489291,0.990980049728091));
#3062=CARTESIAN_POINT('',(0.124893735184913,-0.923789664892909,1.05183840739513));
#3063=CARTESIAN_POINT('',(0.124893735184913,-2.11128966489291,1.05183840739513));
#3064=CARTESIAN_POINT('',(0.124893735184913,-2.23628966489291,1.05183840739513));
#3065=CARTESIAN_POINT('',(0.124893735184913,-2.17378966489291,1.10687724089044));
#3066=CARTESIAN_POINT('',(0.249893735184913,-2.17378966489291,1.10687724089044));
#3067=CARTESIAN_POINT('',(0.203018735184913,-2.17378966489291,1.10687724089044));
#3068=CARTESIAN_POINT('',(0.124893735184913,-2.17378966489291,1.10687724089044));
#3069=CARTESIAN_POINT('',(0.124893735184913,-2.23628966489291,1.10687724089044));
#3070=CARTESIAN_POINT('',(0.124893735184913,-2.11128966489291,1.10687724089044));
#3071=CARTESIAN_POINT('',(0.187393735184913,-2.11128966489291,1.10687724089044));
#3072=CARTESIAN_POINT('',(0.187393735184913,-2.04878966489291,1.10687724089044));
#3073=CARTESIAN_POINT('',(0.124893735184913,-2.04878966489291,1.10687724089044));
#3074=CARTESIAN_POINT('',(0.312393735184913,-2.04878966489291,1.10687724089044));
#3075=CARTESIAN_POINT('',(0.312393735184913,-1.98628966489291,1.10687724089044));
#3076=CARTESIAN_POINT('',(0.187393735184913,-2.23628966489291,1.10687724089044));
#3077=CARTESIAN_POINT('',(0.124893735184913,-2.04878966489291,1.13812724089044));
#3078=CARTESIAN_POINT('',(0.312393735184913,-2.04878966489291,1.10687724089044));
#3079=CARTESIAN_POINT('',(0.187393735184913,-2.04878966489291,1.16783911627149));
#3080=CARTESIAN_POINT('',(0.124893735184913,-0.923789664892909,1.05183840739513));
#3081=CARTESIAN_POINT('',(0.124893735184913,-2.11128966489291,1.10687724089044));
#3082=CARTESIAN_POINT('',(0.124893735184913,-2.23628966489291,1.05183840739513));
#3083=CARTESIAN_POINT('',(0.249893735184913,-2.17378966489291,0.959730049728091));
#3084=CARTESIAN_POINT('',(0.249893735184913,-2.17378966489291,0.959730049728091));
#3085=CARTESIAN_POINT('',(0.249893735184913,-2.17378966489291,0.959730049728091));
#3086=CARTESIAN_POINT('',(0.249893735184913,-2.22066466489291,0.959730049728091));
#3087=CARTESIAN_POINT('',(0.249893735184913,-2.17378966489291,0.959730049728091));
#3088=CARTESIAN_POINT('',(0.312393735184913,-1.98628966489291,-0.304));
#3089=CARTESIAN_POINT('',(0.312393735184913,-1.98628966489291,1.13812724089044));
#3090=CARTESIAN_POINT('',(0.187393735184913,-2.11128966489291,0.959730049728091));
#3091=CARTESIAN_POINT('',(0.187393735184913,-2.23628966489291,1.05183840739513));
#3092=CARTESIAN_POINT('',(0.187393735184913,-2.11128966489291,1.05183840739513));
#3093=CARTESIAN_POINT('',(0.187393735184913,-2.23628966489291,1.05183840739513));
#3094=CARTESIAN_POINT('',(0.437393735184913,-0.861289826543821,0.854673206158488));
#3095=CARTESIAN_POINT('',(0.437393735184913,-1.73628998819473,0.854673206158488));
#3096=CARTESIAN_POINT('',(0.437393735184913,-1.73628998819473,1.63717320615849));
#3097=CARTESIAN_POINT('',(0.437393735184913,-0.861289826543821,1.63717320615849));
#3098=CARTESIAN_POINT('',(0.437393735184913,-0.58003998819473,1.66717320615849));
#3099=CARTESIAN_POINT('',(1.49989373518491,-1.70628998819473,1.66717320615849));
#3100=CARTESIAN_POINT('',(0.467393735184913,-1.70628998819473,1.66717320615849));
#3101=CARTESIAN_POINT('',(1.46989373518491,-1.70628998819473,1.66717320615849));
#3102=CARTESIAN_POINT('',(1.46989373518491,0.57621001180527,1.66717320615849));
#3103=CARTESIAN_POINT('',(1.46989373518491,0.54621001180527,1.66717320615849));
#3104=CARTESIAN_POINT('',(0.437393735184913,0.54621001180527,1.66717320615849));
#3105=CARTESIAN_POINT('',(0.467393735184913,0.54621001180527,1.66717320615849));
#3106=CARTESIAN_POINT('',(0.467393735184913,-0.58003998819473,1.66717320615849));
#3107=CARTESIAN_POINT('',(0.437393735184913,-1.73628998819473,0.854673206158488));
#3108=CARTESIAN_POINT('',(0.469893735180855,-1.73628998819473,1.16877374671809));
#3109=CARTESIAN_POINT('',(0.479893735175134,-1.73628998819473,1.15877364675692));
#3110=CARTESIAN_POINT('',(0.489893735176487,-1.73628998819473,1.14877354680282));
#3111=CARTESIAN_POINT('',(0.499893735184913,-1.73628998819473,1.13877344685579));
#3112=CARTESIAN_POINT('',(0.398902856173323,-1.73628998819473,-0.425770908624495));
#3113=CARTESIAN_POINT('',(0.49238175260771,-1.73628998819473,0.0490981856390395));
#3114=CARTESIAN_POINT('',(0.437393735184913,-1.73628998819473,0.0490981856390395));
#3115=CARTESIAN_POINT('',(1.46989373518491,-1.73628998819473,0.0490981856390394));
#3116=CARTESIAN_POINT('',(1.46989373518491,-1.73628998819473,0.854673206158488));
#3117=CARTESIAN_POINT('',(1.46989373518491,-1.73628998819473,1.63717320615849));
#3118=CARTESIAN_POINT('',(0.437393735184913,-1.73628998819473,1.63717320615849));
#3119=CARTESIAN_POINT('',(0.437393735184913,-0.58003998819473,0.0421732061584876));
#3120=CARTESIAN_POINT('',(0.499513082597412,0.564853925915701,0.0421732061584876));
#3121=CARTESIAN_POINT('',(0.467393735184913,0.564853925915701,0.0421732061584876));
#3122=CARTESIAN_POINT('',(1.48124982107448,0.564853925915701,0.0421732061584876));
#3123=CARTESIAN_POINT('',(1.53176873518492,0.514335011805268,0.0421732061584876));
#3124=CARTESIAN_POINT('',(1.53176873518491,-1.67441498819473,0.0421732061584876));
#3125=CARTESIAN_POINT('',(1.47834731956318,-1.72783640381646,0.0421732061584876));
#3126=CARTESIAN_POINT('',(0.437393735184913,-1.72783640381646,0.0421732061584876));
#3127=CARTESIAN_POINT('',(0.467393735184913,-1.72783640381646,0.0421732061584876));
#3128=CARTESIAN_POINT('',(0.467393735184913,0.594853925915701,0.0421732061584876));
#3129=CARTESIAN_POINT('',(0.437393735184913,-0.861289826543821,0.854673206158488));
#3130=CARTESIAN_POINT('',(0.437393735184913,0.665021224343223,0.554612434557459));
#3131=CARTESIAN_POINT('',(0.437393735184913,0.570177459017754,0.0721732061584876));
#3132=CARTESIAN_POINT('',(0.437393735184913,-1.75783640381646,0.0721732061584876));
#3133=CARTESIAN_POINT('',(0.437393735184913,-1.73326110236793,0.0721732061584876));
#3134=CARTESIAN_POINT('',(0.437393735184913,-1.85049425514138,0.656060192736986));
#3135=CARTESIAN_POINT('',(0.457393735184928,2.64391041656895,0.338295642069312));
#3136=CARTESIAN_POINT('',(0.156977647047388,2.64391041656895,0.338295642069312));
#3137=CARTESIAN_POINT('',(0.457393735184928,2.59314957348422,0.381957702723891));
#3138=CARTESIAN_POINT('',(0.156977647047388,2.59314957348422,0.381957702723891));
#3139=CARTESIAN_POINT('',(0.457393735184928,2.48804850034993,0.471769362531807));
#3140=CARTESIAN_POINT('',(0.156977647047388,2.48804850034993,0.471769362531807));
#3141=CARTESIAN_POINT('',(0.457393735184928,2.33699625855784,0.598950928344588));
#3142=CARTESIAN_POINT('',(0.156977647047389,2.33699625855784,0.598950928344588));
#3143=CARTESIAN_POINT('',(0.457393735184928,2.19910459470657,0.711330050472406));
#3144=CARTESIAN_POINT('',(0.156977647047388,2.19910459470657,0.711330050472406));
#3145=CARTESIAN_POINT('',(0.457393735184928,2.0739449948155,0.806474974833043));
#3146=CARTESIAN_POINT('',(0.156977647047389,2.0739449948155,0.806474974833043));
#3147=CARTESIAN_POINT('',(0.457393735184928,1.96184423878132,0.88148088389057));
#3148=CARTESIAN_POINT('',(0.156977647047388,1.96184423878132,0.88148088389057));
#3149=CARTESIAN_POINT('',(0.457393735184928,1.86350585920599,0.931878748942219));
#3150=CARTESIAN_POINT('',(0.156977647047388,1.86350585920599,0.931878748942219));
#3151=CARTESIAN_POINT('',(0.457393735184928,1.78345684454442,0.963562409740824));
#3152=CARTESIAN_POINT('',(0.156977647047388,1.78345684454442,0.963562409740824));
#3153=CARTESIAN_POINT('',(0.457393735184928,1.72440485522579,0.987482338715198));
#3154=CARTESIAN_POINT('',(0.156977647047389,1.72440485522579,0.987482338715198));
#3155=CARTESIAN_POINT('',(0.457393735184928,1.65405262045906,1.01132588266343));
#3156=CARTESIAN_POINT('',(0.156977647047388,1.65405262045906,1.01132588266343));
#3157=CARTESIAN_POINT('',(0.457393735184928,1.56230867083664,1.03355191381757));
#3158=CARTESIAN_POINT('',(0.156977647047389,1.56230867083664,1.03355191381757));
#3159=CARTESIAN_POINT('',(0.457393735184928,1.46578620616707,1.05029273664847));
#3160=CARTESIAN_POINT('',(0.156977647047388,1.46578620616707,1.05029273664847));
#3161=CARTESIAN_POINT('',(0.457393735184928,1.37778264342942,1.05804507871784));
#3162=CARTESIAN_POINT('',(0.156977647047389,1.37778264342942,1.05804507871784));
#3163=CARTESIAN_POINT('',(0.457393735184928,1.29683903619309,1.06143985213508));
#3164=CARTESIAN_POINT('',(0.156977647047388,1.29683903619309,1.06143985213508));
#3165=CARTESIAN_POINT('',(0.457393735184928,1.21877226266922,1.06347668513446));
#3166=CARTESIAN_POINT('',(0.156977647047388,1.21877226266922,1.06347668513446));
#3167=CARTESIAN_POINT('',(0.457393735184928,1.14176883589728,1.06509607092261));
#3168=CARTESIAN_POINT('',(0.156977647047388,1.14176883589728,1.06509607092261));
#3169=CARTESIAN_POINT('',(0.457393735184928,1.0578979216237,1.06416713007409));
#3170=CARTESIAN_POINT('',(0.156977647047389,1.0578979216237,1.06416713007409));
#3171=CARTESIAN_POINT('',(0.457393735184928,0.964825312994863,1.04897935116829));
#3172=CARTESIAN_POINT('',(0.156977647047388,0.964825312994863,1.04897935116829));
#3173=CARTESIAN_POINT('',(0.457393735184928,0.894190400986877,1.03085563618974));
#3174=CARTESIAN_POINT('',(0.156977647047389,0.894190400986877,1.03085563618974));
#3175=CARTESIAN_POINT('',(0.457393735184928,0.850934321228243,1.02134557358853));
#3176=CARTESIAN_POINT('',(0.156977647047388,0.850934321228243,1.02134557358853));
#3177=CARTESIAN_POINT('',(0.457393735184928,0.824071550430024,1.01688233586238));
#3178=CARTESIAN_POINT('',(0.156977647047389,0.824071550430024,1.01688233586238));
#3179=CARTESIAN_POINT('',(0.457393735184928,0.797903428283515,1.01385096512798));
#3180=CARTESIAN_POINT('',(0.156977647047388,0.797903428283515,1.01385096512798));
#3181=CARTESIAN_POINT('',(0.457393735184928,0.758445028108543,1.01062163394663));
#3182=CARTESIAN_POINT('',(0.156977647047389,0.758445028108543,1.01062163394663));
#3183=CARTESIAN_POINT('',(0.457393735184928,0.699014664337602,1.00772765372772));
#3184=CARTESIAN_POINT('',(0.156977647047388,0.699014664337602,1.00772765372772));
#3185=CARTESIAN_POINT('',(0.457393735184928,0.576009884459136,1.00695835316013));
#3186=CARTESIAN_POINT('',(0.156977647047388,0.576009884459136,1.00695835316013));
#3187=CARTESIAN_POINT('',(0.457393735184928,0.390220572873767,1.01083183749359));
#3188=CARTESIAN_POINT('',(0.156977647047388,0.390220572873767,1.01083183749359));
#3189=CARTESIAN_POINT('',(0.457393735184928,0.129078736062542,1.01249570748269));
#3190=CARTESIAN_POINT('',(0.156977647047389,0.129078736062542,1.01249570748269));
#3191=CARTESIAN_POINT('',(0.457393735184927,-0.0544099703960094,1.01219487000106));
#3192=CARTESIAN_POINT('',(0.156977647047388,-0.0544099703960094,1.01219487000106));
#3193=CARTESIAN_POINT('',(0.457393735184928,-0.263597094968904,1.01074648616495));
#3194=CARTESIAN_POINT('',(0.156977647047389,-0.263597094968904,1.01074648616495));
#3195=CARTESIAN_POINT('',(0.457393735184928,-0.566887146418123,1.00690811541073));
#3196=CARTESIAN_POINT('',(0.156977647047388,-0.566887146418123,1.00690811541073));
#3197=CARTESIAN_POINT('',(0.457393735184927,-1.09795402126851,0.997977356831742));
#3198=CARTESIAN_POINT('',(0.156977647047388,-1.09795402126851,0.997977356831742));
#3199=CARTESIAN_POINT('',(0.457393735184928,-1.76895361384106,0.984274646853408));
#3200=CARTESIAN_POINT('',(0.156977647047389,-1.76895361384106,0.984274646853408));
#3201=CARTESIAN_POINT('',(0.457393735184928,-2.14419650675066,0.976429396562454));
#3202=CARTESIAN_POINT('',(0.156977647047389,-2.14419650675066,0.976429396562454));
#3203=CARTESIAN_POINT('',(0.457393735184928,-2.24878966489291,0.9747444993869));
#3204=CARTESIAN_POINT('',(0.156977647047389,-2.24878966489291,0.9747444993869));
#3205=CARTESIAN_POINT('',(0.449893735184913,-1.68628998819473,0.985924890969531));
#3206=CARTESIAN_POINT('',(0.449893735184913,-1.68628998819473,0.985924890969531));
#3207=CARTESIAN_POINT('',(0.457393735184435,-1.68628999600943,0.985925270283224));
#3208=CARTESIAN_POINT('',(0.457393735184927,0.526210011783199,1.00830413235211));
#3209=CARTESIAN_POINT('',(0.457393735184824,0.341714886643377,1.01084900138981));
#3210=CARTESIAN_POINT('',(0.457393735185165,-0.0269025460796784,1.01426464753463));
#3211=CARTESIAN_POINT('',(0.457393735185111,-0.764540852986838,1.00434323165055));
#3212=CARTESIAN_POINT('',(0.45739373518317,-1.31756968657787,0.993522097641455));
#3213=CARTESIAN_POINT('',(0.457393735184435,-1.68629000382412,0.985925649596917));
#3214=CARTESIAN_POINT('',(0.158769393099899,2.61468072374482,0.363406627736439));
#3215=CARTESIAN_POINT('',(0.174611686934282,2.54176207763743,0.425972797872463));
#3216=CARTESIAN_POINT('',(0.206307233856954,2.43319531740883,0.518372524699779));
#3217=CARTESIAN_POINT('',(0.255532145521252,2.28810282822235,0.639084403872566));
#3218=CARTESIAN_POINT('',(0.287314613622669,2.17705418925852,0.728359515662164));
#3219=CARTESIAN_POINT('',(0.313132146783182,2.06197797828037,0.815023244427993));
#3220=CARTESIAN_POINT('',(0.334096564559967,1.96192654314156,0.880941120980117));
#3221=CARTESIAN_POINT('',(0.350592917308953,1.87792390406892,0.924397714554549));
#3222=CARTESIAN_POINT('',(0.362891183330985,1.81277848670504,0.95230524981002));
#3223=CARTESIAN_POINT('',(0.374822156011736,1.74674086970739,0.978415983172001));
#3224=CARTESIAN_POINT('',(0.390119483943166,1.65793060863402,1.01149823863117));
#3225=CARTESIAN_POINT('',(0.408740236105033,1.53984887660024,1.03938979587805));
#3226=CARTESIAN_POINT('',(0.427146603576187,1.39727742919232,1.05848779995768));
#3227=CARTESIAN_POINT('',(0.438584461913594,1.27714471001189,1.06212857743082));
#3228=CARTESIAN_POINT('',(0.445047864543157,1.18073496693376,1.06422729806121));
#3229=CARTESIAN_POINT('',(0.448568543909494,1.10831599016784,1.06532548394088));
#3230=CARTESIAN_POINT('',(0.450795508812839,1.03522190580383,1.06114569625524));
#3231=CARTESIAN_POINT('',(0.45185692210244,0.963071706650406,1.0480426602303));
#3232=CARTESIAN_POINT('',(0.45207807770829,0.891395409737622,1.0300815305236));
#3233=CARTESIAN_POINT('',(0.451677116411279,0.819463168990952,1.01471123127022));
#3234=CARTESIAN_POINT('',(0.450879968167584,0.74648496941556,1.00976923018738));
#3235=CARTESIAN_POINT('',(0.449628045215787,0.64884090703094,1.00657424176587));
#3236=CARTESIAN_POINT('',(0.449386285549117,0.575257476478302,1.00767150540783));
#3237=CARTESIAN_POINT('',(0.449534257309647,0.526210011805271,1.00832095659962));
#3238=CARTESIAN_POINT('',(0.158769393099899,2.61468072374482,0.36340662773644));
#3239=CARTESIAN_POINT('',(0.158769393099898,2.61468072374482,0.363406627736439));
#3240=CARTESIAN_POINT('',(0.170326370048195,2.538741624777,0.428564428102061));
#3241=CARTESIAN_POINT('',(0.191440422410649,2.42489317331536,0.525464632109454));
#3242=CARTESIAN_POINT('',(0.224808098884847,2.27213094759189,0.652221353701584));
#3243=CARTESIAN_POINT('',(0.254079963480923,2.15622859439077,0.744630399790512));
#3244=CARTESIAN_POINT('',(0.283315335085827,2.03694623767072,0.832885762976424));
#3245=CARTESIAN_POINT('',(0.312781365096702,1.91038409913872,0.912152727044619));
#3246=CARTESIAN_POINT('',(0.337090806863756,1.7972338884479,0.958159018268275));
#3247=CARTESIAN_POINT('',(0.35496021709256,1.70609486727849,0.994556589983996));
#3248=CARTESIAN_POINT('',(0.36778707760733,1.6353378773748,1.01605926305536));
#3249=CARTESIAN_POINT('',(0.379626420483612,1.56230605169453,1.03306784124656));
#3250=CARTESIAN_POINT('',(0.393617377833593,1.46399028116513,1.05117921534125));
#3251=CARTESIAN_POINT('',(0.407623323048196,1.33990014777208,1.06090096572194));
#3252=CARTESIAN_POINT('',(0.419000485034682,1.19012364837462,1.06413801684016));
#3253=CARTESIAN_POINT('',(0.42451745461908,1.06387887103647,1.06607177463901));
#3254=CARTESIAN_POINT('',(0.426984186888558,0.965616203255253,1.04865128912388));
#3255=CARTESIAN_POINT('',(0.428063755809156,0.892750378414493,1.03041325872332));
#3256=CARTESIAN_POINT('',(0.428508178019033,0.819566337512902,1.01469058432034));
#3257=CARTESIAN_POINT('',(0.42839228104621,0.721454604492318,1.00802039249327));
#3258=CARTESIAN_POINT('',(0.427185486414471,0.598506388671457,1.0068758039745));
#3259=CARTESIAN_POINT('',(0.425657818548784,0.500044942211652,1.00868261468566));
#3260=CARTESIAN_POINT('',(0.424893735184913,0.450822283141698,1.00937433250154));
#3261=CARTESIAN_POINT('',(0.424893735184913,0.450822283141698,1.00937433250154));
#3262=CARTESIAN_POINT('',(0.424893735184913,0.450822283141698,1.00937433250154));
#3263=CARTESIAN_POINT('',(0.424893735184913,0.22581948716464,1.01253625925519));
#3264=CARTESIAN_POINT('',(0.424893735184914,-0.22415521820808,1.01286426492908));
#3265=CARTESIAN_POINT('',(0.424893735184913,-0.899071056930388,1.00145677470843));
#3266=CARTESIAN_POINT('',(0.424893735184914,-1.57393488992734,0.988675239664328));
#3267=CARTESIAN_POINT('',(0.424893735184914,-2.02384958131087,0.978368072077772));
#3268=CARTESIAN_POINT('',(0.424893735184914,-2.24878966489291,0.9747444993869));
#3269=CARTESIAN_POINT('',(0.424893735184913,-2.24878966489291,0.974744499386902));
#3270=CARTESIAN_POINT('',(0.449893735184913,-2.24878966489291,0.974744499386902));
#3271=CARTESIAN_POINT('',(0.449893735184913,-2.24878966489291,0.974744499386902));
#3272=CARTESIAN_POINT('',(0.449893735184913,-1.68628998819473,0.985924890969532));
#3273=CARTESIAN_POINT('',(0.449893735184913,-1.8737872458436,0.982065544520941));
#3274=CARTESIAN_POINT('',(0.449893735184913,-2.06127573754188,0.977765171983298));
#3275=CARTESIAN_POINT('',(0.449893735184913,-2.24878966489291,0.974744499386902));
#3276=CARTESIAN_POINT('',(0.424893735184913,-0.923789664892909,-0.304));
#3277=CARTESIAN_POINT('',(0.424893735184913,0.450822283141698,1.00937433250154));
#3278=CARTESIAN_POINT('',(0.424893735184913,0.450822283141694,1.12720505623649));
#3279=CARTESIAN_POINT('',(0.424893735184913,-2.24878966489291,1.1184567871424));
#3280=CARTESIAN_POINT('',(0.424893735184913,-2.13630696762019,1.11724214082944));
#3281=CARTESIAN_POINT('',(0.424893735184914,-1.91133382852267,1.11810080796918));
#3282=CARTESIAN_POINT('',(0.424893735184913,-1.46139858143217,1.11991990034946));
#3283=CARTESIAN_POINT('',(0.424893735184914,-0.89898395870518,1.12369657883458));
#3284=CARTESIAN_POINT('',(0.424893735184913,-0.224086405962573,1.12789625274461));
#3285=CARTESIAN_POINT('',(0.424893735184913,0.225847151209708,1.12993294638204));
#3286=CARTESIAN_POINT('',(0.424893735184913,0.450822283141694,1.12720505623649));
#3287=CARTESIAN_POINT('',(0.424893735184913,-2.24878966489291,1.1184567871424));
#3288=CARTESIAN_POINT('',(0.424893735184913,-2.24878966489291,-0.304));
#3289=CARTESIAN_POINT('',(0.459745793669523,-2.24878966489291,1.1184567871424));
#3290=CARTESIAN_POINT('',(0.156974305223738,-2.24878966489291,1.1184567871424));
#3291=CARTESIAN_POINT('',(0.459745793669523,-2.17755310067589,1.11768753789632));
#3292=CARTESIAN_POINT('',(0.156974305223738,-2.17755310067589,1.11768753789632));
#3293=CARTESIAN_POINT('',(0.459745793669523,-1.93682623253052,1.11765804502267));
#3294=CARTESIAN_POINT('',(0.156974305223738,-1.93682623253052,1.11765804502267));
#3295=CARTESIAN_POINT('',(0.459745793669523,-1.39344187223925,1.12043435371686));
#3296=CARTESIAN_POINT('',(0.156974305223738,-1.39344187223925,1.12043435371686));
#3297=CARTESIAN_POINT('',(0.459745793669522,-0.885387590831045,1.12374087840135));
#3298=CARTESIAN_POINT('',(0.156974305223738,-0.885387590831045,1.12374087840135));
#3299=CARTESIAN_POINT('',(0.459745793669523,-0.503947724040662,1.1261577218594));
#3300=CARTESIAN_POINT('',(0.156974305223738,-0.503947724040662,1.1261577218594));
#3301=CARTESIAN_POINT('',(0.459745793669522,-0.244208813818463,1.12765578995831));
#3302=CARTESIAN_POINT('',(0.156974305223738,-0.244208813818463,1.12765578995831));
#3303=CARTESIAN_POINT('',(0.459745793669523,-0.0280297675831741,1.12861550472088));
#3304=CARTESIAN_POINT('',(0.156974305223738,-0.0280297675831741,1.12861550472088));
#3305=CARTESIAN_POINT('',(0.459745793669522,0.205775676366672,1.12906108149218));
#3306=CARTESIAN_POINT('',(0.156974305223738,0.205775676366672,1.12906108149218));
#3307=CARTESIAN_POINT('',(0.459745793669523,0.426969202214304,1.12800263402285));
#3308=CARTESIAN_POINT('',(0.156974305223738,0.426969202214304,1.12800263402285));
#3309=CARTESIAN_POINT('',(0.459745793669523,0.665000881805228,1.12389357319481));
#3310=CARTESIAN_POINT('',(0.156974305223738,0.665000881805228,1.12389357319481));
#3311=CARTESIAN_POINT('',(0.459745793669522,0.959485316160598,1.11663760203174));
#3312=CARTESIAN_POINT('',(0.156974305223738,0.959485316160598,1.11663760203174));
#3313=CARTESIAN_POINT('',(0.459745793669523,1.20638801708335,1.10559434531235));
#3314=CARTESIAN_POINT('',(0.156974305223738,1.20638801708335,1.10559434531235));
#3315=CARTESIAN_POINT('',(0.459745793669523,1.37940443899702,1.09242822539294));
#3316=CARTESIAN_POINT('',(0.156974305223738,1.37940443899702,1.09242822539294));
#3317=CARTESIAN_POINT('',(0.459745793669522,1.52591593222525,1.0760063376811));
#3318=CARTESIAN_POINT('',(0.156974305223738,1.52591593222525,1.0760063376811));
#3319=CARTESIAN_POINT('',(0.459745793669523,1.66550627047489,1.04897692560918));
#3320=CARTESIAN_POINT('',(0.156974305223738,1.66550627047489,1.04897692560918));
#3321=CARTESIAN_POINT('',(0.459745793669523,1.79010113453297,1.00594299000285));
#3322=CARTESIAN_POINT('',(0.156974305223738,1.79010113453297,1.00594299000285));
#3323=CARTESIAN_POINT('',(0.459745793669522,1.91396367814523,0.946388810361546));
#3324=CARTESIAN_POINT('',(0.156974305223738,1.91396367814523,0.946388810361546));
#3325=CARTESIAN_POINT('',(0.459745793669523,2.04626966093558,0.869148493842349));
#3326=CARTESIAN_POINT('',(0.156974305223738,2.04626966093558,0.869148493842349));
#3327=CARTESIAN_POINT('',(0.459745793669522,2.19123500967304,0.767994796796071));
#3328=CARTESIAN_POINT('',(0.156974305223738,2.19123500967304,0.767994796796071));
#3329=CARTESIAN_POINT('',(0.459745793669523,2.32631359164382,0.66593369824945));
#3330=CARTESIAN_POINT('',(0.156974305223738,2.32631359164382,0.66593369824945));
#3331=CARTESIAN_POINT('',(0.459745793669522,2.48336626722418,0.541270553732581));
#3332=CARTESIAN_POINT('',(0.156974305223738,2.48336626722418,0.541270553732581));
#3333=CARTESIAN_POINT('',(0.459745793669523,2.59206772635351,0.452661731061675));
#3334=CARTESIAN_POINT('',(0.156974305223738,2.59206772635351,0.452661731061675));
#3335=CARTESIAN_POINT('',(0.459745793669523,2.64524423373597,0.408933235278853));
#3336=CARTESIAN_POINT('',(0.156974305223738,2.64524423373597,0.408933235278853));
#3337=CARTESIAN_POINT('',(0.457398072062082,-1.68628998878831,1.11899862985144));
#3338=CARTESIAN_POINT('',(0.457405625879707,-1.56937159111549,1.11954387769193));
#3339=CARTESIAN_POINT('',(0.457369448573133,-1.39399425017403,1.12046433456496));
#3340=CARTESIAN_POINT('',(0.457293253488786,-1.16015801811775,1.12182972297215));
#3341=CARTESIAN_POINT('',(0.457238819221874,-0.984780698951441,1.12290613046925));
#3342=CARTESIAN_POINT('',(0.457204112662957,-0.809403797112884,1.12401788377503));
#3343=CARTESIAN_POINT('',(0.457204783124584,-0.663254602396999,1.12496066196036));
#3344=CARTESIAN_POINT('',(0.457233269125826,-0.546338719919089,1.12571444708396));
#3345=CARTESIAN_POINT('',(0.457257347234622,-0.47325799783972,1.126190823268));
#3346=CARTESIAN_POINT('',(0.457284358519574,-0.41481224933264,1.12657092154547));
#3347=CARTESIAN_POINT('',(0.457309441240146,-0.370926232799197,1.12685499268928));
#3348=CARTESIAN_POINT('',(0.457334942947707,-0.334518928182155,1.12708878109918));
#3349=CARTESIAN_POINT('',(0.457356027100627,-0.308711170670218,1.12725307426807));
#3350=CARTESIAN_POINT('',(0.457368457808328,-0.294467636869338,1.12734330601349));
#3351=CARTESIAN_POINT('',(0.457379667882428,-0.282365883190926,1.12741972453273));
#3352=CARTESIAN_POINT('',(0.457385894219734,-0.275688651802673,1.12746152439512));
#3353=CARTESIAN_POINT('',(0.457395486218405,-0.264932993432046,1.12752803565181));
#3354=CARTESIAN_POINT('',(0.457410588244798,-0.247070413509181,1.1276362154063));
#3355=CARTESIAN_POINT('',(0.457430010112079,-0.221327988622324,1.12778581134368));
#3356=CARTESIAN_POINT('',(0.457449253550904,-0.191008626382413,1.12795138562776));
#3357=CARTESIAN_POINT('',(0.457470042482826,-0.151014364306288,1.12815537537628));
#3358=CARTESIAN_POINT('',(0.457486986229897,-0.101982829867324,1.12837773445635));
#3359=CARTESIAN_POINT('',(0.457497379492123,-0.0255198880737919,1.12866178025726));
#3360=CARTESIAN_POINT('',(0.457473186616348,0.0663030958353764,1.12888797849165));
#3361=CARTESIAN_POINT('',(0.457452196523013,0.170490479626079,1.12888577422745));
#3362=CARTESIAN_POINT('',(0.457449793821933,0.268675050409796,1.12859936554654));
#3363=CARTESIAN_POINT('',(0.457456411224247,0.39158421081538,1.12785351976121));
#3364=CARTESIAN_POINT('',(0.457457037851053,0.474760916024232,1.126900059288));
#3365=CARTESIAN_POINT('',(0.457431276779619,0.526209475301388,1.1261135265374));
#3366=CARTESIAN_POINT('',(0.457393735230542,-1.68628998819473,1.11899862283134));
#3367=CARTESIAN_POINT('',(0.487393735184913,-1.68628998819473,1.1190029667826));
#3368=CARTESIAN_POINT('',(0.449893735184913,-1.68628998819473,1.1190029667826));
#3369=CARTESIAN_POINT('',(0.449893735184913,-2.24878966489291,1.1184567871424));
#3370=CARTESIAN_POINT('',(0.449893735184913,-2.06128762988331,1.1164320432394));
#3371=CARTESIAN_POINT('',(0.449893735184913,-1.87378919641116,1.11811645196281));
#3372=CARTESIAN_POINT('',(0.449893735184913,-1.68628998819473,1.1190029667826));
#3373=CARTESIAN_POINT('',(0.449893735184913,-2.24878966489291,1.1184567871424));
#3374=CARTESIAN_POINT('',(0.187393735184914,-2.24878966489291,1.1184567871424));
#3375=CARTESIAN_POINT('',(0.424893735184913,0.450822283141694,1.12720505623649));
#3376=CARTESIAN_POINT('',(0.426430418501863,0.549816244514573,1.12600472511821));
#3377=CARTESIAN_POINT('',(0.429484550640793,0.747803903623764,1.12223463066147));
#3378=CARTESIAN_POINT('',(0.427303563217092,1.04432985984727,1.1135221866156));
#3379=CARTESIAN_POINT('',(0.413054006468845,1.29185764881266,1.10084351528294));
#3380=CARTESIAN_POINT('',(0.391003072833583,1.48711158887905,1.08120576416856));
#3381=CARTESIAN_POINT('',(0.369219609056803,1.63086575762575,1.05708720995243));
#3382=CARTESIAN_POINT('',(0.342633781855412,1.77122316857787,1.01486718438805));
#3383=CARTESIAN_POINT('',(0.313977697116959,1.90500167802383,0.950720833899679));
#3384=CARTESIAN_POINT('',(0.284702976927114,2.03115034152907,0.878166712242401));
#3385=CARTESIAN_POINT('',(0.255214150671861,2.15175147184966,0.796329306024576));
#3386=CARTESIAN_POINT('',(0.225532022063985,2.26905590815239,0.709748068054255));
#3387=CARTESIAN_POINT('',(0.19163883215814,2.42370155282558,0.589360339110098));
#3388=CARTESIAN_POINT('',(0.170362292433692,2.53850558436612,0.496445378647116));
#3389=CARTESIAN_POINT('',(0.158769393099899,2.61468072374482,0.434023057660946));
#3390=CARTESIAN_POINT('',(0.158769393099899,2.61468072374482,0.434023057660943));
#3391=CARTESIAN_POINT('',(0.449534257309647,0.52621001180527,1.12615106422094));
#3392=CARTESIAN_POINT('',(0.449244028459358,0.622410727608656,1.1246321967071));
#3393=CARTESIAN_POINT('',(0.452415817016127,0.814885580420094,1.12065963051608));
#3394=CARTESIAN_POINT('',(0.452119182842558,1.10328762191049,1.11099728364329));
#3395=CARTESIAN_POINT('',(0.434031712572046,1.34276207235014,1.0973153331907));
#3396=CARTESIAN_POINT('',(0.409624250538886,1.53360184764747,1.07463322402261));
#3397=CARTESIAN_POINT('',(0.387851442081436,1.6728228908122,1.04690433586906));
#3398=CARTESIAN_POINT('',(0.3643979109883,1.80594206543834,0.999614110061527));
#3399=CARTESIAN_POINT('',(0.339760177371387,1.93455086801796,0.934927533111805));
#3400=CARTESIAN_POINT('',(0.31433797896867,2.05646900283827,0.861685864059685));
#3401=CARTESIAN_POINT('',(0.28830908871746,2.17298493887336,0.781045013043721));
#3402=CARTESIAN_POINT('',(0.256420685703938,2.28554031019721,0.697061593788928));
#3403=CARTESIAN_POINT('',(0.206676508415038,2.43194771816163,0.582669762545083));
#3404=CARTESIAN_POINT('',(0.17470410951766,2.54133667651054,0.494125417777706));
#3405=CARTESIAN_POINT('',(0.158769393099899,2.61468072374482,0.434023057660946));
#3406=CARTESIAN_POINT('',(0.449534257309647,0.52621001180527,0.358830161117533));
#3407=CARTESIAN_POINT('',(0.449534257309647,0.52621001180527,1.13072753083985));
#3408=CARTESIAN_POINT('',(0.449444459874856,0.555974721604283,0.358830161117533));
#3409=CARTESIAN_POINT('',(0.449444459874856,0.555974721604283,1.13072753083985));
#3410=CARTESIAN_POINT('',(0.449395378109897,0.618034853269257,0.358830161117533));
#3411=CARTESIAN_POINT('',(0.449395378109897,0.618034853269257,1.13072753083985));
#3412=CARTESIAN_POINT('',(0.451070134029407,0.767081274976109,0.358830161117533));
#3413=CARTESIAN_POINT('',(0.451070134029407,0.767081274976109,1.13072753083985));
#3414=CARTESIAN_POINT('',(0.453231951891227,0.949012745782288,0.358830161117533));
#3415=CARTESIAN_POINT('',(0.453231951891227,0.949012745782288,1.13072753083985));
#3416=CARTESIAN_POINT('',(0.448100676168732,1.13324488178691,0.358830161117533));
#3417=CARTESIAN_POINT('',(0.448100676168732,1.13324488178691,1.13072753083985));
#3418=CARTESIAN_POINT('',(0.436402384835256,1.31827462003314,0.358830161117533));
#3419=CARTESIAN_POINT('',(0.436402384835256,1.31827462003314,1.13072753083985));
#3420=CARTESIAN_POINT('',(0.407832572210743,1.56462943225607,0.358830161117533));
#3421=CARTESIAN_POINT('',(0.407832572210743,1.56462943225607,1.13072753083985));
#3422=CARTESIAN_POINT('',(0.354553307750887,1.86339774649886,0.358830161117533));
#3423=CARTESIAN_POINT('',(0.354553307750887,1.86339774649886,1.13072753083985));
#3424=CARTESIAN_POINT('',(0.311603545275717,2.070303378271,0.358830161117533));
#3425=CARTESIAN_POINT('',(0.311603545275717,2.070303378271,1.13072753083985));
#3426=CARTESIAN_POINT('',(0.283483745024351,2.19076246189484,0.358830161117533));
#3427=CARTESIAN_POINT('',(0.283483745024351,2.19076246189484,1.13072753083985));
#3428=CARTESIAN_POINT('',(0.262001140277774,2.26615222306198,0.358830161117533));
#3429=CARTESIAN_POINT('',(0.262001140277774,2.26615222306198,1.13072753083985));
#3430=CARTESIAN_POINT('',(0.227477830652043,2.37091257622554,0.358830161117533));
#3431=CARTESIAN_POINT('',(0.227477830652043,2.37091257622554,1.13072753083985));
#3432=CARTESIAN_POINT('',(0.18016489620251,2.51620185854142,0.358830161117533));
#3433=CARTESIAN_POINT('',(0.18016489620251,2.51620185854142,1.13072753083985));
#3434=CARTESIAN_POINT('',(0.158769393099898,2.61468072374482,0.358830161117533));
#3435=CARTESIAN_POINT('',(0.158769393099898,2.61468072374482,1.13072753083985));
#3436=CARTESIAN_POINT('',(0.158769393099899,2.61468072374482,0.434023057660943));
#3437=CARTESIAN_POINT('',(0.424893735184913,0.450822283141695,0.358823837165439));
#3438=CARTESIAN_POINT('',(0.424893735184913,0.450822283141695,1.13178784680749));
#3439=CARTESIAN_POINT('',(0.426456606128572,0.551503265437102,0.358823837165439));
#3440=CARTESIAN_POINT('',(0.426456606128572,0.551503265437102,1.13178784680749));
#3441=CARTESIAN_POINT('',(0.429593531360707,0.753253248016956,0.358823837165439));
#3442=CARTESIAN_POINT('',(0.429593531360707,0.753253248016956,1.13178784680749));
#3443=CARTESIAN_POINT('',(0.42699568617851,1.05299203863337,0.358823837165439));
#3444=CARTESIAN_POINT('',(0.42699568617851,1.05299203863337,1.13178784680749));
#3445=CARTESIAN_POINT('',(0.409867573765006,1.34577086344532,0.35882383716544));
#3446=CARTESIAN_POINT('',(0.409867573765006,1.34577086344532,1.13178784680749));
#3447=CARTESIAN_POINT('',(0.369372924214149,1.64938554168382,0.35882383716544));
#3448=CARTESIAN_POINT('',(0.369372924214149,1.64938554168382,1.13178784680749));
#3449=CARTESIAN_POINT('',(0.311652941743115,1.91780062354198,0.358823837165439));
#3450=CARTESIAN_POINT('',(0.311652941743115,1.91780062354198,1.13178784680749));
#3451=CARTESIAN_POINT('',(0.274460045456566,2.07316284255526,0.35882383716544));
#3452=CARTESIAN_POINT('',(0.274460045456566,2.07316284255526,1.13178784680749));
#3453=CARTESIAN_POINT('',(0.256118786546882,2.14751867013992,0.358823837165439));
#3454=CARTESIAN_POINT('',(0.256118786546882,2.14751867013992,1.13178784680749));
#3455=CARTESIAN_POINT('',(0.240603726283606,2.2097293367101,0.35882383716544));
#3456=CARTESIAN_POINT('',(0.240603726283606,2.2097293367101,1.13178784680749));
#3457=CARTESIAN_POINT('',(0.225295104082345,2.27162357920444,0.358823837165439));
#3458=CARTESIAN_POINT('',(0.225295104082345,2.27162357920444,1.13178784680749));
#3459=CARTESIAN_POINT('',(0.206658667409943,2.35435276419094,0.35882383716544));
#3460=CARTESIAN_POINT('',(0.206658667409943,2.35435276419094,1.13178784680749));
#3461=CARTESIAN_POINT('',(0.182077969728568,2.47496695746851,0.358823837165439));
#3462=CARTESIAN_POINT('',(0.182077969728568,2.47496695746851,1.13178784680749));
#3463=CARTESIAN_POINT('',(0.165900185288693,2.56782539677079,0.358823837165439));
#3464=CARTESIAN_POINT('',(0.165900185288693,2.56782539677079,1.13178784680749));
#3465=CARTESIAN_POINT('',(0.158769393099898,2.61468072374482,0.358823837165439));
#3466=CARTESIAN_POINT('',(0.158769393099898,2.61468072374482,1.13178784680749));
#3467=CARTESIAN_POINT('',(0.437393735184913,-2.24878966489291,-0.304));
#3468=CARTESIAN_POINT('',(0.449893735184913,-2.24878966489291,-0.304));
#3469=CARTESIAN_POINT('',(0.449893735184913,-0.923789664892909,-0.304));
#3470=CARTESIAN_POINT('',(0.449893735184913,-1.68628998819473,-0.304));
#3471=CARTESIAN_POINT('',(0.487393735184913,-0.861289826543821,0.854673206158488));
#3472=CARTESIAN_POINT('',(0.487393735184913,-1.68628998819473,0.854673206158488));
#3473=CARTESIAN_POINT('',(0.487393735184913,-1.68628998819473,1.61717320615849));
#3474=CARTESIAN_POINT('',(0.487393735184913,-1.68628998819473,1.14899459906156));
#3475=CARTESIAN_POINT('',(0.487393735184913,-1.68628998819473,1.14899459906156));
#3476=CARTESIAN_POINT('',(0.487393735184913,-1.65055328659163,1.14915893639255));
#3477=CARTESIAN_POINT('',(0.487393735184913,-1.57455508001113,1.14953117189191));
#3478=CARTESIAN_POINT('',(0.487393735184913,-1.46824555557319,1.15010536680039));
#3479=CARTESIAN_POINT('',(0.487393735184914,-1.3764104402932,1.15063006585416));
#3480=CARTESIAN_POINT('',(0.487393735184913,-1.30414144597403,1.15105625469195));
#3481=CARTESIAN_POINT('',(0.487393735184913,-1.24108637525074,1.15143865628956));
#3482=CARTESIAN_POINT('',(0.487393735184913,-1.18895209377408,1.15176087055156));
#3483=CARTESIAN_POINT('',(0.487393735184913,-1.14898505144119,1.15201081431893));
#3484=CARTESIAN_POINT('',(0.487393735184913,-1.11502924107046,1.15222553990234));
#3485=CARTESIAN_POINT('',(0.487393735184913,-1.08731243487926,1.15240222782226));
#3486=CARTESIAN_POINT('',(0.487393735184913,-1.07182489460273,1.15250145826319));
#3487=CARTESIAN_POINT('',(0.487393735184913,-1.06101651878803,1.15257093452857));
#3488=CARTESIAN_POINT('',(0.487393735184913,-1.05478889186227,1.15261101361299));
#3489=CARTESIAN_POINT('',(0.487393735184913,-1.03971251307756,1.15270815362875));
#3490=CARTESIAN_POINT('',(0.487393735184913,-1.02368419610448,1.15281140111649));
#3491=CARTESIAN_POINT('',(0.487393735184914,-0.991314375032986,1.15301992283715));
#3492=CARTESIAN_POINT('',(0.487393735184913,-0.945372811179148,1.15331584938044));
#3493=CARTESIAN_POINT('',(0.487393735184914,-0.888660729123283,1.15368111835704));
#3494=CARTESIAN_POINT('',(0.487393735184913,-0.819468709612185,1.15412671210985));
#3495=CARTESIAN_POINT('',(0.487393735184913,-0.744855097358489,1.15460710978974));
#3496=CARTESIAN_POINT('',(0.487393735184914,-0.686121151593574,1.15498509445024));
#3497=CARTESIAN_POINT('',(0.487393735184913,-0.648654007620737,1.15522608463365));
#3498=CARTESIAN_POINT('',(0.487393735184913,-0.625315068270788,1.15537611941749));
#3499=CARTESIAN_POINT('',(0.487393735184913,-0.606736619042731,1.15549545218846));
#3500=CARTESIAN_POINT('',(0.487393735184913,-0.595223571221775,1.15556929925177));
#3501=CARTESIAN_POINT('',(0.487393735184913,-0.588390389698323,1.15561304439876));
#3502=CARTESIAN_POINT('',(0.487393735184913,-0.585118941236718,1.15563394226845));
#3503=CARTESIAN_POINT('',(0.487393735184914,-0.5830799436768,1.1556469274983));
#3504=CARTESIAN_POINT('',(0.487393735184913,-0.581894716411947,1.15565445955795));
#3505=CARTESIAN_POINT('',(0.487393735184914,-0.581007211574554,1.1556600525005));
#3506=CARTESIAN_POINT('',(0.487393735184913,-0.580806167724629,1.15566133138852));
#3507=CARTESIAN_POINT('',(0.487393735184914,-0.580275630770617,1.15566462749433));
#3508=CARTESIAN_POINT('',(0.487393735184913,-0.581172012357741,1.15565907734213));
#3509=CARTESIAN_POINT('',(0.487393735184913,-0.577210670716672,1.15568361380277));
#3510=CARTESIAN_POINT('',(0.487393735184913,-0.573633576161855,1.15570574264222));
#3511=CARTESIAN_POINT('',(0.487393735184913,-0.566604563608983,1.15574917539217));
#3512=CARTESIAN_POINT('',(0.487393735184913,-0.557037406544108,1.15580811490602));
#3513=CARTESIAN_POINT('',(0.487393735184913,-0.545477576723891,1.15587906444015));
#3514=CARTESIAN_POINT('',(0.487393735184913,-0.530256449814556,1.15597211552703));
#3515=CARTESIAN_POINT('',(0.487393735184913,-0.511453004080428,1.15608637532216));
#3516=CARTESIAN_POINT('',(0.487393735184913,-0.481900098780358,1.15626445604929));
#3517=CARTESIAN_POINT('',(0.487393735184913,-0.445931380201208,1.15647834146214));
#3518=CARTESIAN_POINT('',(0.487393735184913,-0.404333011932059,1.15672100815081));
#3519=CARTESIAN_POINT('',(0.487393735184913,-0.364296524630263,1.15694969271945));
#3520=CARTESIAN_POINT('',(0.487393735184913,-0.312997874959772,1.15723595767251));
#3521=CARTESIAN_POINT('',(0.487393735184914,-0.252780154824439,1.15755882735063));
#3522=CARTESIAN_POINT('',(0.487393735184913,-0.186769403023363,1.15789032751335));
#3523=CARTESIAN_POINT('',(0.487393735184913,-0.136965005861593,1.15811997070096));
#3524=CARTESIAN_POINT('',(0.487393735184913,-0.100253517425962,1.15827569337031));
#3525=CARTESIAN_POINT('',(0.487393735184913,-0.0785941300132196,1.15836141553861));
#3526=CARTESIAN_POINT('',(0.487393735184914,-0.0620859688688014,1.15842288697319));
#3527=CARTESIAN_POINT('',(0.487393735184913,-0.0499909201665108,1.15846580584658));
#3528=CARTESIAN_POINT('',(0.487393735184913,-0.0405696849721534,1.15849766692861));
#3529=CARTESIAN_POINT('',(0.487393735184913,-0.0324822925435549,1.15852363052781));
#3530=CARTESIAN_POINT('',(0.487393735184913,-0.0285520013641796,1.15853615523826));
#3531=CARTESIAN_POINT('',(0.487393735184913,-0.0169417821245771,1.15857099015393));
#3532=CARTESIAN_POINT('',(0.487393735184913,-0.00421565048685401,1.15860600385064));
#3533=CARTESIAN_POINT('',(0.487393735184913,0.0125113492603507,1.15864729645523));
#3534=CARTESIAN_POINT('',(0.487393735184913,0.0320177213043945,1.15868694002376));
#3535=CARTESIAN_POINT('',(0.487393735184913,0.0579380769235895,1.15872870046003));
#3536=CARTESIAN_POINT('',(0.487393735184913,0.0898664448256326,1.15875912057278));
#3537=CARTESIAN_POINT('',(0.487393735184913,0.140072286248556,1.1587617320507));
#3538=CARTESIAN_POINT('',(0.487393735184914,0.201121702467878,1.15867844644397));
#3539=CARTESIAN_POINT('',(0.487393735184913,0.271666818006705,1.15844008220565));
#3540=CARTESIAN_POINT('',(0.487393735184914,0.339492812218341,1.15806328080986));
#3541=CARTESIAN_POINT('',(0.487393735184913,0.426303731585274,1.15737630163563));
#3542=CARTESIAN_POINT('',(0.487393735184913,0.487334720340535,1.15665341621292));
#3543=CARTESIAN_POINT('',(0.487393735184913,0.526210011806325,1.15607920341961));
#3544=CARTESIAN_POINT('',(0.487393735184913,-0.861289826543821,1.61717320615849));
#3545=CARTESIAN_POINT('',(0.437393735184913,-0.58003998819473,1.61717320615849));
#3546=CARTESIAN_POINT('',(1.46989373518491,-0.58003998819473,1.61717320615849));
#3547=CARTESIAN_POINT('',(1.46989373518491,-1.68628998819473,1.61717320615849));
#3548=CARTESIAN_POINT('',(0.437393735184913,-1.68628998819473,1.61717320615849));
#3549=CARTESIAN_POINT('',(0.437393735184913,-1.68628998819473,0.854673206158488));
#3550=CARTESIAN_POINT('',(1.46989373518491,-1.68628998819473,0.0921732061584876));
#3551=CARTESIAN_POINT('',(1.46989373518491,-1.68628998819473,0.0921732061584878));
#3552=CARTESIAN_POINT('',(0.437393735184913,-1.68628998819473,0.0921732061584878));
#3553=CARTESIAN_POINT('',(0.487393735184913,-1.68628998819473,0.0921732061584876));
#3554=CARTESIAN_POINT('',(0.487393735184913,-1.68628998819473,0.854673206158488));
#3555=CARTESIAN_POINT('',(0.487393735184913,-1.68628998819473,0.955919277989667));
#3556=CARTESIAN_POINT('',(0.487393735184913,-1.68628998819473,0.955919277989667));
#3557=CARTESIAN_POINT('',(0.477393798473387,-1.68628998819473,0.965921338696047));
#3558=CARTESIAN_POINT('',(0.467393861745872,-1.68628998819473,0.97592339938644));
#3559=CARTESIAN_POINT('',(0.457393925002277,-1.68628998819473,0.985925460060759));
#3560=CARTESIAN_POINT('',(0.457395907229129,-1.68628998819473,1.11899645085594));
#3561=CARTESIAN_POINT('',(0.467395183223286,-1.68628998819473,1.12899583358225));
#3562=CARTESIAN_POINT('',(0.477394459208549,-1.68628998819473,1.13899521631745));
#3563=CARTESIAN_POINT('',(0.487393735184914,-1.68628998819473,1.14899459906156));
#3564=CARTESIAN_POINT('',(0.437393735184913,-0.58003998819473,0.0921732061584876));
#3565=CARTESIAN_POINT('',(1.46989373518491,0.52621001180527,0.0921732061584876));
#3566=CARTESIAN_POINT('',(0.487393735184913,-0.861289826543821,0.0921732061584876));
#3567=CARTESIAN_POINT('',(0.487393735184913,-0.861289826543821,0.854673206158488));
#3568=CARTESIAN_POINT('',(0.487393735184913,0.526210011773756,0.978300882970167));
#3569=CARTESIAN_POINT('',(0.487393735184913,0.492947122812414,0.978759526467216));
#3570=CARTESIAN_POINT('',(0.487393735184913,0.431531627707886,0.979586023654893));
#3571=CARTESIAN_POINT('',(0.487393735184913,0.367554157227338,0.980392050651045));
#3572=CARTESIAN_POINT('',(0.487393735184914,0.324018175444468,0.980900831505212));
#3573=CARTESIAN_POINT('',(0.487393735184913,0.295262047504346,0.981213856898678));
#3574=CARTESIAN_POINT('',(0.487393735184913,0.274298238058931,0.981419407432971));
#3575=CARTESIAN_POINT('',(0.487393735184913,0.261685028867458,0.981530652307517));
#3576=CARTESIAN_POINT('',(0.487393735184913,0.254357287255606,0.981590149741205));
#3577=CARTESIAN_POINT('',(0.487393735184913,0.250789885047268,0.981618003173586));
#3578=CARTESIAN_POINT('',(0.487393735184913,0.241006837806355,0.981689431578511));
#3579=CARTESIAN_POINT('',(0.487393735184913,0.230113374367502,0.981764629686731));
#3580=CARTESIAN_POINT('',(0.487393735184913,0.210004893551225,0.981893704441466));
#3581=CARTESIAN_POINT('',(0.487393735184913,0.181702237745561,0.982045376085349));
#3582=CARTESIAN_POINT('',(0.487393735184913,0.147344722367708,0.982183028118851));
#3583=CARTESIAN_POINT('',(0.487393735184913,0.112888209668986,0.982274211285533));
#3584=CARTESIAN_POINT('',(0.487393735184913,0.0782236962764229,0.9823193858546));
#3585=CARTESIAN_POINT('',(0.487393735184913,0.0434918645917163,0.982318825676886));
#3586=CARTESIAN_POINT('',(0.487393735184913,0.0141144677494931,0.982278950179363));
#3587=CARTESIAN_POINT('',(0.487393735184913,-0.00881086072048019,0.982226378991332));
#3588=CARTESIAN_POINT('',(0.487393735184913,-0.0278484712170367,0.982169018928484));
#3589=CARTESIAN_POINT('',(0.487393735184913,-0.040049499236283,0.982124661446925));
#3590=CARTESIAN_POINT('',(0.487393735184913,-0.0590924538917296,0.982046880796908));
#3591=CARTESIAN_POINT('',(0.487393735184913,-0.0920807987670839,0.981884898920068));
#3592=CARTESIAN_POINT('',(0.487393735184913,-0.142127644992732,0.981567845202435));
#3593=CARTESIAN_POINT('',(0.487393735184913,-0.205637881216874,0.981054031560948));
#3594=CARTESIAN_POINT('',(0.487393735184913,-0.272929947246664,0.980405861838988));
#3595=CARTESIAN_POINT('',(0.487393735184913,-0.343911608936977,0.979623671159173));
#3596=CARTESIAN_POINT('',(0.487393735184914,-0.406171929669519,0.978859883469175));
#3597=CARTESIAN_POINT('',(0.487393735184913,-0.457809409866054,0.978182175662434));
#3598=CARTESIAN_POINT('',(0.487393735184913,-0.497536088451261,0.97763930712317));
#3599=CARTESIAN_POINT('',(0.487393735184913,-0.531190694232803,0.977162325798103));
#3600=CARTESIAN_POINT('',(0.487393735184913,-0.555594943556456,0.976807187427255));
#3601=CARTESIAN_POINT('',(0.487393735184913,-0.568969137858503,0.976610334783389));
#3602=CARTESIAN_POINT('',(0.487393735184914,-0.58099331020869,0.976431654067133));
#3603=CARTESIAN_POINT('',(0.487393735184913,-0.585676904946464,0.976361521586843));
#3604=CARTESIAN_POINT('',(0.487393735184913,-0.594546005725274,0.976228368215956));
#3605=CARTESIAN_POINT('',(0.487393735184913,-0.609000605915295,0.976009458078805));
#3606=CARTESIAN_POINT('',(0.487393735184914,-0.630656427792021,0.97567683141497));
#3607=CARTESIAN_POINT('',(0.487393735184913,-0.656982218273381,0.975264729582945));
#3608=CARTESIAN_POINT('',(0.487393735184913,-0.692986542464749,0.974691286605672));
#3609=CARTESIAN_POINT('',(0.487393735184913,-0.739477656592729,0.973932620539482));
#3610=CARTESIAN_POINT('',(0.487393735184913,-0.797709380856264,0.972954272185048));
#3611=CARTESIAN_POINT('',(0.487393735184913,-0.858366015391779,0.97190823437407));
#3612=CARTESIAN_POINT('',(0.487393735184913,-0.942480948553754,0.970423172483781));
#3613=CARTESIAN_POINT('',(0.487393735184913,-1.05369567030123,0.968397491059852));
#3614=CARTESIAN_POINT('',(0.487393735184913,-1.19686792151177,0.965695693533969));
#3615=CARTESIAN_POINT('',(0.487393735184913,-1.40071671780467,0.961731995145708));
#3616=CARTESIAN_POINT('',(0.487393735184913,-1.56817492370222,0.958352755624597));
#3617=CARTESIAN_POINT('',(0.487393735184913,-1.68628998819474,0.955919277989667));
#3618=CARTESIAN_POINT('',(0.526520660179193,0.0762100118052703,0.665864240316045));
#3619=CARTESIAN_POINT('',(0.526520660179193,0.0762100118052703,0.265864240316046));
#3620=CARTESIAN_POINT('',(0.526520660179193,0.54621001180527,0.265864240316046));
#3621=CARTESIAN_POINT('',(0.526520660179193,0.54621001180527,1.06586424031605));
#3622=CARTESIAN_POINT('',(0.526520660179193,0.54621001180527,1.06586424031605));
#3623=CARTESIAN_POINT('',(0.526520660179193,0.0762100118052703,1.06586424031605));
#3624=CARTESIAN_POINT('',(0.751520660179193,0.0762100118052703,1.06586424031605));
#3625=CARTESIAN_POINT('',(0.751520660179193,0.54621001180527,1.06586424031605));
#3626=CARTESIAN_POINT('',(0.976520660179193,0.54621001180527,1.06586424031605));
#3627=CARTESIAN_POINT('',(0.976520660179193,0.0762100118052703,1.06586424031605));
#3628=CARTESIAN_POINT('',(0.976520660179193,0.0762100118052703,0.665864240316045));
#3629=CARTESIAN_POINT('',(0.976520660179193,0.54621001180527,0.665864240316045));
#3630=CARTESIAN_POINT('',(0.976520660179193,0.54621001180527,0.265864240316046));
#3631=CARTESIAN_POINT('',(0.976520660179193,0.0762100118052703,0.265864240316045));
#3632=CARTESIAN_POINT('',(0.751520660179193,0.0762100118052703,0.265864240316045));
#3633=CARTESIAN_POINT('',(0.526520660179193,0.54621001180527,0.265864240316046));
#3634=CARTESIAN_POINT('',(0.468643735184913,-1.73628998819473,-0.0651400528583874));
#3635=CARTESIAN_POINT('',(0.467393735184913,-1.73628998819473,-0.0651400528583874));
#3636=CARTESIAN_POINT('',(0.467393735184913,-1.76374196163631,0.0715862030618368));
#3637=CARTESIAN_POINT('',(0.499893735184913,-1.76374196163631,0.0715862030618368));
#3638=CARTESIAN_POINT('',(0.469893735184913,-1.76374196163631,0.0715862030618368));
#3639=CARTESIAN_POINT('',(0.469893735184913,-1.93624802887985,0.93076336742576));
#3640=CARTESIAN_POINT('',(0.4684361855208,0.775675316382642,0.961952506311116));
#3641=CARTESIAN_POINT('',(0.471203089414994,0.775675316382641,0.961952506311112));
#3642=CARTESIAN_POINT('',(0.47013584050319,0.680133579440154,0.475962924473482));
#3643=CARTESIAN_POINT('',(0.469565529662414,0.6217887810714,0.179182008938105));
#3644=CARTESIAN_POINT('',(0.469492156892665,0.600640921276379,0.0716097597049796));
#3645=CARTESIAN_POINT('',(0.469492156892665,0.60064092127638,0.0716097597049795));
#3646=CARTESIAN_POINT('',(0.437393735184913,0.60064092127638,0.0716097597049795));
#3647=CARTESIAN_POINT('',(0.467393735184913,0.60064092127638,0.0716097597049795));
#3648=CARTESIAN_POINT('',(0.467393735184913,0.775675316382642,0.961952506311116));
#3649=CARTESIAN_POINT('',(0.437393735184913,-1.70628998819473,1.66717320615849));
#3650=CARTESIAN_POINT('',(1.46989373518491,-1.73628998819473,1.63717320615849));
#3651=CARTESIAN_POINT('',(0.729060455735216,-1.44462326764443,1.92883992670879));
#3652=CARTESIAN_POINT('',(1.46989373518491,-1.73628998819473,1.63717320615849));
#3653=CARTESIAN_POINT('',(1.48489373518491,-1.70628998819473,1.65217320615849));
#3654=CARTESIAN_POINT('',(1.49489373518491,-1.70628998819473,1.64217320615849));
#3655=CARTESIAN_POINT('',(1.46989373518491,-1.73628998819473,1.63717320615849));
#3656=CARTESIAN_POINT('',(1.49489373518491,-1.71128998819473,1.63717320615849));
#3657=CARTESIAN_POINT('',(1.74739373518491,-1.96378998819473,1.13217320615849));
#3658=CARTESIAN_POINT('',(1.49322706851825,-1.70962332152806,1.64050653949182));
#3659=CARTESIAN_POINT('',(1.77822712240189,-1.13962321376079,1.92550659337546));
#3660=CARTESIAN_POINT('',(0.437393735184913,-0.861289826543821,1.63717320615849));
#3661=CARTESIAN_POINT('',(0.437393735184913,0.57621001180527,1.63717320615849));
#3662=CARTESIAN_POINT('',(1.49989373518491,-1.70628998819473,0.854673206158488));
#3663=CARTESIAN_POINT('',(1.49489373518491,-1.71128998819473,0.854673206158488));
#3664=CARTESIAN_POINT('',(1.49489373518491,-1.71128998819473,0.0671732061584878));
#3665=CARTESIAN_POINT('',(1.08863039427425,-2.1175533291054,0.361420236777525));
#3666=CARTESIAN_POINT('',(1.85531040185158,-1.35087332152806,-0.293243460508179));
#3667=CARTESIAN_POINT('',(1.46989373518491,-1.68628998819473,0.854673206158488));
#3668=CARTESIAN_POINT('',(1.21572706851825,-1.43212332152806,0.346339872825156));
#3669=CARTESIAN_POINT('',(1.21489368130128,-1.43128993431109,1.36217315227485));
#3670=CARTESIAN_POINT('',(1.49989373518491,-0.861289826543821,1.64717320615849));
#3671=CARTESIAN_POINT('',(1.49489373518491,-0.861289826543821,1.64217320615849));
#3672=CARTESIAN_POINT('',(1.49489373518491,0.54621001180527,1.64217320615849));
#3673=CARTESIAN_POINT('',(1.23572706851825,0.292043345138604,1.38300653949182));
#3674=CARTESIAN_POINT('',(1.49322706851825,0.549543345138603,1.64050653949182));
#3675=CARTESIAN_POINT('',(1.96572701463461,-0.39545654709412,2.11300648560819));
#3676=CARTESIAN_POINT('',(1.46989373518491,-0.58003998819473,1.66717320615849));
#3677=CARTESIAN_POINT('',(1.49989373518491,0.54621001180527,1.63717320615849));
#3678=CARTESIAN_POINT('',(0.437393735184913,0.57621001180527,1.63717320615849));
#3679=CARTESIAN_POINT('',(1.46989373518491,0.56121001180527,1.65217320615849));
#3680=CARTESIAN_POINT('',(0.437393735184913,-1.72783640381646,0.0421732061584876));
#3681=CARTESIAN_POINT('',(0.437812552230202,-1.72763109274219,0.0420050201071251));
#3682=CARTESIAN_POINT('',(0.452687236733239,-1.74578918272639,0.0568797046101624));
#3683=CARTESIAN_POINT('',(0.458798241277528,-1.73832924834012,0.0507687000658744));
#3684=CARTESIAN_POINT('',(0.481567639165903,-1.74949118549982,0.0599122990808472));
#3685=CARTESIAN_POINT('',(1.46989373518491,-0.58003998819473,0.0921732061584876));
#3686=CARTESIAN_POINT('',(1.23572706851825,0.292043345138603,0.326339872825154));
#3687=CARTESIAN_POINT('',(1.49489373518491,0.55121001180527,0.0671732061584876));
#3688=CARTESIAN_POINT('',(1.85531040185158,0.190793345138602,-0.29324346050818));
#3689=CARTESIAN_POINT('',(1.49989373518491,0.55621001180527,0.854673206158488));
#3690=CARTESIAN_POINT('',(1.75739373518491,0.813710011805272,1.11217320615849));
#3691=CARTESIAN_POINT('',(1.49489373518491,0.55121001180527,1.63717320615849));
#3692=CARTESIAN_POINT('',(1.49489373518491,0.55121001180527,0.854673206158488));
#3693=CARTESIAN_POINT('',(1.49989373518491,0.54621001180527,1.63717320615849));
#3694=CARTESIAN_POINT('',(1.49989373518491,0.54621001180527,1.63717320615849));
#3695=CARTESIAN_POINT('',(0.467393735184913,-0.58003998819473,0.0421732061584876));
#3696=CARTESIAN_POINT('',(0.1063339954579,0.297864635397201,0.403232945885502));
#3697=CARTESIAN_POINT('',(0.452675458411668,0.582747423596039,0.0568914829317336));
#3698=CARTESIAN_POINT('',(0.867590013088862,0.0783220254304925,-0.35802307174546));
#3699=CARTESIAN_POINT('',(0.106178774207033,-1.46193751869141,0.403388167136368));
#3700=CARTESIAN_POINT('',(1.46989373518491,0.57621001180527,0.854673206158488));
#3701=CARTESIAN_POINT('',(1.22307281020263,0.823030936787551,0.254536421578158));
#3702=CARTESIAN_POINT('',(0.437393735184913,0.564853925915701,0.0421732061584876));
#3703=CARTESIAN_POINT('',(0.469492156892665,0.600640921276379,0.0716097597049796));
#3704=CARTESIAN_POINT('',(0.476184911818435,0.59249728478601,0.0649112204955291));
#3705=CARTESIAN_POINT('',(0.482877666744205,0.58435364829564,0.0582126812860785));
#3706=CARTESIAN_POINT('',(0.489570421669975,0.576210011805271,0.051514142076628));
#3707=CARTESIAN_POINT('',(0.437795178968511,0.564656973891839,0.0420112034885766));
#3708=CARTESIAN_POINT('',(0.496520660179193,0.57621001180527,0.854673206158488));
#3709=CARTESIAN_POINT('',(0.476811685181099,0.595918986803364,0.216155265317953));
#3710=CARTESIAN_POINT('',(0.576917671565045,0.495813000419417,1.01546722893019));
#3711=CARTESIAN_POINT('',(0.751520660179193,0.54621001180527,1.06586424031605));
#3712=CARTESIAN_POINT('',(0.84318732684586,0.412876678471937,0.932530906982713));
#3713=CARTESIAN_POINT('',(0.437393735184913,0.57621001180527,0.235864240316046));
#3714=CARTESIAN_POINT('',(0.84318732684586,0.412876678471937,0.399197573649379));
#3715=CARTESIAN_POINT('',(0.976520660179193,0.54621001180527,0.665864240316045));
#3716=CARTESIAN_POINT('',(0.488253807571837,0.539646885968172,1.15673674395566));
#3717=CARTESIAN_POINT('',(0.447863455836886,0.539434474256252,1.11634501123285));
#3718=CARTESIAN_POINT('',(0.486361511105941,0.166472004701807,1.16059142472136));
#3719=CARTESIAN_POINT('',(0.44597115937099,0.166259592989886,1.12019969199855));
#3720=CARTESIAN_POINT('',(0.49153193259591,-0.579941607321002,1.15934641377289));
#3721=CARTESIAN_POINT('',(0.451141580860959,-0.580154019032922,1.11895468105008));
#3722=CARTESIAN_POINT('',(0.495785671949218,-1.32631739991594,1.15901785473535));
#3723=CARTESIAN_POINT('',(0.455395320214267,-1.32652981162786,1.11862612201254));
#3724=CARTESIAN_POINT('',(0.497612774130142,-1.69951229608755,1.15915336927418));
#3725=CARTESIAN_POINT('',(0.457222422395191,-1.69972470779947,1.11876163655137));
#3726=CARTESIAN_POINT('',(0.487393735184913,0.539518665246218,0.978122171379033));
#3727=CARTESIAN_POINT('',(0.487393735184913,0.521213125360174,0.97836042365893));
#3728=CARTESIAN_POINT('',(0.487393735184913,0.502927049300239,0.978633589270132));
#3729=CARTESIAN_POINT('',(0.487393735184913,0.433893119147722,0.979611125415073));
#3730=CARTESIAN_POINT('',(0.487393735184913,0.383306928259128,0.980322224333898));
#3731=CARTESIAN_POINT('',(0.487393735184913,0.23134911859422,0.981963351170711));
#3732=CARTESIAN_POINT('',(0.487393735184913,0.129949729283703,0.982431671421423));
#3733=CARTESIAN_POINT('',(0.487393735184913,-0.174157818152663,0.982033803997915));
#3734=CARTESIAN_POINT('',(0.487393735184913,-0.376929242090387,0.979473107350848));
#3735=CARTESIAN_POINT('',(0.487393735184913,-0.953003161110365,0.970886662556322));
#3736=CARTESIAN_POINT('',(0.487393735184913,-1.32626935816512,0.963340331634017));
#3737=CARTESIAN_POINT('',(0.487393735184913,-1.69956945045576,0.955645618102955));
#3738=CARTESIAN_POINT('',(0.457393735184935,0.53989899799988,1.00812033120592));
#3739=CARTESIAN_POINT('',(0.457393735184925,0.521624435538247,1.00835798545179));
#3740=CARTESIAN_POINT('',(0.457393735184913,0.503348240099234,1.00863063263941));
#3741=CARTESIAN_POINT('',(0.457393735184913,0.43432780873765,1.00960797765003));
#3742=CARTESIAN_POINT('',(0.457393735185002,0.383687608825643,1.01031986253802));
#3743=CARTESIAN_POINT('',(0.457393735184738,0.231559690413981,1.01196282653352));
#3744=CARTESIAN_POINT('',(0.457393735184561,0.130023734906098,1.01243179391949));
#3745=CARTESIAN_POINT('',(0.457393735185618,-0.174423577338604,1.01203348197632));
#3746=CARTESIAN_POINT('',(0.457393735184913,-0.377310473023058,1.00947075731245));
#3747=CARTESIAN_POINT('',(0.457393735184913,-0.953571470518048,1.00088152408957));
#3748=CARTESIAN_POINT('',(0.457393735183126,-1.32686923896798,0.993334375080607));
#3749=CARTESIAN_POINT('',(0.457393735184485,-1.70018490082145,0.985639309065821));
#3750=CARTESIAN_POINT('',(0.437393735184913,-1.85049425514138,0.656060192736986));
#3751=CARTESIAN_POINT('',(0.499893735184913,-1.62929203957797,-0.445651157800498));
#3752=CARTESIAN_POINT('',(0.469893735184913,-2.29878966489291,-0.304));
#3753=CARTESIAN_POINT('',(0.499893735193422,-2.2687896648844,1.13870932175317));
#3754=CARTESIAN_POINT('',(0.489894275478369,-2.27878912459945,1.14893453254876));
#3755=CARTESIAN_POINT('',(0.479894815763315,-2.28878858431451,1.15915974334434));
#3756=CARTESIAN_POINT('',(0.469895356048262,-2.29878804402956,1.16938495413992));
#3757=CARTESIAN_POINT('',(0.469726609734836,-1.73245788160262,1.16895806707873));
#3758=CARTESIAN_POINT('',(0.504191577247058,-1.73297682691151,1.13449034282585));
#3759=CARTESIAN_POINT('',(0.468798992568358,-1.8273997340937,1.16945996657562));
#3760=CARTESIAN_POINT('',(0.50326396008058,-1.8279186794026,1.13499224232274));
#3761=CARTESIAN_POINT('',(0.46741063111272,-1.96981375823936,1.17021589862081));
#3762=CARTESIAN_POINT('',(0.501875598624942,-1.97033270354826,1.13574817436792));
#3763=CARTESIAN_POINT('',(0.466089734848323,-2.15969597439543,1.17175397053087));
#3764=CARTESIAN_POINT('',(0.500554702360545,-2.16021491970433,1.13728624627799));
#3765=CARTESIAN_POINT('',(0.465380450304736,-2.25464305060283,1.17247426383649));
#3766=CARTESIAN_POINT('',(0.499845417816958,-2.25516199591172,1.13800653958361));
#3767=CARTESIAN_POINT('',(0.465789198859063,-2.3021039247792,1.17359754959134));
#3768=CARTESIAN_POINT('',(0.500254166371285,-2.30262287008809,1.13912982533846));
#3769=CARTESIAN_POINT('',(0.499475028277067,0.558481173917355,1.15562271124462));
#3770=CARTESIAN_POINT('',(0.499474834219777,0.558825170529176,1.17561955859616));
#3771=CARTESIAN_POINT('',(0.479475031459443,0.558813891466537,1.17561975262477));
#3772=CARTESIAN_POINT('',(0.499406641421945,0.679707469937722,1.15353379210634));
#3773=CARTESIAN_POINT('',(0.499409900595421,0.680165763987915,1.17353213269835));
#3774=CARTESIAN_POINT('',(0.479406529212335,0.68034843357573,1.17352904886159));
#3775=CARTESIAN_POINT('',(0.505505724101195,0.922272407780865,1.14803104700283));
#3776=CARTESIAN_POINT('',(0.505511510585591,0.922858599139676,1.16803022869846));
#3777=CARTESIAN_POINT('',(0.48549474816726,0.923190966834562,1.16802106131508));
#3778=CARTESIAN_POINT('',(0.49535785430309,1.22795495590225,1.1354800803239));
#3779=CARTESIAN_POINT('',(0.495340037701256,1.22859132180962,1.15543925630976));
#3780=CARTESIAN_POINT('',(0.47538857193747,1.22757359934323,1.15546140690655));
#3781=CARTESIAN_POINT('',(0.469265161530985,1.46888280440964,1.11470842640809));
#3782=CARTESIAN_POINT('',(0.469048046788365,1.4707062392275,1.13436487707288));
#3783=CARTESIAN_POINT('',(0.449423746951985,1.46860137916206,1.13459322466108));
#3784=CARTESIAN_POINT('',(0.447535060986322,1.61702767695497,1.09105639140902));
#3785=CARTESIAN_POINT('',(0.447033189285597,1.62031795967327,1.11023333705656));
#3786=CARTESIAN_POINT('',(0.427777250954421,1.61789250630078,1.1107007760056));
#3787=CARTESIAN_POINT('',(0.427938533644683,1.7336744782998,1.05898622246147));
#3788=CARTESIAN_POINT('',(0.426999819536237,1.73911559905958,1.07717594881709));
#3789=CARTESIAN_POINT('',(0.408233457710669,1.73644781808265,1.07803858875256));
#3790=CARTESIAN_POINT('',(0.412655478943643,1.81890110021325,1.02636906337631));
#3791=CARTESIAN_POINT('',(0.411350165655843,1.82599451373153,1.04351628794823));
#3792=CARTESIAN_POINT('',(0.392987284713426,1.82336829309216,1.04467994952217));
#3793=CARTESIAN_POINT('',(0.39716563853985,1.90073638613281,0.987243269880502));
#3794=CARTESIAN_POINT('',(0.395654088242335,1.90855136608236,1.00379770971128));
#3795=CARTESIAN_POINT('',(0.377530479154292,1.9059253452802,1.0051123894048));
#3796=CARTESIAN_POINT('',(0.375798210141821,2.00777338010518,0.930230135216677));
#3797=CARTESIAN_POINT('',(0.373998739692608,2.01637995457098,0.945946953181719));
#3798=CARTESIAN_POINT('',(0.356223026127273,2.01393034413811,0.947431238773457));
#3799=CARTESIAN_POINT('',(0.348965754684859,2.1341505207586,0.849015806337888));
#3800=CARTESIAN_POINT('',(0.347115483398738,2.14289380334784,0.86441605914426));
#3801=CARTESIAN_POINT('',(0.329392599360162,2.14137012967501,0.865447495855666));
#3802=CARTESIAN_POINT('',(0.31137437915311,2.28087054815024,0.743500665745481));
#3803=CARTESIAN_POINT('',(0.308673746293139,2.28910156401134,0.757683878249676));
#3804=CARTESIAN_POINT('',(0.292330895832897,2.28679855830447,0.759429818739201));
#3805=CARTESIAN_POINT('',(0.262959355288033,2.42061236815289,0.634701332436084));
#3806=CARTESIAN_POINT('',(0.259744126294331,2.43036887350899,0.64751933083681));
#3807=CARTESIAN_POINT('',(0.243971754967411,2.42676660188279,0.65037106831702));
#3808=CARTESIAN_POINT('',(0.228815724116752,2.53557317063281,0.541673703919963));
#3809=CARTESIAN_POINT('',(0.225901227664506,2.54607362204444,0.554576616137991));
#3810=CARTESIAN_POINT('',(0.209532201321134,2.54280334944495,0.557225391634756));
#3811=CARTESIAN_POINT('',(0.206644557862917,2.62706810212131,0.466241674584875));
#3812=CARTESIAN_POINT('',(0.204239363865638,2.63802477296692,0.479611595293952));
#3813=CARTESIAN_POINT('',(0.187099399171575,2.63545308714873,0.48171781398159));
#3814=CARTESIAN_POINT('',(0.193680717087529,2.69542352196416,0.409106175951556));
#3815=CARTESIAN_POINT('',(0.191821505755797,2.70713422320677,0.422802084255977));
#3816=CARTESIAN_POINT('',(0.173913961089861,2.70503557796511,0.424534179034631));
#3817=CARTESIAN_POINT('',(0.185621682883164,2.76357244680633,0.351337243365472));
#3818=CARTESIAN_POINT('',(0.184632028252299,2.77658320914055,0.36530041229369));
#3819=CARTESIAN_POINT('',(0.16562530407964,2.77487356198237,0.366722556735613));
#3820=CARTESIAN_POINT('',(0.185545542029195,2.83070635386537,0.292784527884288));
#3821=CARTESIAN_POINT('',(0.186738159522668,2.84553783412586,0.307844249559197));
#3822=CARTESIAN_POINT('',(0.165523604075874,2.84519886359823,0.308130931274947));
#3823=CARTESIAN_POINT('',(0.194739042915117,2.88782310448258,0.242883139194171));
#3824=CARTESIAN_POINT('',(0.197833678972133,2.90260007657559,0.260019382296429));
#3825=CARTESIAN_POINT('',(0.175136837377136,2.90477088889494,0.258198692517134));
#3826=CARTESIAN_POINT('',(0.206287373892149,2.9336881469942,0.203247477602447));
#3827=CARTESIAN_POINT('',(0.210301076382512,2.94828570742656,0.221571104921699));
#3828=CARTESIAN_POINT('',(0.18699914896664,2.95188304870181,0.218538878815262));
#3829=CARTESIAN_POINT('',(0.216269293133253,2.9685404275198,0.173586741619127));
#3830=CARTESIAN_POINT('',(0.220492472223741,2.9830638188358,0.192220078731228));
#3831=CARTESIAN_POINT('',(0.197070779212653,2.98703857584174,0.18885985456644));
#3832=CARTESIAN_POINT('',(0.22459221338029,2.99835035341706,0.148803122968697));
#3833=CARTESIAN_POINT('',(0.22829894157273,3.01256847895903,0.167248025748971));
#3834=CARTESIAN_POINT('',(0.20521853434287,3.01632854805704,0.164060217853089));
#3835=CARTESIAN_POINT('',(0.22985719019969,3.02362804646143,0.128792055686543));
#3836=CARTESIAN_POINT('',(0.232219324587769,3.03758833654306,0.146018967023199));
#3837=CARTESIAN_POINT('',(0.210119236099674,3.03992312993755,0.144035215404074));
#3838=CARTESIAN_POINT('',(0.232339161881204,3.04302383332593,0.113633572878966));
#3839=CARTESIAN_POINT('',(0.233538962172948,3.0565240780845,0.12992281595707));
#3840=CARTESIAN_POINT('',(0.21239916536566,3.05776668711303,0.128864885276672));
#3841=CARTESIAN_POINT('',(0.233202722239581,3.05916115290733,0.100880344665898));
#3842=CARTESIAN_POINT('',(0.233605971162307,3.07231659866199,0.116471885507932));
#3843=CARTESIAN_POINT('',(0.213204267938098,3.07275093387804,0.116101247578728));
#3844=CARTESIAN_POINT('',(0.233260750297725,3.0720240965564,0.0906113552887086));
#3845=CARTESIAN_POINT('',(0.233121920743442,3.08489387215255,0.105738294302463));
#3846=CARTESIAN_POINT('',(0.213258996149961,3.08479852915403,0.105819638652225));
#3847=CARTESIAN_POINT('',(0.233023005285316,3.08162700663184,0.082873439431941));
#3848=CARTESIAN_POINT('',(0.232540625109109,3.09426803084608,0.0977295557797722));
#3849=CARTESIAN_POINT('',(0.21303539203424,3.09386200630591,0.0980764422749858));
#3850=CARTESIAN_POINT('',(0.232625633008338,3.08955603268982,0.0764128010168065));
#3851=CARTESIAN_POINT('',(0.231907841569189,3.10205696289901,0.0910526039136656));
#3852=CARTESIAN_POINT('',(0.2126576791885,3.10143155535337,0.0915889987784972));
#3853=CARTESIAN_POINT('',(0.232213057095355,3.09584099101443,0.0712452265256906));
#3854=CARTESIAN_POINT('',(0.23134126667422,3.10822249859024,0.0857769689191452));
#3855=CARTESIAN_POINT('',(0.21226218455686,3.10745205851652,0.086437483926579));
#3856=CARTESIAN_POINT('',(0.231921637902427,3.09973612813059,0.0680043707326924));
#3857=CARTESIAN_POINT('',(0.230957478213943,3.1121755588217,0.0823249038181808));
#3858=CARTESIAN_POINT('',(0.211981349717744,3.11134316727458,0.0830499997992723));
#3859=CARTESIAN_POINT('',(0.231705605772455,3.10241317023343,0.0656958593066277));
#3860=CARTESIAN_POINT('',(0.230672994233975,3.11502989623869,0.0798078621875755));
#3861=CARTESIAN_POINT('',(0.211772301072167,3.11417648734301,0.080578829479618));
#3862=CARTESIAN_POINT('',(0.231581765450782,3.10389940495626,0.0643343377909343));
#3863=CARTESIAN_POINT('',(0.230480473353496,3.11698368168823,0.0778370564187774));
#3864=CARTESIAN_POINT('',(0.211652225602046,3.11617073267826,0.0786255587102179));
#3865=CARTESIAN_POINT('',(0.231488647553628,3.10499470625333,0.0632933543998852));
#3866=CARTESIAN_POINT('',(0.230344915476404,3.11833876803282,0.0766750190279967));
#3867=CARTESIAN_POINT('',(0.211561818520667,3.11754365197806,0.0774932387955918));
#3868=CARTESIAN_POINT('',(0.231406347281806,3.10594567503747,0.0621040215969385));
#3869=CARTESIAN_POINT('',(0.230004375705996,3.12204643516959,0.0714223974794362));
#3870=CARTESIAN_POINT('',(0.211481813222041,3.12165822615571,0.072131051606867));
#3871=CARTESIAN_POINT('',(0.23131505890311,3.10698652220549,0.0602595500398735));
#3872=CARTESIAN_POINT('',(0.229872760055102,3.12327506625049,0.0687948200641584));
#3873=CARTESIAN_POINT('',(0.211392981338106,3.12292205040979,0.0694584119550092));
#3874=CARTESIAN_POINT('',(0.231175721158889,3.10854738395137,0.0569350673420157));
#3875=CARTESIAN_POINT('',(0.229595321801823,3.12601589738174,0.0628456963093211));
#3876=CARTESIAN_POINT('',(0.211257203534934,3.12587262582454,0.0633548516475112));
#3877=CARTESIAN_POINT('',(0.231047098577183,3.10994920441499,0.0519621823276131));
#3878=CARTESIAN_POINT('',(0.229390795888439,3.12791133109417,0.055178174251488));
#3879=CARTESIAN_POINT('',(0.211131565234968,3.12787193128904,0.0554674560436632));
#3880=CARTESIAN_POINT('',(0.231014147134958,3.11030415102087,0.0477535978283569));
#3881=CARTESIAN_POINT('',(0.229335041952533,3.12843797146392,0.048908252826497));
#3882=CARTESIAN_POINT('',(0.211099338533612,3.12843347148803,0.0490144625198255));
#3883=CARTESIAN_POINT('',(0.231008854703159,3.1103612679855,0.045675068295887));
#3884=CARTESIAN_POINT('',(0.229327202913971,3.12850998475827,0.0461669078638107));
#3885=CARTESIAN_POINT('',(0.211094163668584,3.12850876586644,0.0462122707283485));
#3886=CARTESIAN_POINT('',(0.211094163668584,3.12850876585526,0.0462122707283492));
#3887=CARTESIAN_POINT('',(0.214638962574012,3.12850888435751,0.0462034514508709));
#3888=CARTESIAN_POINT('',(0.223396133258862,3.1266362044992,0.0461050984346492));
#3889=CARTESIAN_POINT('',(0.230424480462092,3.11664315817774,0.0458453164958974));
#3890=CARTESIAN_POINT('',(0.23100885336617,3.11036126786112,0.0456750682958889));
#3891=CARTESIAN_POINT('',(0.21109483226646,3.10850876586644,0.0462122707283492));
#3892=CARTESIAN_POINT('',(0.21109483226646,3.12850876586644,0.0418033386871474));
#3893=CARTESIAN_POINT('',(0.221042915162921,3.12850876586644,0.0418150644980884));
#3894=CARTESIAN_POINT('',(0.230104578673651,3.12012126777025,0.0419322097073044));
#3895=CARTESIAN_POINT('',(0.231009538494226,3.11035388804717,0.0420734492816476));
#3896=CARTESIAN_POINT('',(0.48067665513622,0.731961907041382,0.959426056165574));
#3897=CARTESIAN_POINT('',(0.500685629883131,0.731724281318127,0.959415674963078));
#3898=CARTESIAN_POINT('',(0.500675239514218,0.730851040033427,0.979406997727598));
#3899=CARTESIAN_POINT('',(0.481025481983903,0.761625400055836,0.960721971117455));
#3900=CARTESIAN_POINT('',(0.501038570864343,0.761392768739335,0.960707673943071));
#3901=CARTESIAN_POINT('',(0.501024086284135,0.760169286967308,0.980687756581987));
#3902=CARTESIAN_POINT('',(0.48170509074493,0.821162649258315,0.963847840678828));
#3903=CARTESIAN_POINT('',(0.50173140647987,0.820990281226455,0.963822498274696));
#3904=CARTESIAN_POINT('',(0.501704398100904,0.818809812162115,0.98380446967283));
#3905=CARTESIAN_POINT('',(0.482135322023459,0.91027555098427,0.983101982599946));
#3906=CARTESIAN_POINT('',(0.502142879839156,0.910227854527424,0.983083918132359));
#3907=CARTESIAN_POINT('',(0.50213568982585,0.90487057617807,1.00238569416854));
#3908=CARTESIAN_POINT('',(0.481633979383379,0.994504375641428,1.0043086156654));
#3909=CARTESIAN_POINT('',(0.501566286363207,0.99471240305806,1.00436884151165));
#3910=CARTESIAN_POINT('',(0.50163319010469,0.990640890779185,1.02393183210407));
#3911=CARTESIAN_POINT('',(0.479797014520436,1.07747645299872,1.01508470888494));
#3912=CARTESIAN_POINT('',(0.499740884971032,1.07814811995363,1.01513527105886));
#3913=CARTESIAN_POINT('',(0.499788701239864,1.07720149745768,1.03512875869202));
#3914=CARTESIAN_POINT('',(0.476144791160914,1.16291706370344,1.0146872374201));
#3915=CARTESIAN_POINT('',(0.49614326755734,1.16400847250611,1.01465789654765));
#3916=CARTESIAN_POINT('',(0.496118468690286,1.1645370598818,1.03467467649073));
#3917=CARTESIAN_POINT('',(0.468737811101999,1.27893687126902,1.01210202126679));
#3918=CARTESIAN_POINT('',(0.488712501313846,1.28056676189874,1.01207175905672));
#3919=CARTESIAN_POINT('',(0.488673764542949,1.28098708438936,1.03209654608953));
#3920=CARTESIAN_POINT('',(0.457394341450919,1.39406655564721,1.00835994734757));
#3921=CARTESIAN_POINT('',(0.477347362683063,1.39667383871329,1.00820073813734));
#3922=CARTESIAN_POINT('',(0.477273515308674,1.39757731403153,1.02836417093203));
#3923=CARTESIAN_POINT('',(0.44296892288863,1.50505826878577,0.993481103490689));
#3924=CARTESIAN_POINT('',(0.463235145720377,1.50791180718606,0.992983501275162));
#3925=CARTESIAN_POINT('',(0.462786532998107,1.51125646323618,1.0131888600595));
#3926=CARTESIAN_POINT('',(0.430861655782808,1.58771840113313,0.976379553410143));
#3927=CARTESIAN_POINT('',(0.451286623582205,1.59087859207596,0.975664884246764));
#3928=CARTESIAN_POINT('',(0.450632579002391,1.59519785589618,0.995892030201123));
#3929=CARTESIAN_POINT('',(0.417646049808181,1.66856595267074,0.955111864334417));
#3930=CARTESIAN_POINT('',(0.438381957812157,1.67197043186278,0.954002486151178));
#3931=CARTESIAN_POINT('',(0.437375798728613,1.67807235737711,0.97414928107519));
#3932=CARTESIAN_POINT('',(0.403801785020352,1.7478477877083,0.923959677734951));
#3933=CARTESIAN_POINT('',(0.424865674409522,1.75115009005194,0.922610739550833));
#3934=CARTESIAN_POINT('',(0.423495931299629,1.75889596618273,0.942474767205558));
#3935=CARTESIAN_POINT('',(0.389126571853169,1.82825009719163,0.892359325580126));
#3936=CARTESIAN_POINT('',(0.41025379121558,1.83179869969389,0.890874094000546));
#3937=CARTESIAN_POINT('',(0.40878628265893,1.83966504947265,0.910819001792755));
#3938=CARTESIAN_POINT('',(0.369301624255855,1.92925738790852,0.843347190527722));
#3939=CARTESIAN_POINT('',(0.39093485556158,1.93324231069631,0.841017016349354));
#3940=CARTESIAN_POINT('',(0.388917077004159,1.94344755928911,0.860599417701979));
#3941=CARTESIAN_POINT('',(0.344288891870368,2.04823550591184,0.763978735012277));
#3942=CARTESIAN_POINT('',(0.3665624462745,2.05172697371877,0.76140736138508));
#3943=CARTESIAN_POINT('',(0.363837379304418,2.06431082482649,0.780083221395805));
#3944=CARTESIAN_POINT('',(0.3140428335736,2.18402051752138,0.659406443178763));
#3945=CARTESIAN_POINT('',(0.336431931977183,2.18887692021976,0.655537165704246));
#3946=CARTESIAN_POINT('',(0.333497817028109,2.20123763240573,0.675034561391486));
#3947=CARTESIAN_POINT('',(0.273735133326609,2.31548439382893,0.551668406499838));
#3948=CARTESIAN_POINT('',(0.297472939810137,2.32122304687474,0.54688761666013));
#3949=CARTESIAN_POINT('',(0.292610818235461,2.33495749319866,0.567022121416203));
#3950=CARTESIAN_POINT('',(0.23025185763011,2.44518745113611,0.442460439116463));
#3951=CARTESIAN_POINT('',(0.254192622724703,2.44837435211746,0.439748219854983));
#3952=CARTESIAN_POINT('',(0.249372958710093,2.46399218536311,0.457718172108359));
#3953=CARTESIAN_POINT('',(0.19988750200059,2.55368070301423,0.349956910954423));
#3954=CARTESIAN_POINT('',(0.223194812131136,2.55642429388486,0.347608798584621));
#3955=CARTESIAN_POINT('',(0.219262366776672,2.57169709028126,0.365150389845006));
#3956=CARTESIAN_POINT('',(0.180727539051563,2.64090775364598,0.274946418194481));
#3957=CARTESIAN_POINT('',(0.203242423802642,2.6429493208206,0.273184509243488));
#3958=CARTESIAN_POINT('',(0.20037277411441,2.65777359749211,0.290093015504835));
#3959=CARTESIAN_POINT('',(0.170049287424303,2.70688453236526,0.217898424564769));
#3960=CARTESIAN_POINT('',(0.191780408783744,2.70786822732918,0.217043374665979));
#3961=CARTESIAN_POINT('',(0.18990478998149,2.72252005955485,0.233008800695926));
#3962=CARTESIAN_POINT('',(0.164561651361578,2.7727917205877,0.160573093324227));
#3963=CARTESIAN_POINT('',(0.184993898027015,2.77211022346484,0.161164835528606));
#3964=CARTESIAN_POINT('',(0.184614135235062,2.7865128975667,0.175642377613956));
#3965=CARTESIAN_POINT('',(0.167294449871412,2.82746580564005,0.112688984027578));
#3966=CARTESIAN_POINT('',(0.185889769825135,2.82581466629871,0.11413718469987));
#3967=CARTESIAN_POINT('',(0.187230906360293,2.83862724089998,0.127717044404549));
#3968=CARTESIAN_POINT('',(0.174159223967538,2.87107690801833,0.0742109503005103));
#3969=CARTESIAN_POINT('',(0.191622027552984,2.86903269558695,0.0760201154260131));
#3970=CARTESIAN_POINT('',(0.193820956012403,2.88061238613614,0.0891865094792171));
#3971=CARTESIAN_POINT('',(0.18126322212989,2.90354362126622,0.045365931900704));
#3972=CARTESIAN_POINT('',(0.197994727900775,2.90110279957154,0.0475385332616639));
#3973=CARTESIAN_POINT('',(0.200692915378688,2.91207564037259,0.0602964421010817));
#3974=CARTESIAN_POINT('',(0.189810438006478,2.93552310490193,0.0166750978583268));
#3975=CARTESIAN_POINT('',(0.206058116738026,2.93292168529411,0.0190408889042224));
#3976=CARTESIAN_POINT('',(0.209057514539491,2.9435378684135,0.0314851533589236));
#3977=CARTESIAN_POINT('',(0.19746662368956,2.96201084628912,-0.00762160597388985));
#3978=CARTESIAN_POINT('',(0.213701916714215,2.95953258469313,-0.00537789885494765));
#3979=CARTESIAN_POINT('',(0.216690283407456,2.96992918769796,0.00715789963751197));
#3980=CARTESIAN_POINT('',(0.203519788025356,2.9857921272505,-0.0271050773164323));
#3981=CARTESIAN_POINT('',(0.220390406296898,2.98303648645975,-0.0250762953887293));
#3982=CARTESIAN_POINT('',(0.222868636559218,2.99257628353343,-0.0108492428538113));
#3983=CARTESIAN_POINT('',(0.208122048697126,3.00888928062473,-0.0401855956447853));
#3984=CARTESIAN_POINT('',(0.226352980593248,3.00563717947531,-0.0389457590884398));
#3985=CARTESIAN_POINT('',(0.227680656309881,3.01210905482575,-0.0214259621626384));
#3986=CARTESIAN_POINT('',(0.211847159705433,3.03507967842003,-0.047335830597372));
#3987=CARTESIAN_POINT('',(0.23159948804605,3.03290709675007,-0.0471837253214994));
#3988=CARTESIAN_POINT('',(0.231744972988349,3.0357271335827,-0.0272939325067403));
#3989=CARTESIAN_POINT('',(0.213154665555507,3.05962278405278,-0.0471981640867211));
#3990=CARTESIAN_POINT('',(0.233376343538665,3.05880716814314,-0.0474272030662833));
#3991=CARTESIAN_POINT('',(0.233149805160971,3.05605307192001,-0.02713845284893));
#3992=CARTESIAN_POINT('',(0.213279983893235,3.07887455624339,-0.0414688694540073));
#3993=CARTESIAN_POINT('',(0.233261420619937,3.07903437908271,-0.0414553629568562));
#3994=CARTESIAN_POINT('',(0.233283098068751,3.07145420483215,-0.022786332607427));
#3995=CARTESIAN_POINT('',(0.213020356138331,3.09363813144481,-0.0333167826075661));
#3996=CARTESIAN_POINT('',(0.232570586700611,3.09411311706092,-0.0329786371894234));
#3997=CARTESIAN_POINT('',(0.233007075807874,3.08198764430508,-0.0172668390802344));
#3998=CARTESIAN_POINT('',(0.212628942832622,3.10507458981925,-0.0210656077307782));
#3999=CARTESIAN_POINT('',(0.23170423052047,3.10545275552705,-0.02055001918637));
#4000=CARTESIAN_POINT('',(0.232595605488947,3.09005285978482,-0.00910360668971497));
#4001=CARTESIAN_POINT('',(0.21222432675991,3.11206283069802,-0.0101274418490007));
#4002=CARTESIAN_POINT('',(0.231028260467418,3.11242506927971,-0.00954460951534064));
#4003=CARTESIAN_POINT('',(0.232173446598332,3.09647180284358,0.000300745052810372));
#4004=CARTESIAN_POINT('',(0.211773414634619,3.11834726837907,-8.74131286096326E-5));
#4005=CARTESIAN_POINT('',(0.230375880811992,3.11870153424428,0.000558747219657678));
#4006=CARTESIAN_POINT('',(0.231706309802,3.10249151180488,0.00980965218859944));
#4007=CARTESIAN_POINT('',(0.211262132055582,3.12662176834648,0.0193874589581765));
#4008=CARTESIAN_POINT('',(0.229543230825718,3.12663961464341,0.0197137316130517));
#4009=CARTESIAN_POINT('',(0.231180271773042,3.10856245589594,0.0236879355966862));
#4010=CARTESIAN_POINT('',(0.211111841565361,3.12826531112043,0.0322361847155815));
#4011=CARTESIAN_POINT('',(0.229352927221781,3.12827536958435,0.0324542229511041));
#4012=CARTESIAN_POINT('',(0.231026934238731,3.11016614828429,0.0348440709724921));
#4013=CARTESIAN_POINT('',(0.211094232573676,3.12850876586644,0.041803338333729));
#4014=CARTESIAN_POINT('',(0.22932723008194,3.12850985915316,0.0418463017270786));
#4015=CARTESIAN_POINT('',(0.231008925173752,3.11036050744949,0.0423121123533406));
#4016=CARTESIAN_POINT('',(0.500886320751792,0.748708303452727,0.980285073253059));
#4017=CARTESIAN_POINT('',(0.500872280310293,0.747514603362874,0.974211299868413));
#4018=CARTESIAN_POINT('',(0.494377441903638,0.751919620371725,0.96268200581913));
#4019=CARTESIAN_POINT('',(0.485304584185566,0.760931859604105,0.960946777320615));
#4020=CARTESIAN_POINT('',(0.481061599943723,0.765365629655709,0.961237373334919));
#4021=CARTESIAN_POINT('',(0.354088109903764,-0.889097482971058,0.971392842446835));
#4022=CARTESIAN_POINT('',(0.354093554194524,-0.888746759290792,0.951401365127902));
#4023=CARTESIAN_POINT('',(0.374085700697606,-0.889057002251406,0.951395921019376));
#4024=CARTESIAN_POINT('',(0.356927446262731,-0.70618614679875,0.974602549972099));
#4025=CARTESIAN_POINT('',(0.356932537377249,-0.705858174738756,0.954610293033962));
#4026=CARTESIAN_POINT('',(0.376925037052698,-0.706170175820799,0.95460519844873));
#4027=CARTESIAN_POINT('',(0.361187009614487,-0.431814884439676,0.978989326191803));
#4028=CARTESIAN_POINT('',(0.361191594353894,-0.431519007606748,0.958995804862921));
#4029=CARTESIAN_POINT('',(0.381184595022816,-0.431837602995586,0.9589912412633));
#4030=CARTESIAN_POINT('',(0.366865076810498,-0.0659465776753398,0.982443592656562));
#4031=CARTESIAN_POINT('',(0.366866891399939,-0.0658305538697478,0.962445323570633));
#4032=CARTESIAN_POINT('',(0.386862676581486,-0.0661472627988569,0.962443578719568));
#4033=CARTESIAN_POINT('',(0.370418222649828,0.162737082965971,0.982443650888595));
#4034=CARTESIAN_POINT('',(0.37041703871407,0.162663420363521,0.962442327193508));
#4035=CARTESIAN_POINT('',(0.390415786511745,0.162346817941472,0.962443607104428));
#4036=CARTESIAN_POINT('',(0.373252268215599,0.345741376225333,0.980833456557831));
#4037=CARTESIAN_POINT('',(0.373248818895436,0.345514665636727,0.960831033741498));
#4038=CARTESIAN_POINT('',(0.393249905691474,0.345204851609375,0.960834546609431));
#4039=CARTESIAN_POINT('',(0.375404306174968,0.483051454902514,0.97899402829708));
#4040=CARTESIAN_POINT('',(0.375399076630333,0.482731712658784,0.958991798991672));
#4041=CARTESIAN_POINT('',(0.395401718769107,0.482409599060222,0.95899704769855));
#4042=CARTESIAN_POINT('',(0.377449237022493,0.620303521633176,0.976707662143996));
#4043=CARTESIAN_POINT('',(0.377447347449773,0.620102868452992,0.95670498798251));
#4044=CARTESIAN_POINT('',(0.39744773867416,0.619860349247301,0.956706542651897));
#4045=CARTESIAN_POINT('',(0.378444692522674,0.734383691017435,0.978567194690149));
#4046=CARTESIAN_POINT('',(0.378452029953181,0.73502845012515,0.958575016712689));
#4047=CARTESIAN_POINT('',(0.398444646298144,0.734922099186325,0.958568468071485));
#4048=CARTESIAN_POINT('',(0.378481273836469,0.825290803158349,0.985490764288496));
#4049=CARTESIAN_POINT('',(0.378479979900285,0.827799830056563,0.965599000987683));
#4050=CARTESIAN_POINT('',(0.398481350920519,0.827840327817479,0.96559809472267));
#4051=CARTESIAN_POINT('',(0.378044341564177,0.89294321133807,0.999632807095074));
#4052=CARTESIAN_POINT('',(0.377994948707102,0.898086190052586,0.980231925595043));
#4053=CARTESIAN_POINT('',(0.398043501320267,0.898251018583878,0.980272137789676));
#4054=CARTESIAN_POINT('',(0.377058866724325,0.960399064815355,1.01661464747915));
#4055=CARTESIAN_POINT('',(0.37696651223053,0.964979748808301,0.997043696058008));
#4056=CARTESIAN_POINT('',(0.397055503334594,0.965324645277246,0.997130191441798));
#4057=CARTESIAN_POINT('',(0.374880801119741,1.05062745175057,1.03449016715629));
#4058=CARTESIAN_POINT('',(0.374794762746147,1.05265381640729,1.01441407192968));
#4059=CARTESIAN_POINT('',(0.394870916463201,1.05336228748212,1.01450709671923));
#4060=CARTESIAN_POINT('',(0.370237112099893,1.16419442521844,1.03512452189021));
#4061=CARTESIAN_POINT('',(0.370287623389326,1.16305652132225,1.01517041932792));
#4062=CARTESIAN_POINT('',(0.390210489600235,1.1642189403159,1.01512089610859));
#4063=CARTESIAN_POINT('',(0.360906774345239,1.29907031896296,1.03156334705566));
#4064=CARTESIAN_POINT('',(0.360936027649437,1.29873914730493,1.01159428228626));
#4065=CARTESIAN_POINT('',(0.380838731810909,1.30044105677511,1.01157097822287));
#4066=CARTESIAN_POINT('',(0.347227481573559,1.43336824507516,1.02506416077591));
#4067=CARTESIAN_POINT('',(0.347481777079333,1.43097714176954,1.00536802253096));
#4068=CARTESIAN_POINT('',(0.367090541919241,1.43371583187231,1.00511656337228));
#4069=CARTESIAN_POINT('',(0.332013807884682,1.5441836887854,1.00618761062727));
#4070=CARTESIAN_POINT('',(0.332614639378624,1.54009456626801,0.987200800529556));
#4071=CARTESIAN_POINT('',(0.351797659669429,1.54309095465906,0.986591093454237));
#4072=CARTESIAN_POINT('',(0.317637660481716,1.63167345894943,0.984945923852934));
#4073=CARTESIAN_POINT('',(0.318485484454466,1.62674540711753,0.96643920724157));
#4074=CARTESIAN_POINT('',(0.337344463458014,1.62998753214001,0.965586941597905));
#4075=CARTESIAN_POINT('',(0.306096862806915,1.69522782662526,0.965113025215931));
#4076=CARTESIAN_POINT('',(0.307316844725416,1.68873346609931,0.947541170483878));
#4077=CARTESIAN_POINT('',(0.325750543334311,1.69196852307372,0.946345894947368));
#4078=CARTESIAN_POINT('',(0.294117032901739,1.75664544355301,0.940309451274936));
#4079=CARTESIAN_POINT('',(0.295455051639057,1.74999353427093,0.923004566030047));
#4080=CARTESIAN_POINT('',(0.313725029948677,1.75320315974605,0.92172802435733));
#4081=CARTESIAN_POINT('',(0.281399500840193,1.8182066645743,0.916153003344574));
#4082=CARTESIAN_POINT('',(0.282856521669314,1.81131688071798,0.89906266263696));
#4083=CARTESIAN_POINT('',(0.300965659995263,1.81471038888253,0.897661895601749));
#4084=CARTESIAN_POINT('',(0.268386004427225,1.87829099377478,0.8886553290418));
#4085=CARTESIAN_POINT('',(0.270136160243299,1.87035490129571,0.872390115968391));
#4086=CARTESIAN_POINT('',(0.287915171991157,1.87368722524534,0.870731787008278));
#4087=CARTESIAN_POINT('',(0.250905948723279,1.95595664652696,0.846499088441284));
#4088=CARTESIAN_POINT('',(0.253050595319707,1.94666987631923,0.831482720115407));
#4089=CARTESIAN_POINT('',(0.270390779430491,1.94988965054,0.829489008983629));
#4090=CARTESIAN_POINT('',(0.228938242465435,2.04901590032004,0.783775431825816));
#4091=CARTESIAN_POINT('',(0.231357935588274,2.03897403232028,0.769744510898364));
#4092=CARTESIAN_POINT('',(0.248381699030141,2.04196991429552,0.767569207028146));
#4093=CARTESIAN_POINT('',(0.202491930655769,2.15622765034372,0.702625852250394));
#4094=CARTESIAN_POINT('',(0.205065361773535,2.14606384542466,0.68902747500891));
#4095=CARTESIAN_POINT('',(0.221879451775675,2.14880226191351,0.68688071445866));
#4096=CARTESIAN_POINT('',(0.176061424677977,2.26145206268482,0.618287270769457));
#4097=CARTESIAN_POINT('',(0.178509614668641,2.2512017301905,0.60463573318983));
#4098=CARTESIAN_POINT('',(0.195517885435103,2.25341076948593,0.602820532007269));
#4099=CARTESIAN_POINT('',(0.153044137135193,2.36616690163949,0.531783630967017));
#4100=CARTESIAN_POINT('',(0.155262702315491,2.35547831667329,0.518054508198609));
#4101=CARTESIAN_POINT('',(0.172629317980913,2.35737174874845,0.516464267060255));
#4102=CARTESIAN_POINT('',(0.132353282021993,2.47012819354357,0.444307572449904));
#4103=CARTESIAN_POINT('',(0.134427910707744,2.45915020730073,0.430542661785559));
#4104=CARTESIAN_POINT('',(0.152007108689599,2.46089851800835,0.429058611790664));
#4105=CARTESIAN_POINT('',(0.114052800869279,2.57401954274444,0.3561236336464));
#4106=CARTESIAN_POINT('',(0.115879882086656,2.56281662300656,0.342144018548752));
#4107=CARTESIAN_POINT('',(0.133794650404417,2.56422460469039,0.340936489856041));
#4108=CARTESIAN_POINT('',(0.101261408523318,2.66060522618081,0.282067536240083));
#4109=CARTESIAN_POINT('',(0.102836343120826,2.64905354890924,0.267944142646921));
#4110=CARTESIAN_POINT('',(0.12108233644515,2.6502337456215,0.26692554846654));
#4111=CARTESIAN_POINT('',(0.0930951002053156,2.73004077979656,0.22243538964881));
#4112=CARTESIAN_POINT('',(0.0943677847680559,2.71803676872259,0.208201087975181));
#4113=CARTESIAN_POINT('',(0.112985617287814,2.71903673475543,0.207332651079369));
#4114=CARTESIAN_POINT('',(0.0882597401846867,2.78223814365408,0.177493835696393));
#4115=CARTESIAN_POINT('',(0.0892164457118606,2.76998792704794,0.162996257874214));
#4116=CARTESIAN_POINT('',(0.108203269716107,2.77064454148478,0.162422647749962));
#4117=CARTESIAN_POINT('',(0.0851795392190286,2.83473489417771,0.132254002094115));
#4118=CARTESIAN_POINT('',(0.0856614383817442,2.82210278450255,0.117394383162499));
#4119=CARTESIAN_POINT('',(0.105170895831657,2.82229495599312,0.117225410365136));
#4120=CARTESIAN_POINT('',(0.0842723454923502,2.88710069431218,0.0868378937318211));
#4121=CARTESIAN_POINT('',(0.0842386793827948,2.87408148120958,0.0716129499773955));
#4122=CARTESIAN_POINT('',(0.104277838386854,2.87380794245519,0.0718509842674034));
#4123=CARTESIAN_POINT('',(0.0852923495882486,2.93054913503314,0.0487427323864844));
#4124=CARTESIAN_POINT('',(0.0847917283424237,2.91694003936193,0.0333850205400745));
#4125=CARTESIAN_POINT('',(0.105281723033484,2.91640538862038,0.033871178903692));
#4126=CARTESIAN_POINT('',(0.0871036541513877,2.96498869118612,0.0180051488432488));
#4127=CARTESIAN_POINT('',(0.0862543445289485,2.95115072830054,0.00250436436477152));
#4128=CARTESIAN_POINT('',(0.107066711675984,2.95037274658026,0.00319849549447386));
#4129=CARTESIAN_POINT('',(0.0889149207904525,2.99079354979628,-0.00507388493183393));
#4130=CARTESIAN_POINT('',(0.0877926487500255,2.976828856703,-0.0210659738162953));
#4131=CARTESIAN_POINT('',(0.10885364545339,2.97590796502108,-0.0202142318924169));
#4132=CARTESIAN_POINT('',(0.0910458345968152,3.01526158235836,-0.0206331518143053));
#4133=CARTESIAN_POINT('',(0.0902163445237721,3.00670051028612,-0.0399192666330261));
#4134=CARTESIAN_POINT('',(0.11095904052501,3.00516770945932,-0.0391845041034086));
#4135=CARTESIAN_POINT('',(0.0933147551880816,3.03776635235077,-0.0264822863499994));
#4136=CARTESIAN_POINT('',(0.0929431521137346,3.034337681977,-0.0466873886157436));
#4137=CARTESIAN_POINT('',(0.113205226152065,3.03231160184435,-0.0463294039307298));
#4138=CARTESIAN_POINT('',(0.0952034252243115,3.05508598173528,-0.0275272216476213));
#4139=CARTESIAN_POINT('',(0.0953305956189809,3.05632058940956,-0.0475910905081655));
#4140=CARTESIAN_POINT('',(0.115077768353199,3.05416495085956,-0.047726985070267));
#4141=CARTESIAN_POINT('',(0.0968498358190279,3.06928941993343,-0.0245150959143129));
#4142=CARTESIAN_POINT('',(0.0975256611556401,3.07507708030051,-0.043084188631927));
#4143=CARTESIAN_POINT('',(0.116712827669592,3.07306562985278,-0.0437292077236767));
#4144=CARTESIAN_POINT('',(0.0980967432059716,3.07971063415335,-0.0196097959530816));
#4145=CARTESIAN_POINT('',(0.0992384812441379,3.08918970661935,-0.0360094936291711));
#4146=CARTESIAN_POINT('',(0.11795266993386,3.08753509396952,-0.0370042640399464));
#4147=CARTESIAN_POINT('',(0.0992208621881914,3.08894768133297,-0.0125153487371689));
#4148=CARTESIAN_POINT('',(0.100936772543257,3.10292693305194,-0.0245981678099963));
#4149=CARTESIAN_POINT('',(0.119071303800433,3.10207172397945,-0.0257200485345897));
#4150=CARTESIAN_POINT('',(0.100029508954239,3.095471963863,-0.00298391029654488));
#4151=CARTESIAN_POINT('',(0.101905776422071,3.11056764084674,-0.0125663887706802));
#4152=CARTESIAN_POINT('',(0.119876833788778,3.10993668330543,-0.0135615251334182));
#4153=CARTESIAN_POINT('',(0.100780121934994,3.10148242606724,0.00681286939474889));
#4154=CARTESIAN_POINT('',(0.102696492337886,3.11678188365931,-0.00243718600529457));
#4155=CARTESIAN_POINT('',(0.120625022964902,3.116200416082,-0.00342152816851804));
#4156=CARTESIAN_POINT('',(0.101283651169038,3.10549115458045,0.0143939774660361));
#4157=CARTESIAN_POINT('',(0.103324304517235,3.12171014342271,0.00710483656179783));
#4158=CARTESIAN_POINT('',(0.121127179905151,3.12136265333829,0.00627692093192665));
#4159=CARTESIAN_POINT('',(0.101640430683877,3.10832164902931,0.0225698118805218));
#4160=CARTESIAN_POINT('',(0.103790181209056,3.12536082284554,0.0180690664522764));
#4161=CARTESIAN_POINT('',(0.121483123290889,3.12523311861354,0.0175266647497256));
#4162=CARTESIAN_POINT('',(0.101865172699265,3.11010112043608,0.0311747895787685));
#4163=CARTESIAN_POINT('',(0.104053366119336,3.12741838826891,0.0283537886563066));
#4164=CARTESIAN_POINT('',(0.121707392719123,3.12736868718444,0.0280058858438616));
#4165=CARTESIAN_POINT('',(0.101987043276012,3.11106500965238,0.0397901716945741));
#4166=CARTESIAN_POINT('',(0.104196969315542,3.12854090870062,0.0386985677123884));
#4167=CARTESIAN_POINT('',(0.121829025298427,3.1285366376415,0.0385634198889742));
#4168=CARTESIAN_POINT('',(0.101996115979634,3.11113677499509,0.0471290690940512));
#4169=CARTESIAN_POINT('',(0.104215617766321,3.12868738289529,0.047728653728271));
#4170=CARTESIAN_POINT('',(0.121838080144166,3.12870473282062,0.0478031141758817));
#4171=CARTESIAN_POINT('',(0.10189596014768,3.1103446150514,0.0528927819897085));
#4172=CARTESIAN_POINT('',(0.104072359022056,3.12756530894268,0.0565333497439623));
#4173=CARTESIAN_POINT('',(0.121738120158162,3.12748831743485,0.0569808049439908));
#4174=CARTESIAN_POINT('',(0.101769580531257,3.10934431717001,0.0564335970638292));
#4175=CARTESIAN_POINT('',(0.103879087737647,3.12604965344563,0.0621037749656463));
#4176=CARTESIAN_POINT('',(0.121612000248037,3.12583005314748,0.062776983733489));
#4177=CARTESIAN_POINT('',(0.101632951035096,3.10826175365307,0.0591356912295195));
#4178=CARTESIAN_POINT('',(0.103676339758127,3.12445915532943,0.066375871664034));
#4179=CARTESIAN_POINT('',(0.121475669762546,3.12410264371247,0.0672071450383773));
#4180=CARTESIAN_POINT('',(0.101529728562341,3.1074432171306,0.0607768704986432));
#4181=CARTESIAN_POINT('',(0.103490122479505,3.1229942992422,0.0693957444500967));
#4182=CARTESIAN_POINT('',(0.121372683382555,3.12247308619853,0.0703389088314601));
#4183=CARTESIAN_POINT('',(0.101438502433193,3.10671924639505,0.0620463733426051));
#4184=CARTESIAN_POINT('',(0.103378084311818,3.12211625641897,0.0711694203962915));
#4185=CARTESIAN_POINT('',(0.12128167407489,3.12155374246811,0.0721602093269393));
#4186=CARTESIAN_POINT('',(0.101333559699122,3.10588597169199,0.0632166063752261));
#4187=CARTESIAN_POINT('',(0.102964028949374,3.11884049763782,0.0762894076495774));
#4188=CARTESIAN_POINT('',(0.121176987093073,3.11772094909825,0.0774675099726729));
#4189=CARTESIAN_POINT('',(0.101105645538695,3.10407440427673,0.0649547326509273));
#4190=CARTESIAN_POINT('',(0.102660523326328,3.11645087539157,0.0782534626767292));
#4191=CARTESIAN_POINT('',(0.120949653916863,3.11522767934913,0.0793766484379793));
#4192=CARTESIAN_POINT('',(0.100770922356335,3.10140700421125,0.0673688749027408));
#4193=CARTESIAN_POINT('',(0.102270068985544,3.11337680767401,0.0813626695987906));
#4194=CARTESIAN_POINT('',(0.120615871822926,3.11207228494885,0.082507547915458));
#4195=CARTESIAN_POINT('',(0.100225937003003,3.09704683182506,0.0711271123126197));
#4196=CARTESIAN_POINT('',(0.101704586816966,3.10891938773189,0.085135457540583));
#4197=CARTESIAN_POINT('',(0.120072610103177,3.10760382793909,0.0862613974962851));
#4198=CARTESIAN_POINT('',(0.0992747575547966,3.08938530303013,0.0776721304577046));
#4199=CARTESIAN_POINT('',(0.100735973843569,3.10125594672822,0.0917713246779816));
#4200=CARTESIAN_POINT('',(0.119124945335054,3.09995182017342,0.0928908565598365));
#4201=CARTESIAN_POINT('',(0.0979354619916333,3.07841754566683,0.0870128619106982));
#4202=CARTESIAN_POINT('',(0.0993660404404488,3.09029568329936,0.101117951609074));
#4203=CARTESIAN_POINT('',(0.117792011149009,3.08901806520257,0.102208682338797));
#4204=CARTESIAN_POINT('',(0.0963722374396338,3.06522158095826,0.0982077080458724));
#4205=CARTESIAN_POINT('',(0.0977572627146734,3.0771270708849,0.112371280965474));
#4206=CARTESIAN_POINT('',(0.116238326799894,3.07588836350971,0.113427886498866));
#4207=CARTESIAN_POINT('',(0.0948655673111666,3.05199560974939,0.109394775450875));
#4208=CARTESIAN_POINT('',(0.0961954901478146,3.06393812073096,0.123608654616257));
#4209=CARTESIAN_POINT('',(0.11474279635887,3.06274791785058,0.124621971166098));
#4210=CARTESIAN_POINT('',(0.0929474838998909,3.03432239931253,0.124302610834701));
#4211=CARTESIAN_POINT('',(0.0941904157356446,3.04631590261952,0.138605165176403));
#4212=CARTESIAN_POINT('',(0.112841227625361,3.04521248241204,0.139542879428135));
#4213=CARTESIAN_POINT('',(0.0907482022158576,3.01216218842624,0.142925896937571));
#4214=CARTESIAN_POINT('',(0.0918595987151256,3.0242313033183,0.157359235995641));
#4215=CARTESIAN_POINT('',(0.110664725172707,3.02326466756294,0.158178911718472));
#4216=CARTESIAN_POINT('',(0.0877559119949007,2.97656872392272,0.172710672247236));
#4217=CARTESIAN_POINT('',(0.0886112011463624,2.9887540739685,0.187414769342836));
#4218=CARTESIAN_POINT('',(0.107709126098683,2.98808109253689,0.187983401891869));
#4219=CARTESIAN_POINT('',(0.0851763891070456,2.93194472271773,0.209843961186259));
#4220=CARTESIAN_POINT('',(0.0856467055267326,2.94428281414052,0.224962053985637));
#4221=CARTESIAN_POINT('',(0.10516742425515,2.94407167398701,0.225139372954536));
#4222=CARTESIAN_POINT('',(0.0842550431375209,2.87827795584805,0.254260560196975));
#4223=CARTESIAN_POINT('',(0.0842100729200552,2.89092000091229,0.269823382638667));
#4224=CARTESIAN_POINT('',(0.104261168549476,2.89120572380229,0.269583062316932));
#4225=CARTESIAN_POINT('',(0.0860406258670043,2.80661831005774,0.313283943136668));
#4226=CARTESIAN_POINT('',(0.0852579714130705,2.8193390961853,0.329737625773155));
#4227=CARTESIAN_POINT('',(0.106016639800248,2.82064821733973,0.328643495103636));
#4228=CARTESIAN_POINT('',(0.0938407873777723,2.71725564407664,0.386680032452097));
#4229=CARTESIAN_POINT('',(0.0923358428685264,2.73026215129529,0.403786185937829));
#4230=CARTESIAN_POINT('',(0.113714960705337,2.73231084200256,0.402089679975035));
#4231=CARTESIAN_POINT('',(0.108294370114529,2.61024089591493,0.474141924985657));
#4232=CARTESIAN_POINT('',(0.106259891025845,2.6235732436903,0.491544712583793));
#4233=CARTESIAN_POINT('',(0.128068144302233,2.6259209036938,0.489623496528879));
#4234=CARTESIAN_POINT('',(0.1262014227666,2.50326114694319,0.560580050570353));
#4235=CARTESIAN_POINT('',(0.123771214602219,2.5166702677398,0.578335789305213));
#4236=CARTESIAN_POINT('',(0.14588292535426,2.51937693471951,0.576153106238793));
#4237=CARTESIAN_POINT('',(0.146909854891418,2.39594414492996,0.64588475124146));
#4238=CARTESIAN_POINT('',(0.144196224507141,2.4093078831545,0.66395833264307));
#4239=CARTESIAN_POINT('',(0.166511679497555,2.41231320686881,0.661583852856742));
#4240=CARTESIAN_POINT('',(0.169879128386702,2.2878242667939,0.729660355881384));
#4241=CARTESIAN_POINT('',(0.166903478047932,2.30088409724009,0.748252281313248));
#4242=CARTESIAN_POINT('',(0.189382760561255,2.30441028312203,0.745552689523671));
#4243=CARTESIAN_POINT('',(0.1967757028397,2.17865107032494,0.810276512808864));
#4244=CARTESIAN_POINT('',(0.193489341763111,2.19149194087086,0.829236984830276));
#4245=CARTESIAN_POINT('',(0.216152543565292,2.19526806462302,0.826528002283378));
#4246=CARTESIAN_POINT('',(0.224395485508105,2.06788625087311,0.886763633297994));
#4247=CARTESIAN_POINT('',(0.221395138140608,2.08027653960693,0.905668787756458));
#4248=CARTESIAN_POINT('',(0.243832005767548,2.08358383161147,0.903498606008239));
#4249=CARTESIAN_POINT('',(0.251764303929276,1.95271161097605,0.956480506769669));
#4250=CARTESIAN_POINT('',(0.249310272313193,1.96332178391338,0.97594482140482));
#4251=CARTESIAN_POINT('',(0.271249028361776,1.96684699359457,0.974023729156649));
#4252=CARTESIAN_POINT('',(0.278592065841127,1.83280629449284,1.01796028990152));
#4253=CARTESIAN_POINT('',(0.276530413434887,1.84247585884922,1.03755477915008));
#4254=CARTESIAN_POINT('',(0.298147779953193,1.84559080145254,1.03607240175396));
#4255=CARTESIAN_POINT('',(0.304865065193716,1.70426321917457,1.06796333895733));
#4256=CARTESIAN_POINT('',(0.303627271424396,1.71084963203452,1.08802754184744));
#4257=CARTESIAN_POINT('',(0.32450767537089,1.71370928360153,1.08722264890254));
#4258=CARTESIAN_POINT('',(0.328012801322222,1.572638637177,1.0978678059997));
#4259=CARTESIAN_POINT('',(0.327426884427599,1.57651783677012,1.11804837335641));
#4260=CARTESIAN_POINT('',(0.347774566225804,1.57919583239516,1.11758863674591));
#4261=CARTESIAN_POINT('',(0.346503188342795,1.43936443142288,1.11660356650232));
#4262=CARTESIAN_POINT('',(0.34622824465779,1.44173864796119,1.13672068407102));
#4263=CARTESIAN_POINT('',(0.366362784986992,1.44393224822233,1.13649366129294));
#4264=CARTESIAN_POINT('',(0.365084980215829,1.25984972022597,1.13244817796379));
#4265=CARTESIAN_POINT('',(0.364988044824841,1.26130135179224,1.15247598523463));
#4266=CARTESIAN_POINT('',(0.385038095653482,1.26254159322744,1.15241768648115));
#4267=CARTESIAN_POINT('',(0.377218907241905,1.03307873867868,1.14385587761526));
#4268=CARTESIAN_POINT('',(0.377204467634952,1.03390349531931,1.1638569587525));
#4269=CARTESIAN_POINT('',(0.397218888608597,1.03437133215711,1.16384136551124));
#4270=CARTESIAN_POINT('',(0.379421154556818,0.758743493552384,1.15189267899413));
#4271=CARTESIAN_POINT('',(0.379425530444086,0.75922557455997,1.17188211940177));
#4272=CARTESIAN_POINT('',(0.399421804420482,0.759065075837321,1.17188803741809));
#4273=CARTESIAN_POINT('',(0.375470689519304,0.484377273272755,1.15740512016612));
#4274=CARTESIAN_POINT('',(0.375475844834212,0.484660905496377,1.17739857690313));
#4275=CARTESIAN_POINT('',(0.395467547970417,0.484322646837482,1.17740336564464));
#4276=CARTESIAN_POINT('',(0.36968610433008,0.118048600585275,1.15973907945816));
#4277=CARTESIAN_POINT('',(0.369683919133715,0.117936295020167,1.17974177114633));
#4278=CARTESIAN_POINT('',(0.389684119111822,0.117668919112492,1.17974008347581));
#4279=CARTESIAN_POINT('',(0.362628811529874,-0.339743867353821,1.15713158975056));
#4280=CARTESIAN_POINT('',(0.36262734789758,-0.339848503811066,1.1771324678755));
#4281=CARTESIAN_POINT('',(0.382626248146258,-0.340173520232045,1.17713084660922));
#4282=CARTESIAN_POINT('',(0.356929931876137,-0.706026022455586,1.15487722818265));
#4283=CARTESIAN_POINT('',(0.356927939213404,-0.706154390634397,1.17487880912007));
#4284=CARTESIAN_POINT('',(0.376927522670065,-0.706464841835709,1.17487681603779));
#4285=CARTESIAN_POINT('',(0.354087123949094,-0.889160998618185,1.15370280591438));
#4286=CARTESIAN_POINT('',(0.354085133326816,-0.889289235408291,1.17370438549818));
#4287=CARTESIAN_POINT('',(0.374084714742935,-0.889599676546919,1.17370239467701));
#4288=CARTESIAN_POINT('',(0.499473360195631,0.565398277102601,0.0478630653471687));
#4289=CARTESIAN_POINT('',(0.4994826055266,0.626867700030385,0.360537720501881));
#4290=CARTESIAN_POINT('',(0.500194788835098,0.688334085635038,0.673185526255573));
#4291=CARTESIAN_POINT('',(0.50090000926637,0.749800442176193,0.985846455474054));
#4292=CARTESIAN_POINT('',(0.4694742038318,0.594834858588122,0.0420762168964798));
#4293=CARTESIAN_POINT('',(0.469640760882996,0.656310171075606,0.354781034343069));
#4294=CARTESIAN_POINT('',(0.470565345275199,0.717783685659651,0.667476706442617));
#4295=CARTESIAN_POINT('',(0.471242735819119,0.779248126878525,0.980126225299757));
#4296=CARTESIAN_POINT('',(0.437393735184913,0.665021224343223,0.554612434557459));
#4297=CARTESIAN_POINT('',(0.166702951238615,3.07850876586644,-0.304));
#4298=CARTESIAN_POINT('',(0.148319825596178,3.07850876586644,0.0425621877448751));
#4299=CARTESIAN_POINT('',(0.148319825596178,3.07850876586644,0.0425621877448751));
#4300=CARTESIAN_POINT('',(0.148319825596178,3.07850876586644,0.0453468376469473));
#4301=CARTESIAN_POINT('',(0.183061906121711,3.07850876586644,0.0425621877448933));
#4302=CARTESIAN_POINT('',(0.183061906121711,3.07850876586644,0.0425621877448933));
#4303=CARTESIAN_POINT('',(0.183061906121711,3.07850876586644,0.0425621877448933));
#4304=CARTESIAN_POINT('',(0.183061906121711,3.07850876586644,0.0453468376469435));
#4305=CARTESIAN_POINT('',(0.183061906121711,3.07850876586644,0.0453468376469445));
#4306=CARTESIAN_POINT('',(0.184574800956542,2.81431388392283,0.268720813096199));
#4307=CARTESIAN_POINT('',(0.133764420856823,2.81431388392283,0.268720813096199));
#4308=CARTESIAN_POINT('',(0.184574800956542,2.88264199641719,0.211615775152313));
#4309=CARTESIAN_POINT('',(0.133764420856823,2.88264199641719,0.211615775152313));
#4310=CARTESIAN_POINT('',(0.184574800956542,3.00359133793457,0.109485945924683));
#4311=CARTESIAN_POINT('',(0.133764420856823,3.00359133793457,0.109485945924683));
#4312=CARTESIAN_POINT('',(0.184574800956542,3.06862472947365,0.0540127707394301));
#4313=CARTESIAN_POINT('',(0.133764420856823,3.06862472947365,0.0540127707394301));
#4314=CARTESIAN_POINT('',(0.184574800956542,3.07850876586644,0.0453468376469441));
#4315=CARTESIAN_POINT('',(0.133764420856823,3.07850876586644,0.0453468376469441));
#4316=CARTESIAN_POINT('',(0.136412550310998,2.8167557418682,0.26667982535096));
#4317=CARTESIAN_POINT('',(0.138372968926622,2.86097302067608,0.229717696392831));
#4318=CARTESIAN_POINT('',(0.150719016256567,2.92686688017647,0.174428981613464));
#4319=CARTESIAN_POINT('',(0.178444540444101,3.01254735190151,0.101567225586253));
#4320=CARTESIAN_POINT('',(0.183798993268647,3.05655154597186,0.0645980616349653));
#4321=CARTESIAN_POINT('',(0.183061906121711,3.07850876586644,0.0453468376469456));
#4322=CARTESIAN_POINT('',(0.136412550310998,2.8167557418682,0.26667982535096));
#4323=CARTESIAN_POINT('',(0.136412550310998,2.8167557418682,0.266679825350961));
#4324=CARTESIAN_POINT('',(0.134075958875505,2.86040653829568,0.230191230616583));
#4325=CARTESIAN_POINT('',(0.133999424795701,2.94750767593389,0.156578825377703));
#4326=CARTESIAN_POINT('',(0.143065654248804,3.03540183768302,0.0831412913108851));
#4327=CARTESIAN_POINT('',(0.148319825596178,3.07850876586644,0.0453468376469433));
#4328=CARTESIAN_POINT('',(0.183532315430163,3.07850876586644,0.0425621877448945));
#4329=CARTESIAN_POINT('',(0.133321812357418,3.07850876586644,0.0425621877448945));
#4330=CARTESIAN_POINT('',(0.183532315430163,3.07839942606545,0.0396452442880831));
#4331=CARTESIAN_POINT('',(0.133321812357418,3.07839942606545,0.0396452442880831));
#4332=CARTESIAN_POINT('',(0.183532315430163,3.07721801232663,0.0315114777802561));
#4333=CARTESIAN_POINT('',(0.133321812357419,3.07721801232663,0.0315114777802561));
#4334=CARTESIAN_POINT('',(0.183532315430163,3.07554001515756,0.0265949878881007));
#4335=CARTESIAN_POINT('',(0.133321812357418,3.07554001515756,0.0265949878881007));
#4336=CARTESIAN_POINT('',(0.183532315430163,3.07252349428533,0.0209933614852928));
#4337=CARTESIAN_POINT('',(0.133321812357419,3.07252349428533,0.0209933614852928));
#4338=CARTESIAN_POINT('',(0.183532315430163,3.0677627080801,0.0133273846576156));
#4339=CARTESIAN_POINT('',(0.133321812357418,3.0677627080801,0.0133273846576156));
#4340=CARTESIAN_POINT('',(0.183532315430163,3.06427578399329,0.00851081086246487));
#4341=CARTESIAN_POINT('',(0.133321812357419,3.06427578399329,0.00851081086246487));
#4342=CARTESIAN_POINT('',(0.183532315430163,3.06264393172074,0.0068543999949083));
#4343=CARTESIAN_POINT('',(0.133321812357418,3.06264393172074,0.0068543999949083));
#4344=CARTESIAN_POINT('',(0.183532315430163,3.0593602329621,0.00491524086491437));
#4345=CARTESIAN_POINT('',(0.133321812357419,3.0593602329621,0.00491524086491437));
#4346=CARTESIAN_POINT('',(0.183532315430163,3.05183973416998,0.0029055745890045));
#4347=CARTESIAN_POINT('',(0.133321812357419,3.05183973416998,0.0029055745890045));
#4348=CARTESIAN_POINT('',(0.183532315430163,3.04261678724023,0.00299641413058626));
#4349=CARTESIAN_POINT('',(0.133321812357419,3.04261678724023,0.00299641413058626));
#4350=CARTESIAN_POINT('',(0.183532315430163,3.03053534561302,0.00585016827110887));
#4351=CARTESIAN_POINT('',(0.133321812357418,3.03053534561302,0.00585016827110887));
#4352=CARTESIAN_POINT('',(0.183532315430163,3.02041567026494,0.0104742035448863));
#4353=CARTESIAN_POINT('',(0.133321812357419,3.02041567026494,0.0104742035448863));
#4354=CARTESIAN_POINT('',(0.183532315430163,3.0076884110858,0.0192793236294531));
#4355=CARTESIAN_POINT('',(0.133321812357418,3.0076884110858,0.0192793236294531));
#4356=CARTESIAN_POINT('',(0.183532315430163,2.9805870468596,0.0429273355350674));
#4357=CARTESIAN_POINT('',(0.133321812357418,2.9805870468596,0.0429273355350674));
#4358=CARTESIAN_POINT('',(0.183532315430163,2.92153794656049,0.0967186423299676));
#4359=CARTESIAN_POINT('',(0.133321812357418,2.92153794656049,0.0967186423299676));
#4360=CARTESIAN_POINT('',(0.183532315430163,2.85044097167401,0.159078427621171));
#4361=CARTESIAN_POINT('',(0.133321812357418,2.85044097167401,0.159078427621171));
#4362=CARTESIAN_POINT('',(0.183532315430163,2.81115940455026,0.193384321501339));
#4363=CARTESIAN_POINT('',(0.133321812357418,2.81115940455026,0.193384321501339));
#4364=CARTESIAN_POINT('',(0.183061906121711,3.07850876586644,0.0425621877448933));
#4365=CARTESIAN_POINT('',(0.183066712119894,3.07836559913324,0.0387428167395358));
#4366=CARTESIAN_POINT('',(0.183099584952315,3.07749651864638,0.031060025381021));
#4367=CARTESIAN_POINT('',(0.183224364992467,3.07254019237067,0.0206872859543808));
#4368=CARTESIAN_POINT('',(0.183241289093007,3.06737260510199,0.0126750736539354));
#4369=CARTESIAN_POINT('',(0.183173381282251,3.06270433701854,0.00640967632723649));
#4370=CARTESIAN_POINT('',(0.182931138495269,3.0554362719453,0.00350206130463986));
#4371=CARTESIAN_POINT('',(0.182258214810392,3.04598430694358,0.00261246421139224));
#4372=CARTESIAN_POINT('',(0.180379224379045,3.03101609180892,0.00519734866348668));
#4373=CARTESIAN_POINT('',(0.176823159028273,3.01434957558291,0.0137667674660944));
#4374=CARTESIAN_POINT('',(0.172477334225479,2.99769629022188,0.0279268262848717));
#4375=CARTESIAN_POINT('',(0.166383660032892,2.97593105283888,0.0473233595378121));
#4376=CARTESIAN_POINT('',(0.158666163736127,2.94899646256184,0.0718584241877909));
#4377=CARTESIAN_POINT('',(0.150277928826986,2.91626040018955,0.100964146414542));
#4378=CARTESIAN_POINT('',(0.1412175373544,2.87236293709363,0.139804762841891));
#4379=CARTESIAN_POINT('',(0.13740263695559,2.83908716478928,0.168980448164711));
#4380=CARTESIAN_POINT('',(0.136412550310998,2.8167557418682,0.188495341923576));
#4381=CARTESIAN_POINT('',(0.136412550310998,2.8167557418682,0.188495341923577));
#4382=CARTESIAN_POINT('',(0.148319825596178,3.07850876586644,0.0425621877448751));
#4383=CARTESIAN_POINT('',(0.148285393587114,3.07822627448125,0.035025943942127));
#4384=CARTESIAN_POINT('',(0.147881599390421,3.07492911463068,0.0240378332890875));
#4385=CARTESIAN_POINT('',(0.147002585785513,3.06758017426253,0.0131032286331895));
#4386=CARTESIAN_POINT('',(0.146478918223552,3.0631469925684,0.00681349767550626));
#4387=CARTESIAN_POINT('',(0.145666909102846,3.05618999641509,0.0036395873059793));
#4388=CARTESIAN_POINT('',(0.144608414658823,3.04688212246756,0.00258738853908656));
#4389=CARTESIAN_POINT('',(0.142992869151472,3.0320688390233,0.00485803018385427));
#4390=CARTESIAN_POINT('',(0.141290060746993,3.01521008050999,0.0130977251234324));
#4391=CARTESIAN_POINT('',(0.139759709567403,2.99837763850201,0.0273311769054857));
#4392=CARTESIAN_POINT('',(0.137980032229314,2.97641018711203,0.0468802136404931));
#4393=CARTESIAN_POINT('',(0.136227337437598,2.9491997586324,0.0716804922787793));
#4394=CARTESIAN_POINT('',(0.134914922813228,2.91620218286911,0.101015440315589));
#4395=CARTESIAN_POINT('',(0.134325343827185,2.87211178991434,0.140026527846104));
#4396=CARTESIAN_POINT('',(0.135226322214821,2.83891614199473,0.169129900874366));
#4397=CARTESIAN_POINT('',(0.136412550310998,2.8167557418682,0.188495341923576));
#4398=CARTESIAN_POINT('',(0.136412550310998,2.8167557418682,0.00125953744194112));
#4399=CARTESIAN_POINT('',(0.136412550310998,2.8167557418682,0.268262848936899));
#4400=CARTESIAN_POINT('',(0.131029298088599,2.91732242344904,0.00125953744194112));
#4401=CARTESIAN_POINT('',(0.131029298088599,2.91732242344904,0.268262848936899));
#4402=CARTESIAN_POINT('',(0.138509962135916,2.99802545999138,0.00125953744194112));
#4403=CARTESIAN_POINT('',(0.138509962135916,2.99802545999138,0.268262848936899));
#4404=CARTESIAN_POINT('',(0.148319825596178,3.07850876586644,0.00125953744194112));
#4405=CARTESIAN_POINT('',(0.148319825596178,3.07850876586644,0.268262848936899));
#4406=CARTESIAN_POINT('',(0.136412550310998,2.8167557418682,0.26667982535096));
#4407=CARTESIAN_POINT('',(0.136412550310998,2.8167557418682,0.0012879371032733));
#4408=CARTESIAN_POINT('',(0.136412550310998,2.8167557418682,0.268262679555221));
#4409=CARTESIAN_POINT('',(0.137916039453634,2.85066696780469,0.0012879371032733));
#4410=CARTESIAN_POINT('',(0.137916039453634,2.85066696780469,0.268262679555221));
#4411=CARTESIAN_POINT('',(0.147776040610367,2.91199409109957,0.00128793710327325));
#4412=CARTESIAN_POINT('',(0.147776040610367,2.91199409109957,0.268262679555221));
#4413=CARTESIAN_POINT('',(0.16553521389473,2.97256194204878,0.00128793710327327));
#4414=CARTESIAN_POINT('',(0.16553521389473,2.97256194204878,0.268262679555221));
#4415=CARTESIAN_POINT('',(0.176381069590032,3.01186408363948,0.00128793710327327));
#4416=CARTESIAN_POINT('',(0.176381069590032,3.01186408363948,0.268262679555221));
#4417=CARTESIAN_POINT('',(0.182912309137643,3.0433231315552,0.00128793710327327));
#4418=CARTESIAN_POINT('',(0.182912309137643,3.0433231315552,0.268262679555221));
#4419=CARTESIAN_POINT('',(0.183547212049377,3.06405190141804,0.00128793710327327));
#4420=CARTESIAN_POINT('',(0.183547212049377,3.06405190141804,0.268262679555221));
#4421=CARTESIAN_POINT('',(0.183061906121711,3.07850876586644,0.0012879371032733));
#4422=CARTESIAN_POINT('',(0.183061906121711,3.07850876586644,0.268262679555221));
#4423=CARTESIAN_POINT('',(-0.704503856999319,-0.503036036261205,-0.720665602762126));
#4424=MECHANICAL_DESIGN_GEOMETRIC_PRESENTATION_REPRESENTATION('',(#1570),
#4425);
#4425=(
GEOMETRIC_REPRESENTATION_CONTEXT(3)
GLOBAL_UNCERTAINTY_ASSIGNED_CONTEXT((#4427))
GLOBAL_UNIT_ASSIGNED_CONTEXT((#4431,#4430,#4429))
REPRESENTATION_CONTEXT('Assembly 1','TOP_LEVEL_ASSEMBLY_PART')
);
#4426=(
GEOMETRIC_REPRESENTATION_CONTEXT(3)
GLOBAL_UNCERTAINTY_ASSIGNED_CONTEXT((#4428))
GLOBAL_UNIT_ASSIGNED_CONTEXT((#4431,#4430,#4429))
REPRESENTATION_CONTEXT('earthing','COMPONENT_PART')
);
#4427=UNCERTAINTY_MEASURE_WITH_UNIT(LENGTH_MEASURE(3.93700787401575E-7),
#4431,'DISTANCE_ACCURACY_VALUE','Maximum Tolerance applied to model');
#4428=UNCERTAINTY_MEASURE_WITH_UNIT(LENGTH_MEASURE(0.00078740157480315),
#4431,'DISTANCE_ACCURACY_VALUE','Maximum Tolerance applied to model');
#4429=(
NAMED_UNIT(*)
SI_UNIT($,.STERADIAN.)
SOLID_ANGLE_UNIT()
);
#4430=(
NAMED_UNIT(*)
PLANE_ANGLE_UNIT()
SI_UNIT($,.RADIAN.)
);
#4431=(
CONVERSION_BASED_UNIT('INCH',#4433)
LENGTH_UNIT()
NAMED_UNIT(#4432)
);
#4432=DIMENSIONAL_EXPONENTS(1.,0.,0.,0.,0.,0.,0.);
#4433=LENGTH_MEASURE_WITH_UNIT(LENGTH_MEASURE(25.4),#4434);
#4434=(
LENGTH_UNIT()
NAMED_UNIT(*)
SI_UNIT(.MILLI.,.METRE.)
);
#4435=PRODUCT_DEFINITION_SHAPE('','',#4438);
#4436=PRODUCT_DEFINITION_SHAPE('','',#4439);
#4437=PRODUCT_DEFINITION_SHAPE(' ','NAUO PRDDFN',#11);
#4438=PRODUCT_DEFINITION('','',#4442,#4440);
#4439=PRODUCT_DEFINITION('','',#4443,#4441);
#4440=PRODUCT_DEFINITION_CONTEXT('',#4453,'design');
#4441=PRODUCT_DEFINITION_CONTEXT('',#4453,'design');
#4442=PRODUCT_DEFINITION_FORMATION_WITH_SPECIFIED_SOURCE('','',#4446,
 .NOT_KNOWN.);
#4443=PRODUCT_DEFINITION_FORMATION_WITH_SPECIFIED_SOURCE('','',#4447,
 .NOT_KNOWN.);
#4444=PRODUCT_RELATED_PRODUCT_CATEGORY('','',(#4446));
#4445=PRODUCT_RELATED_PRODUCT_CATEGORY('','',(#4447));
#4446=PRODUCT('Assembly 1','Assembly 1','Assembly 1',(#4450));
#4447=PRODUCT('earthing','earthing','earthing',(#4451));
#4448=PRODUCT_CATEGORY('','');
#4449=PRODUCT_CATEGORY('','');
#4450=PRODUCT_CONTEXT('',#4453,'mechanical');
#4451=PRODUCT_CONTEXT('',#4453,'mechanical');
#4452=APPLICATION_PROTOCOL_DEFINITION('international standard',
'ap242_managed_model_based_3d_engineering',2020,#4453);
#4453=APPLICATION_CONTEXT('managed model based 3d engineering');
ENDSEC;
END-ISO-10303-21;
